station_id,name,short_name,latitude,longitude,region_id,rental_methods,capacity,eightd_has_key_dispenser,num_bikes_available,num_bikes_disabled,num_docks_available,num_docks_disabled,is_installed,is_renting,is_returning,eightd_has_available_keys,last_reported,station_id_1,name_1,latitude_1,longitude_1,region_id_1,rental_methods_1,num_bikes_available_1,num_bikes_disabled_1
495,W 47 St & 10 Ave,6824.07,40.76269882,-73.99301222,71,"KEY, CREDITCARD",0,false,0,0,0,0,true,true,true,false,1970-01-02 00:00:00 UTC,495,W 47 St & 10 Ave,40.76269882,-73.99301222,71,"KEY, CREDITCARD",0,0
3171,Amsterdam Ave & W 82 St,7360.10,40.78524672,-73.97667321,71,"KEY, CREDITCARD",0,false,0,0,0,0,false,false,false,false,1970-01-02 00:00:00 UTC,3171,Amsterdam Ave & W 82 St,40.78524672,-73.97667321,71,"KEY, CREDITCARD",0,0
3603,31 Ave & 30 St,6857.09,40.7647,-73.9240312,71,"KEY, CREDITCARD",0,false,0,0,0,0,false,false,false,false,1970-01-02 00:00:00 UTC,3603,31 Ave & 30 St,40.7647,-73.9240312,71,"KEY, CREDITCARD",0,0
3733,Avenue C & E 18 St,5769.04,40.730563,-73.973984,71,"KEY, CREDITCARD",0,false,0,0,0,0,false,false,false,false,1970-01-02 00:00:00 UTC,3733,Avenue C & E 18 St,40.730563,-73.973984,71,"KEY, CREDITCARD",0,0
3792,Columbus Dr at Exchange Pl,JC106,40.71687,-74.03281,70,"KEY, CREDITCARD",0,false,0,0,0,0,false,false,false,false,1970-01-02 00:00:00 UTC,3792,Columbus Dr at Exchange Pl,40.71687,-74.03281,70,"KEY, CREDITCARD",0,0
4170,Webster Ave & E 166 St,8052.01,40.828975,-73.911259,71,"KEY, CREDITCARD",0,false,0,0,0,0,true,true,true,false,1970-01-02 00:00:00 UTC,4170,Webster Ave & E 166 St,40.828975,-73.911259,71,"KEY, CREDITCARD",0,0
4466,W 212 St & 10 Ave,8647.07,40.8676583895191,-73.916757255792618,71,"KEY, CREDITCARD",0,false,0,0,0,0,true,true,true,false,1970-01-02 00:00:00 UTC,4466,W 212 St & 10 Ave,40.8676583895191,-73.916757255792618,71,"KEY, CREDITCARD",0,0
4543,Folin St & E 181 St,8435.06,40.853929,-73.898385,71,"KEY, CREDITCARD",0,false,0,0,0,0,true,true,true,false,1970-01-02 00:00:00 UTC,4543,Folin St & E 181 St,40.853929,-73.898385,71,"KEY, CREDITCARD",0,0
4672,48 Ave & 31 St,6151.05,40.74133,-73.93616,71,"KEY, CREDITCARD",0,false,0,0,0,0,false,false,false,false,1970-01-02 00:00:00 UTC,4672,48 Ave & 31 St,40.74133,-73.93616,71,"KEY, CREDITCARD",0,0
4840,60 Pl & Bleecker St,5138.03,40.71119,-73.90307,71,"KEY, CREDITCARD",0,false,0,0,0,0,false,false,false,false,1970-01-02 00:00:00 UTC,4840,60 Pl & Bleecker St,40.71119,-73.90307,71,"KEY, CREDITCARD",0,0
4849,Fresh Pond Rd & 69 Ave,4945.06,40.70311,-73.89547,71,"KEY, CREDITCARD",0,false,0,0,0,0,false,false,false,false,1970-01-02 00:00:00 UTC,4849,Fresh Pond Rd & 69 Ave,40.70311,-73.89547,71,"KEY, CREDITCARD",0,0
4851,65 Pl & Central Ave,4937.03,40.70264,-73.88981,71,"KEY, CREDITCARD",0,false,0,0,0,0,false,false,false,false,1970-01-02 00:00:00 UTC,4851,65 Pl & Central Ave,40.70264,-73.88981,71,"KEY, CREDITCARD",0,0
4855,Grove St & Fresh Pond Rd,5168.04,40.71032,-73.89955,71,"KEY, CREDITCARD",0,false,0,0,0,0,false,false,false,false,1970-01-02 00:00:00 UTC,4855,Grove St & Fresh Pond Rd,40.71032,-73.89955,71,"KEY, CREDITCARD",0,0
4857,Metropolitan Ave & 65 Ln,5160.01,40.71225,-73.89111,71,"KEY, CREDITCARD",0,false,0,0,0,0,false,false,false,false,1970-01-02 00:00:00 UTC,4857,Metropolitan Ave & 65 Ln,40.71225,-73.89111,71,"KEY, CREDITCARD",0,0
4860,60 Ave & Fresh Pond Rd,5321.08,40.71693,-73.90198,71,"KEY, CREDITCARD",0,false,0,0,0,0,false,false,false,false,1970-01-02 00:00:00 UTC,4860,60 Ave & Fresh Pond Rd,40.71693,-73.90198,71,"KEY, CREDITCARD",0,0
4861,60 Pl & Flushing Ave,5431.01,40.71988,-73.90556,71,"KEY, CREDITCARD",0,false,0,0,0,0,false,false,false,false,1970-01-02 00:00:00 UTC,4861,60 Pl & Flushing Ave,40.71988,-73.90556,71,"KEY, CREDITCARD",0,0
4862,Grand Ave & 58 Ave,5471.04,40.72098,-73.90701,71,"KEY, CREDITCARD",0,false,0,0,0,0,false,false,false,false,1970-01-02 00:00:00 UTC,4862,Grand Ave & 58 Ave,40.72098,-73.90701,71,"KEY, CREDITCARD",0,0
4863,57 Rd & 58 St,5510.05,40.72235,-73.91215,71,"KEY, CREDITCARD",0,false,0,0,0,0,false,false,false,false,1970-01-02 00:00:00 UTC,4863,57 Rd & 58 St,40.72235,-73.91215,71,"KEY, CREDITCARD",0,0
4864,57 Rd & 59 St,5510.02,40.72249,-73.90854,71,"KEY, CREDITCARD",0,false,0,0,0,0,false,false,false,false,1970-01-02 00:00:00 UTC,4864,57 Rd & 59 St,40.72249,-73.90854,71,"KEY, CREDITCARD",0,0
4865,56 Dr & 59 St,5579.02,40.72403,-73.90853,71,"KEY, CREDITCARD",0,false,0,0,0,0,false,false,false,false,1970-01-02 00:00:00 UTC,4865,56 Dr & 59 St,40.72403,-73.90853,71,"KEY, CREDITCARD",0,0
4866,Fresh Pond Rd & Flushing Ave,5501.06,40.72155,-73.90295,71,"KEY, CREDITCARD",0,false,0,0,0,0,false,false,false,false,1970-01-02 00:00:00 UTC,4866,Fresh Pond Rd & Flushing Ave,40.72155,-73.90295,71,"KEY, CREDITCARD",0,0
4867,56 Dr & 61 St,5540.06,40.72368,-73.90458,71,"KEY, CREDITCARD",0,false,0,0,0,0,false,false,false,false,1970-01-02 00:00:00 UTC,4867,56 Dr & 61 St,40.72368,-73.90458,71,"KEY, CREDITCARD",0,0
4868,Grand Ave & Remsen Pl,5570.04,40.72353,-73.89967,71,"KEY, CREDITCARD",0,false,0,0,0,0,false,false,false,false,1970-01-02 00:00:00 UTC,4868,Grand Ave & Remsen Pl,40.72353,-73.89967,71,"KEY, CREDITCARD",0,0
4869,Maurice Ave & 53 Dr,5731.03,40.73028,-73.90421,71,"KEY, CREDITCARD",0,false,0,0,0,0,false,false,false,false,1970-01-02 00:00:00 UTC,4869,Maurice Ave & 53 Dr,40.73028,-73.90421,71,"KEY, CREDITCARD",0,0
4878,63 St & 59 Dr,5392.04,40.71832,-73.90128,71,"KEY, CREDITCARD",0,false,0,0,0,0,false,false,false,false,1970-01-02 00:00:00 UTC,4878,63 St & 59 Dr,40.71832,-73.90128,71,"KEY, CREDITCARD",0,0
4891,Quincy St & Malcolm X Blvd,4534.02,40.68927,-73.93017,71,"KEY, CREDITCARD",0,false,0,0,0,0,false,false,false,false,1970-01-02 00:00:00 UTC,4891,Quincy St & Malcolm X Blvd,40.68927,-73.93017,71,"KEY, CREDITCARD",0,0
4899,Jefferson Ave & Patchen Ave,4375.02,40.68609,-73.92628,71,"KEY, CREDITCARD",0,false,0,0,0,0,false,false,false,false,1970-01-02 00:00:00 UTC,4899,Jefferson Ave & Patchen Ave,40.68609,-73.92628,71,"KEY, CREDITCARD",0,0
4912,Fulton St & Williams Ave,4120.02,40.67709,-73.9008,71,"KEY, CREDITCARD",0,false,0,0,0,0,false,false,false,false,1970-01-02 00:00:00 UTC,4912,Fulton St & Williams Ave,40.67709,-73.9008,71,"KEY, CREDITCARD",0,0
4943,E New York Ave & St Marks Ave,3982.02,40.67293,-73.90909,71,"KEY, CREDITCARD",0,false,0,0,0,0,false,false,false,false,1970-01-02 00:00:00 UTC,4943,E New York Ave & St Marks Ave,40.67293,-73.90909,71,"KEY, CREDITCARD",0,0
4958,Pacific St & Sackman St,4014.01,40.67522,-73.9061,71,"KEY, CREDITCARD",0,false,0,0,0,0,false,false,false,false,1970-01-02 00:00:00 UTC,4958,Pacific St & Sackman St,40.67522,-73.9061,71,"KEY, CREDITCARD",0,0
4961,61 St & Borden Ave,5611.04,40.72558,-73.90417,71,"KEY, CREDITCARD",0,false,0,0,0,0,false,false,false,false,1970-01-02 00:00:00 UTC,4961,61 St & Borden Ave,40.72558,-73.90417,71,"KEY, CREDITCARD",0,0
4985,St Johns Pl & Saratoga Ave,3877.01,40.669897579242175,-73.916963785886765,71,"KEY, CREDITCARD",0,false,0,0,0,0,false,false,false,false,1970-01-02 00:00:00 UTC,4985,St Johns Pl & Saratoga Ave,40.669897579242175,-73.916963785886765,71,"KEY, CREDITCARD",0,0
4987,4567.07,4567.07,0,0,0,"KEY, CREDITCARD",0,false,0,0,0,0,false,true,true,false,1970-01-02 00:00:00 UTC,4987,4567.07,0,0,0,"KEY, CREDITCARD",0,0
5004,58 St & 56 Dr,5548.01,40.72419,-73.91244,71,"KEY, CREDITCARD",0,false,0,0,0,0,false,false,false,false,1970-01-02 00:00:00 UTC,5004,58 St & 56 Dr,40.72419,-73.91244,71,"KEY, CREDITCARD",0,0
5021,Lewis Ave & Fulton St,4196.01,40.67972,-73.93467,71,"KEY, CREDITCARD",0,false,0,0,0,0,false,false,false,false,1970-01-02 00:00:00 UTC,5021,Lewis Ave & Fulton St,40.67972,-73.93467,71,"KEY, CREDITCARD",0,0
5055,60 Pl & 67 Ave,4985.09,40.70497,-73.89965,71,"KEY, CREDITCARD",0,false,0,0,0,0,false,false,false,false,1970-01-02 00:00:00 UTC,5055,60 Pl & 67 Ave,40.70497,-73.89965,71,"KEY, CREDITCARD",0,0
5056,Catalpa Ave & Woodward Ave,4912.10,40.70229,-73.90145,71,"KEY, CREDITCARD",0,false,0,0,0,0,false,false,false,false,1970-01-02 00:00:00 UTC,5056,Catalpa Ave & Woodward Ave,40.70229,-73.90145,71,"KEY, CREDITCARD",0,0
5057,Cypress Ave & St Felix Ave,4687.03,40.69559,-73.89927,71,"KEY, CREDITCARD",0,false,0,0,0,0,false,false,false,false,1970-01-02 00:00:00 UTC,5057,Cypress Ave & St Felix Ave,40.69559,-73.89927,71,"KEY, CREDITCARD",0,0
5058,65 Pl & Metropolitan Ave,5199.02,40.71237,-73.89499,71,"KEY, CREDITCARD",0,false,0,0,0,0,false,false,false,false,1970-01-02 00:00:00 UTC,5058,65 Pl & Metropolitan Ave,40.71237,-73.89499,71,"KEY, CREDITCARD",0,0
5065,53 St & Flushing Ave,5257.01,40.71435,-73.91405,71,"KEY, CREDITCARD",0,false,0,0,0,0,false,false,false,false,1970-01-02 00:00:00 UTC,5065,53 St & Flushing Ave,40.71435,-73.91405,71,"KEY, CREDITCARD",0,0
5066,Grand Ave & 55 St,5369.01,40.71888,-73.91427,71,"KEY, CREDITCARD",0,false,0,0,0,0,false,false,false,false,1970-01-02 00:00:00 UTC,5066,Grand Ave & 55 St,40.71888,-73.91427,71,"KEY, CREDITCARD",0,0
5067,Palmetto St & Traffic Ave,5129.01,40.70929,-73.89441,71,"KEY, CREDITCARD",0,false,0,0,0,0,false,false,false,false,1970-01-02 00:00:00 UTC,5067,Palmetto St & Traffic Ave,40.70929,-73.89441,71,"KEY, CREDITCARD",0,0
5068,64 St & 53 Dr,5688.02,40.72897,-73.90115,71,"KEY, CREDITCARD",0,false,0,0,0,0,false,false,false,false,1970-01-02 00:00:00 UTC,5068,64 St & 53 Dr,40.72897,-73.90115,71,"KEY, CREDITCARD",0,0
8ae0bf30-9979-461e-a947-2dd89f293b40,Clinton St & Newark St,HB409,40.73743,-74.03571,311,"KEY, CREDITCARD",14,false,14,0,0,0,true,true,true,false,2023-01-26 19:32:40 UTC,8ae0bf30-9979-461e-a947-2dd89f293b40,Clinton St & Newark St,40.73743,-74.03571,311,"KEY, CREDITCARD",14,0
40add0a6-4250-46aa-8e75-939faa87f472,Hudson St & 4 St,HB607,40.740972608643553,-74.028603360056877,311,"KEY, CREDITCARD",14,false,14,0,0,0,true,true,true,false,2023-01-26 19:33:00 UTC,40add0a6-4250-46aa-8e75-939faa87f472,Hudson St & 4 St,40.740972608643553,-74.028603360056877,311,"KEY, CREDITCARD",14,0
4714,West Broadway & Watts St,5569.07,40.72323,-74.00314,71,"KEY, CREDITCARD",14,false,13,0,0,0,true,true,true,false,2023-01-26 19:08:30 UTC,4714,West Broadway & Watts St,40.72323,-74.00314,71,"KEY, CREDITCARD",13,0
66dd6441-0aca-11e7-82f6-3863bb44ef7c,Newport Pkwy,JC008,40.7287448,-74.0321082,70,"KEY, CREDITCARD",14,false,12,0,2,0,true,true,true,false,2023-01-26 19:32:52 UTC,66dd6441-0aca-11e7-82f6-3863bb44ef7c,Newport Pkwy,40.7287448,-74.0321082,70,"KEY, CREDITCARD",12,0
66dddf5f-0aca-11e7-82f6-3863bb44ef7c,Leonard Gordon Park,JC080,40.74590996631558,-74.0572714805603,70,"KEY, CREDITCARD",14,false,11,0,3,0,true,true,true,false,2023-01-26 19:33:08 UTC,66dddf5f-0aca-11e7-82f6-3863bb44ef7c,Leonard Gordon Park,40.74590996631558,-74.0572714805603,70,"KEY, CREDITCARD",11,0
66dddc08-0aca-11e7-82f6-3863bb44ef7c,Columbus Drive,JC014,40.718355198232139,-74.038914442062378,70,"KEY, CREDITCARD",14,false,11,0,3,0,true,true,true,false,2023-01-26 19:32:40 UTC,66dddc08-0aca-11e7-82f6-3863bb44ef7c,Columbus Drive,40.718355198232139,-74.038914442062378,70,"KEY, CREDITCARD",11,0
66dd58f2-0aca-11e7-82f6-3863bb44ef7c,Paulus Hook,JC002,40.7141454,-74.0335519,70,"KEY, CREDITCARD",14,false,10,0,4,0,true,true,true,false,2023-01-26 19:32:07 UTC,66dd58f2-0aca-11e7-82f6-3863bb44ef7c,Paulus Hook,40.7141454,-74.0335519,70,"KEY, CREDITCARD",10,0
6107e75a-2493-4e3d-a3e0-d4886d3416e5,Montgomery St,JC099,40.71942,-74.05099,70,"KEY, CREDITCARD",14,false,7,1,6,0,true,true,true,false,2023-01-26 19:33:18 UTC,6107e75a-2493-4e3d-a3e0-d4886d3416e5,Montgomery St,40.71942,-74.05099,70,"KEY, CREDITCARD",7,1
66ddded0-0aca-11e7-82f6-3863bb44ef7c,Astor Place,JC077,40.719282200707021,-74.071261882781982,70,"KEY, CREDITCARD",14,false,8,0,6,0,true,true,true,false,2023-01-26 19:32:15 UTC,66ddded0-0aca-11e7-82f6-3863bb44ef7c,Astor Place,40.719282200707021,-74.071261882781982,70,"KEY, CREDITCARD",8,0
3160,Central Park West & W 76 St,7253.04,40.77896784,-73.97374737,71,"KEY, CREDITCARD",14,false,1,1,9,0,true,true,true,false,2023-01-26 19:16:57 UTC,3160,Central Park West & W 76 St,40.77896784,-73.97374737,71,"KEY, CREDITCARD",1,1
66ddda59-0aca-11e7-82f6-3863bb44ef7c,Jersey & 3rd,JC074,40.723331586464361,-74.045952558517442,70,"KEY, CREDITCARD",14,false,3,0,10,0,true,true,true,false,2023-01-26 19:32:45 UTC,66ddda59-0aca-11e7-82f6-3863bb44ef7c,Jersey & 3rd,40.723331586464361,-74.045952558517442,70,"KEY, CREDITCARD",3,0
66dd9183-0aca-11e7-82f6-3863bb44ef7c,Baldwin at Montgomery,JC020,40.7236589,-74.0641943,70,"KEY, CREDITCARD",14,false,2,0,12,0,true,true,true,false,2023-01-26 19:32:07 UTC,66dd9183-0aca-11e7-82f6-3863bb44ef7c,Baldwin at Montgomery,40.7236589,-74.0641943,70,"KEY, CREDITCARD",2,0
66ddd93e-0aca-11e7-82f6-3863bb44ef7c,Jersey & 6th St,JC027,40.725289107811321,-74.045571684837341,70,"KEY, CREDITCARD",14,false,1,1,12,0,true,true,true,false,2023-01-26 19:32:56 UTC,66ddd93e-0aca-11e7-82f6-3863bb44ef7c,Jersey & 6th St,40.725289107811321,-74.045571684837341,70,"KEY, CREDITCARD",1,1
d09709d2-e119-48c4-aa22-29432a13a35a,Bloomfield St & 15 St,HB203,40.75453,-74.02658,311,"KEY, CREDITCARD",14,false,1,0,13,0,true,true,true,false,2023-01-26 19:33:08 UTC,d09709d2-e119-48c4-aa22-29432a13a35a,Bloomfield St & 15 St,40.75453,-74.02658,311,"KEY, CREDITCARD",1,0
66ddd78e-0aca-11e7-82f6-3863bb44ef7c,Morris Canal,JC072,40.7124188237569,-74.038525521755219,70,"KEY, CREDITCARD",14,false,1,0,13,0,true,true,true,false,2023-01-26 19:31:46 UTC,66ddd78e-0aca-11e7-82f6-3863bb44ef7c,Morris Canal,40.7124188237569,-74.038525521755219,70,"KEY, CREDITCARD",1,0
e2c00264-9eea-446d-a1b7-27cef3aed403,Bergen Ave,JC095,40.722103786686034,-74.071455001831055,70,"KEY, CREDITCARD",14,false,0,0,14,0,true,true,true,false,2023-01-26 19:31:32 UTC,e2c00264-9eea-446d-a1b7-27cef3aed403,Bergen Ave,40.722103786686034,-74.071455001831055,70,"KEY, CREDITCARD",0,0
66ddd81a-0aca-11e7-82f6-3863bb44ef7c,Lafayette Park,JC078,40.71346382669195,-74.062858521938324,70,"KEY, CREDITCARD",14,false,0,0,14,0,true,true,true,false,2023-01-26 19:32:37 UTC,66ddd81a-0aca-11e7-82f6-3863bb44ef7c,Lafayette Park,40.71346382669195,-74.062858521938324,70,"KEY, CREDITCARD",0,0
66dddd28-0aca-11e7-82f6-3863bb44ef7c,Communipaw & Berry Lane,JC084,40.714358368704268,-74.066610932350159,70,"KEY, CREDITCARD",14,false,0,0,14,0,true,true,true,false,2023-01-26 19:32:41 UTC,66dddd28-0aca-11e7-82f6-3863bb44ef7c,Communipaw & Berry Lane,40.714358368704268,-74.066610932350159,70,"KEY, CREDITCARD",0,0
66ddddb4-0aca-11e7-82f6-3863bb44ef7c,Monmouth and 6th,JC075,40.725685483629007,-74.048790335655212,70,"KEY, CREDITCARD",14,false,0,0,14,0,true,true,true,false,2023-01-26 19:32:00 UTC,66ddddb4-0aca-11e7-82f6-3863bb44ef7c,Monmouth and 6th,40.725685483629007,-74.048790335655212,70,"KEY, CREDITCARD",0,0
66ddd8a8-0aca-11e7-82f6-3863bb44ef7c,Brunswick & 6th,JC081,40.726011729646252,-74.050388932228088,70,"KEY, CREDITCARD",14,false,0,0,14,0,true,true,true,false,2023-01-26 19:32:05 UTC,66ddd8a8-0aca-11e7-82f6-3863bb44ef7c,Brunswick & 6th,40.726011729646252,-74.050388932228088,70,"KEY, CREDITCARD",0,0
3371df76-39db-43ab-b3d6-fac0be55311f,Adams St & 2 St,HB407,40.739813723118431,-74.036904126405716,311,"KEY, CREDITCARD",15,false,13,0,2,0,true,true,true,false,2023-01-26 19:31:48 UTC,3371df76-39db-43ab-b3d6-fac0be55311f,Adams St & 2 St,40.739813723118431,-74.036904126405716,311,"KEY, CREDITCARD",13,0
655b0878-c22b-4f8c-8675-21bf30d1eebf,Willow Ave & 12 St,HB505,40.7518674823282,-74.030376970767975,311,"KEY, CREDITCARD",15,false,8,0,7,0,true,true,true,false,2023-01-26 19:32:30 UTC,655b0878-c22b-4f8c-8675-21bf30d1eebf,Willow Ave & 12 St,40.7518674823282,-74.030376970767975,311,"KEY, CREDITCARD",8,0
3612,30 Ave & 21 St,6996.01,40.7703743,-73.9286078,71,"KEY, CREDITCARD",15,false,3,1,11,0,true,true,true,false,2023-01-26 19:05:14 UTC,3612,30 Ave & 21 St,40.7703743,-73.9286078,71,"KEY, CREDITCARD",3,1
3875,Stephen St & Seneca Ave,4798.10,40.6988,-73.9007,71,"KEY, CREDITCARD",15,false,2,1,12,0,true,true,true,false,2023-01-26 16:51:40 UTC,3875,Stephen St & Seneca Ave,40.6988,-73.9007,71,"KEY, CREDITCARD",2,1
400,Pitt St & Stanton St,5406.04,40.71926081,-73.98178024,71,"KEY, CREDITCARD",15,false,1,0,13,0,true,true,true,false,2023-01-26 18:13:51 UTC,400,Pitt St & Stanton St,40.71926081,-73.98178024,71,"KEY, CREDITCARD",1,0
3882,Norman St & Wyckoff Ave,4654.01,40.69517,-73.90311,71,"KEY, CREDITCARD",15,false,0,0,14,0,true,true,true,false,2023-01-26 18:36:31 UTC,3882,Norman St & Wyckoff Ave,40.69517,-73.90311,71,"KEY, CREDITCARD",0,0
3940,E 134 St & Walnut Ave,7613.04,40.800425,-73.911034,71,"KEY, CREDITCARD",16,false,15,0,1,0,true,true,true,false,2023-01-26 08:11:36 UTC,3940,E 134 St & Walnut Ave,40.800425,-73.911034,71,"KEY, CREDITCARD",15,0
3874,Menahan St & Seneca Ave,4963.13,40.70461,-73.91054,71,"KEY, CREDITCARD",16,false,3,1,11,0,true,true,true,false,2023-01-26 19:26:44 UTC,3874,Menahan St & Seneca Ave,40.70461,-73.91054,71,"KEY, CREDITCARD",3,1
3849,Suydam St & St. Nicholas Ave,5043.06,40.70636,-73.91945,71,"KEY, CREDITCARD",17,false,16,0,1,0,true,true,true,false,2023-01-26 18:45:02 UTC,3849,Suydam St & St. Nicholas Ave,40.70636,-73.91945,71,"KEY, CREDITCARD",16,0
3852,Stewart Ave & Johnson Ave,5123.07,40.70869,-73.92587,71,"KEY, CREDITCARD",17,false,16,0,1,0,true,true,true,false,2023-01-26 19:06:41 UTC,3852,Stewart Ave & Johnson Ave,40.70869,-73.92587,71,"KEY, CREDITCARD",16,0
3897,Onderdonk Ave & Dekalb Ave,5115.01,40.70863,-73.91497,71,"KEY, CREDITCARD",17,false,12,2,3,0,true,true,true,false,2023-01-26 18:09:52 UTC,3897,Onderdonk Ave & Dekalb Ave,40.70863,-73.91497,71,"KEY, CREDITCARD",12,2
3923,Lincoln Ave & E 134 St,7712.06,40.808484,-73.928803,71,"KEY, CREDITCARD",17,false,11,2,4,0,true,true,true,false,2023-01-26 18:59:42 UTC,3923,Lincoln Ave & E 134 St,40.808484,-73.928803,71,"KEY, CREDITCARD",11,2
4516,Sedgwick Ave & W Burnside Ave,8465.01,40.854947,-73.916661,71,"KEY, CREDITCARD",17,false,7,1,7,0,true,true,true,false,2023-01-26 14:06:41 UTC,4516,Sedgwick Ave & W Burnside Ave,40.854947,-73.916661,71,"KEY, CREDITCARD",7,1
3604,Rogers Ave & Sterling St,3696.05,40.6630619,-73.9538746,71,"KEY, CREDITCARD",17,false,8,0,8,0,true,true,true,false,2023-01-26 18:48:07 UTC,3604,Rogers Ave & Sterling St,40.6630619,-73.9538746,71,"KEY, CREDITCARD",8,0
3941,Walnut Ave & E 136 St,7639.06,40.801657,-73.909513,71,"KEY, CREDITCARD",17,false,6,2,9,0,true,true,true,false,2023-01-26 18:05:47 UTC,3941,Walnut Ave & E 136 St,40.801657,-73.909513,71,"KEY, CREDITCARD",6,2
4019,St. Ann's Av & Bruckner Blvd,7657.03,40.803399,-73.919763,71,"KEY, CREDITCARD",17,false,7,0,9,0,true,true,true,false,2023-01-26 19:24:13 UTC,4019,St. Ann's Av & Bruckner Blvd,40.803399,-73.919763,71,"KEY, CREDITCARD",7,0
3901,Stanhope St & Fairview Ave,5146.03,40.70998,-73.91116,71,"KEY, CREDITCARD",17,false,4,0,13,0,true,true,true,false,2023-01-26 17:46:50 UTC,3901,Stanhope St & Fairview Ave,40.70998,-73.91116,71,"KEY, CREDITCARD",4,0
3907,Central Ave & Melrose St,4832.07,40.70112,-73.93039,71,"KEY, CREDITCARD",17,false,2,0,15,0,true,true,true,false,2023-01-26 17:58:16 UTC,3907,Central Ave & Melrose St,40.70112,-73.93039,71,"KEY, CREDITCARD",2,0
3910,Greene Ave & Grandview Ave,5106.04,40.709697,-73.907856,71,"KEY, CREDITCARD",17,false,2,0,15,0,true,true,true,false,2023-01-26 19:10:04 UTC,3910,Greene Ave & Grandview Ave,40.709697,-73.907856,71,"KEY, CREDITCARD",2,0
4873,Amsterdam Ave & W 189 St,8432.11,40.853187588619747,-73.927157521247864,71,"KEY, CREDITCARD",17,false,1,0,15,0,true,true,true,false,2023-01-26 12:52:51 UTC,4873,Amsterdam Ave & W 189 St,40.853187588619747,-73.927157521247864,71,"KEY, CREDITCARD",1,0
3903,Jefferson Ave & Evergreen Ave,4517.03,40.68989,-73.91458,71,"KEY, CREDITCARD",17,false,1,0,16,0,true,true,true,false,2023-01-26 18:27:57 UTC,3903,Jefferson Ave & Evergreen Ave,40.68989,-73.91458,71,"KEY, CREDITCARD",1,0
3873,Madison St & Cypress Ave,4807.02,40.70068,-73.90742,71,"KEY, CREDITCARD",17,false,0,0,17,0,true,true,true,false,2023-01-26 19:21:45 UTC,3873,Madison St & Cypress Ave,40.70068,-73.90742,71,"KEY, CREDITCARD",0,0
f841ae52-0bbb-49db-b6eb-f898fbce6108,Washington St,JC098,40.7242941,-74.0354826,70,"KEY, CREDITCARD",18,false,16,2,0,0,true,true,true,false,2023-01-26 19:32:06 UTC,f841ae52-0bbb-49db-b6eb-f898fbce6108,Washington St,40.7242941,-74.0354826,70,"KEY, CREDITCARD",16,2
1ec24ce3-2b69-4f3a-a153-c73e583d11f3,Jackson Square,JC063,40.71113,-74.0789,70,"KEY, CREDITCARD",18,false,18,0,0,0,true,true,true,false,2023-01-26 19:32:58 UTC,1ec24ce3-2b69-4f3a-a153-c73e583d11f3,Jackson Square,40.71113,-74.0789,70,"KEY, CREDITCARD",18,0
66dd8b48-0aca-11e7-82f6-3863bb44ef7c,5 Corners Library,JC018,40.734961020009521,-74.0595030784607,70,"KEY, CREDITCARD",18,false,17,1,0,0,true,true,true,false,2023-01-26 19:31:37 UTC,66dd8b48-0aca-11e7-82f6-3863bb44ef7c,5 Corners Library,40.734961020009521,-74.0595030784607,70,"KEY, CREDITCARD",17,1
4aecd6f2-8a84-4bed-a528-dc6870877292,Stevens - River Ter & 6 St,HB602,40.743132827105512,-74.026988670229912,311,"KEY, CREDITCARD",18,false,18,0,0,0,true,true,true,false,2023-01-26 19:32:07 UTC,4aecd6f2-8a84-4bed-a528-dc6870877292,Stevens - River Ter & 6 St,40.743132827105512,-74.026988670229912,311,"KEY, CREDITCARD",18,0
66dd6721-0aca-11e7-82f6-3863bb44ef7c,Newport PATH,JC066,40.7272235,-74.0337589,70,"KEY, CREDITCARD",18,false,16,1,1,0,true,true,true,false,2023-01-26 19:32:24 UTC,66dd6721-0aca-11e7-82f6-3863bb44ef7c,Newport PATH,40.7272235,-74.0337589,70,"KEY, CREDITCARD",16,1
3255,8 Ave & W 31 St,6450.05,40.7505853470215,-73.9946848154068,71,"KEY, CREDITCARD",18,false,15,1,1,0,true,true,true,false,2023-01-26 19:33:03 UTC,3255,8 Ave & W 31 St,40.7505853470215,-73.9946848154068,71,"KEY, CREDITCARD",15,1
3899,Manhattan Av & Leonard St,5442.09,40.72084,-73.94844,71,"KEY, CREDITCARD",18,false,17,0,1,0,true,true,true,false,2023-01-26 19:12:35 UTC,3899,Manhattan Av & Leonard St,40.72084,-73.94844,71,"KEY, CREDITCARD",17,0
66dddae7-0aca-11e7-82f6-3863bb44ef7c,Manila & 1st,JC082,40.721650724879993,-74.042884111404419,70,"KEY, CREDITCARD",18,false,16,0,2,0,true,true,true,false,2023-01-26 19:31:33 UTC,66dddae7-0aca-11e7-82f6-3863bb44ef7c,Manila & 1st,40.721650724879993,-74.042884111404419,70,"KEY, CREDITCARD",16,0
66dd5e69-0aca-11e7-82f6-3863bb44ef7c,Union St,JC051,40.7182113,-74.0836394,70,"KEY, CREDITCARD",18,false,14,0,3,0,true,true,true,false,2023-01-26 19:32:20 UTC,66dd5e69-0aca-11e7-82f6-3863bb44ef7c,Union St,40.7182113,-74.0836394,70,"KEY, CREDITCARD",14,0
22cd02a2-228f-4eeb-b249-cbea51a0e219,York St & Marin Blvd,JC097,40.716615000830494,-74.0424120426178,70,"KEY, CREDITCARD",18,false,15,0,3,0,true,true,true,false,2023-01-26 19:31:50 UTC,22cd02a2-228f-4eeb-b249-cbea51a0e219,York St & Marin Blvd,40.716615000830494,-74.0424120426178,70,"KEY, CREDITCARD",15,0
dd8b2f53-8b94-4082-9576-994a4962f9d5,Journal Square,JC103,40.73367,-74.0625,70,"KEY, CREDITCARD",18,false,13,2,3,0,true,true,true,false,2023-01-26 19:32:58 UTC,dd8b2f53-8b94-4082-9576-994a4962f9d5,Journal Square,40.73367,-74.0625,70,"KEY, CREDITCARD",13,2
a59f4f11-5d52-43a2-8a32-ae71137a6af8,Grand St,JC102,40.715177677320291,-74.037683308124542,70,"KEY, CREDITCARD",18,false,14,0,4,0,true,true,true,false,2023-01-26 19:31:49 UTC,a59f4f11-5d52-43a2-8a32-ae71137a6af8,Grand St,40.715177677320291,-74.037683308124542,70,"KEY, CREDITCARD",14,0
66dd650d-0aca-11e7-82f6-3863bb44ef7c,Dey St,JC065,40.737711,-74.066921,70,"KEY, CREDITCARD",18,false,12,2,4,0,true,true,true,false,2023-01-26 19:33:13 UTC,66dd650d-0aca-11e7-82f6-3863bb44ef7c,Dey St,40.737711,-74.066921,70,"KEY, CREDITCARD",12,2
66dd5f99-0aca-11e7-82f6-3863bb44ef7c,Lincoln Park,JC053,40.7246050998869,-74.078405946493149,70,"KEY, CREDITCARD",18,false,14,0,4,0,true,true,true,false,2023-01-26 19:32:04 UTC,66dd5f99-0aca-11e7-82f6-3863bb44ef7c,Lincoln Park,40.7246050998869,-74.078405946493149,70,"KEY, CREDITCARD",14,0
681a8bdb-65ff-4078-a5de-74927502da4e,9 St HBLR - Jackson St & 8 St,HB305,40.747907209688989,-74.038411527872086,311,"KEY, CREDITCARD",18,false,12,0,5,0,true,true,true,false,2023-01-26 19:32:16 UTC,681a8bdb-65ff-4078-a5de-74927502da4e,9 St HBLR - Jackson St & 8 St,40.747907209688989,-74.038411527872086,311,"KEY, CREDITCARD",12,0
3833,Madison St & Evergreen Ave,4560.01,40.69122,-73.91693,71,"KEY, CREDITCARD",18,false,11,2,5,0,true,true,true,false,2023-01-26 19:18:34 UTC,3833,Madison St & Evergreen Ave,40.69122,-73.91693,71,"KEY, CREDITCARD",11,2
3947,E 138 St & Willow Ave,7654.04,40.804168,-73.911545,71,"KEY, CREDITCARD",18,false,13,0,5,0,true,true,true,false,2023-01-26 08:11:36 UTC,3947,E 138 St & Willow Ave,40.804168,-73.911545,71,"KEY, CREDITCARD",13,0
4112,Wards Meadow Comfort Station,7327.01,40.78294,-73.93077,71,"KEY, CREDITCARD",18,false,10,1,5,0,true,true,true,false,2023-01-26 19:32:58 UTC,4112,Wards Meadow Comfort Station,40.78294,-73.93077,71,"KEY, CREDITCARD",10,1
915057d4-edbc-4c73-8d81-dda33d600d58,Glenwood Ave,JC094,40.727551467300117,-74.071060717105865,70,"KEY, CREDITCARD",18,false,12,0,6,0,true,true,true,false,2023-01-26 19:32:23 UTC,915057d4-edbc-4c73-8d81-dda33d600d58,Glenwood Ave,40.727551467300117,-74.071060717105865,70,"KEY, CREDITCARD",12,0
4828,65 St & Broadway,6417.11,40.7493722738996,-73.897387683391571,71,"KEY, CREDITCARD",18,false,12,0,6,0,true,true,true,false,2023-01-26 19:28:53 UTC,4828,65 St & Broadway,40.7493722738996,-73.897387683391571,71,"KEY, CREDITCARD",12,0
9cb1bedf-7838-41ad-a7b8-c367f7953315,Adams St & 11 St,HB507,40.750915534784994,-74.033540636301041,311,"KEY, CREDITCARD",18,false,9,0,8,0,true,true,true,false,2023-01-26 19:31:20 UTC,9cb1bedf-7838-41ad-a7b8-c367f7953315,Adams St & 11 St,40.750915534784994,-74.033540636301041,311,"KEY, CREDITCARD",9,0
66dd8043-0aca-11e7-82f6-3863bb44ef7c,Pershing Field,JC024,40.742677141,-74.051788633,70,"KEY, CREDITCARD",18,false,8,1,9,0,true,true,true,false,2023-01-26 19:32:50 UTC,66dd8043-0aca-11e7-82f6-3863bb44ef7c,Pershing Field,40.742677141,-74.051788633,70,"KEY, CREDITCARD",8,1
66ddde40-0aca-11e7-82f6-3863bb44ef7c,Dixon Mills,JC076,40.721630142638354,-74.04996782541275,70,"KEY, CREDITCARD",18,false,8,0,10,0,true,true,true,false,2023-01-26 19:33:08 UTC,66ddde40-0aca-11e7-82f6-3863bb44ef7c,Dixon Mills,40.721630142638354,-74.04996782541275,70,"KEY, CREDITCARD",8,0
3094,Graham Ave & Withers St,5403.04,40.7169811,-73.94485918,71,"KEY, CREDITCARD",18,false,8,0,10,0,true,true,true,false,2023-01-26 19:18:33 UTC,3094,Graham Ave & Withers St,40.7169811,-73.94485918,71,"KEY, CREDITCARD",8,0
4800,39 Ave & 56 St,6349.03,40.74838,-73.90699,71,"KEY, CREDITCARD",18,false,8,0,10,0,true,true,true,false,2023-01-26 15:29:50 UTC,4800,39 Ave & 56 St,40.74838,-73.90699,71,"KEY, CREDITCARD",8,0
3412,Pacific St & Nevins St,4362.04,40.6853761,-73.98302136,71,"KEY, CREDITCARD",18,false,5,0,11,0,true,true,true,false,2023-01-26 19:20:44 UTC,3412,Pacific St & Nevins St,40.6853761,-73.98302136,71,"KEY, CREDITCARD",5,0
4513,Tiebout Ave & E 184 St,8510.02,40.858498,-73.89637,71,"KEY, CREDITCARD",18,false,6,1,11,0,true,true,true,false,2023-01-26 15:20:49 UTC,4513,Tiebout Ave & E 184 St,40.858498,-73.89637,71,"KEY, CREDITCARD",6,1
ccfa1f8f-f930-45f2-9cda-375c01596ca2,Grant Ave & MLK Dr,JC107,40.709198322454426,-74.080842733383179,70,"KEY, CREDITCARD",18,false,6,0,12,0,true,true,true,false,2023-01-26 19:32:31 UTC,ccfa1f8f-f930-45f2-9cda-375c01596ca2,Grant Ave & MLK Dr,40.709198322454426,-74.080842733383179,70,"KEY, CREDITCARD",6,0
3d1db3fa-1df5-46c8-baf3-619b729f5bda,4 St & Grand St,HB301,40.7422579775645,-74.03511106967926,311,"KEY, CREDITCARD",18,false,4,1,13,0,true,true,true,false,2023-01-26 19:31:31 UTC,3d1db3fa-1df5-46c8-baf3-619b729f5bda,4 St & Grand St,40.7422579775645,-74.03511106967926,311,"KEY, CREDITCARD",4,1
21c4a77d-b1ae-4262-b143-087fd14a07b8,Clinton St & 7 St,HB303,40.74542,-74.03332,311,"KEY, CREDITCARD",18,false,4,1,13,0,true,true,true,false,2023-01-26 19:32:37 UTC,21c4a77d-b1ae-4262-b143-087fd14a07b8,Clinton St & 7 St,40.74542,-74.03332,311,"KEY, CREDITCARD",4,1
4041,Adam Clayton Powell Blvd & W 151 St,8009.05,40.825289,-73.936232,71,"KEY, CREDITCARD",18,false,3,2,13,0,true,true,true,false,2023-01-26 19:00:12 UTC,4041,Adam Clayton Powell Blvd & W 151 St,40.825289,-73.936232,71,"KEY, CREDITCARD",3,2
4559,Jerome Ave & W 193 St,8619.02,40.86659,-73.89794,71,"KEY, CREDITCARD",18,false,3,0,13,0,true,true,true,false,2023-01-26 19:19:40 UTC,4559,Jerome Ave & W 193 St,40.86659,-73.89794,71,"KEY, CREDITCARD",3,0
66dd63de-0aca-11e7-82f6-3863bb44ef7c,Heights Elevator,JC059,40.748715945380233,-74.040443301200867,70,"KEY, CREDITCARD",18,false,3,1,14,0,true,true,true,false,2023-01-26 19:32:42 UTC,66dd63de-0aca-11e7-82f6-3863bb44ef7c,Heights Elevator,40.748715945380233,-74.040443301200867,70,"KEY, CREDITCARD",3,1
46813ecf-8df4-4c8f-9579-0179e0b36ba6,Marshall St & 2 St,HB408,40.740802,-74.042521,311,"KEY, CREDITCARD",18,false,4,0,14,0,true,true,true,false,2023-01-26 19:31:33 UTC,46813ecf-8df4-4c8f-9579-0179e0b36ba6,Marshall St & 2 St,40.740802,-74.042521,311,"KEY, CREDITCARD",4,0
5aa81a37-ea1d-4bf6-ab40-4751c6b4fb08,Fairmount Ave,JC093,40.725726137425568,-74.071959257125854,70,"KEY, CREDITCARD",18,false,4,0,14,0,true,true,true,false,2023-01-26 19:32:56 UTC,5aa81a37-ea1d-4bf6-ab40-4751c6b4fb08,Fairmount Ave,40.725726137425568,-74.071959257125854,70,"KEY, CREDITCARD",4,0
3049,Cambridge Pl & Gates Ave,4377.04,40.68488,-73.96304,71,"KEY, CREDITCARD",18,false,3,0,15,0,true,true,true,false,2023-01-26 19:31:09 UTC,3049,Cambridge Pl & Gates Ave,40.68488,-73.96304,71,"KEY, CREDITCARD",3,0
4209,University Ave & W 168 St,8183.02,40.838706,-73.927034,71,"KEY, CREDITCARD",18,false,3,0,15,0,true,true,true,false,2023-01-26 08:31:55 UTC,4209,University Ave & W 168 St,40.838706,-73.927034,71,"KEY, CREDITCARD",3,0
4781,48 St & Barnett Ave,6358.05,40.750016404259327,-73.915409445762634,71,"KEY, CREDITCARD",18,false,2,0,15,0,true,true,true,false,2023-01-26 18:47:37 UTC,4781,48 St & Barnett Ave,40.750016404259327,-73.915409445762634,71,"KEY, CREDITCARD",2,0
4971,Schenectady Ave & Prospect Pl,4007.01,40.67351,-73.93363,71,"KEY, CREDITCARD",18,false,3,0,15,0,true,true,true,false,2023-01-26 19:01:59 UTC,4971,Schenectady Ave & Prospect Pl,40.67351,-73.93363,71,"KEY, CREDITCARD",3,0
66dd630c-0aca-11e7-82f6-3863bb44ef7c,Riverview Park,JC057,40.7443187,-74.0439909,70,"KEY, CREDITCARD",18,false,2,0,16,0,true,true,true,false,2023-01-26 19:32:19 UTC,66dd630c-0aca-11e7-82f6-3863bb44ef7c,Riverview Park,40.7443187,-74.0439909,70,"KEY, CREDITCARD",2,0
3595,35 St & Broadway,6750.16,40.760339,-73.9222427,71,"KEY, CREDITCARD",18,false,1,0,16,0,true,true,true,false,2023-01-26 19:05:57 UTC,3595,35 St & Broadway,40.760339,-73.9222427,71,"KEY, CREDITCARD",1,0
3817,Withers St & Kingsland Ave,5362.08,40.71773,-73.94051,71,"KEY, CREDITCARD",18,false,2,0,16,0,true,true,true,false,2023-01-26 17:56:20 UTC,3817,Withers St & Kingsland Ave,40.71773,-73.94051,71,"KEY, CREDITCARD",2,0
3863,Central Ave & Woodbine St,4632.10,40.69296,-73.91605,71,"KEY, CREDITCARD",18,false,1,1,16,0,true,true,true,false,2023-01-26 19:28:04 UTC,3863,Central Ave & Woodbine St,40.69296,-73.91605,71,"KEY, CREDITCARD",1,1
9d344652-976b-4c2d-bede-2ef19b0fbf13,6 St & Grand St,HB302,40.7443978330956,-74.034500867128372,311,"KEY, CREDITCARD",18,false,1,0,17,0,true,true,true,false,2023-01-26 19:33:15 UTC,9d344652-976b-4c2d-bede-2ef19b0fbf13,6 St & Grand St,40.7443978330956,-74.034500867128372,311,"KEY, CREDITCARD",1,0
3057,Kosciuszko St & Tompkins Ave,4553.04,40.69128258,-73.9452416,71,"KEY, CREDITCARD",18,false,1,0,17,0,true,true,true,false,2023-01-26 18:45:13 UTC,3057,Kosciuszko St & Tompkins Ave,40.69128258,-73.9452416,71,"KEY, CREDITCARD",1,0
3862,Linden St & Knickerbocker Ave,4743.04,40.69714,-73.91566,71,"KEY, CREDITCARD",18,false,1,0,17,0,true,true,true,false,2023-01-26 12:42:19 UTC,3862,Linden St & Knickerbocker Ave,40.69714,-73.91566,71,"KEY, CREDITCARD",1,0
3978,Cauldwell Ave & E 161 St,7952.02,40.82188,-73.907521,71,"KEY, CREDITCARD",18,false,1,0,17,0,true,true,true,false,2023-01-26 10:29:56 UTC,3978,Cauldwell Ave & E 161 St,40.82188,-73.907521,71,"KEY, CREDITCARD",1,0
4755,E 182 St & Morris Ave,8494.01,40.856708018312553,-73.902652859687791,71,"KEY, CREDITCARD",18,false,0,1,17,0,true,true,true,false,2023-01-26 16:54:06 UTC,4755,E 182 St & Morris Ave,40.856708018312553,-73.902652859687791,71,"KEY, CREDITCARD",0,1
4964,Chauncey St & Malcolm X Blvd,4228.06,40.68044,-73.92842,71,"KEY, CREDITCARD",18,false,0,1,17,0,true,true,true,false,2023-01-26 19:26:53 UTC,4964,Chauncey St & Malcolm X Blvd,40.68044,-73.92842,71,"KEY, CREDITCARD",0,1
3826,Moffat St & Bushwick,4357.01,40.68458,-73.90925,71,"KEY, CREDITCARD",18,false,0,0,18,0,true,true,true,false,2023-01-26 15:23:47 UTC,3826,Moffat St & Bushwick,40.68458,-73.90925,71,"KEY, CREDITCARD",0,0
4848,61 St & 60 Ln,4830.02,40.70055,-73.8943,71,"KEY, CREDITCARD",18,false,0,0,18,0,true,true,true,false,2023-01-26 15:50:23 UTC,4848,61 St & 60 Ln,40.70055,-73.8943,71,"KEY, CREDITCARD",0,0
4874,60 St & 60 Rd,5360.02,40.715922327095029,-73.906013667583466,71,"KEY, CREDITCARD",18,false,0,0,18,0,true,true,true,false,2023-01-26 16:30:45 UTC,4874,60 St & 60 Rd,40.715922327095029,-73.906013667583466,71,"KEY, CREDITCARD",0,0
3330,Henry St & Bay St,3972.08,40.6725058,-74.00494695,71,"KEY, CREDITCARD",19,false,18,1,0,0,true,true,true,false,2023-01-26 12:49:02 UTC,3330,Henry St & Bay St,40.6725058,-74.00494695,71,"KEY, CREDITCARD",18,1
3395,Henry St & W 9 St,4086.06,40.6763744,-74.00324957,71,"KEY, CREDITCARD",19,false,18,1,0,0,true,true,true,false,2023-01-26 13:28:47 UTC,3395,Henry St & W 9 St,40.6763744,-74.00324957,71,"KEY, CREDITCARD",18,1
3704,47 Ave & Skillman Ave,6237.01,40.7437524099784,-73.941764831542969,71,"KEY, CREDITCARD",19,false,19,0,0,0,true,true,true,false,2023-01-26 18:14:16 UTC,3704,47 Ave & Skillman Ave,40.7437524099784,-73.941764831542969,71,"KEY, CREDITCARD",19,0
3922,Alexander Ave & E 134 St,7712.04,40.807466,-73.927107,71,"KEY, CREDITCARD",19,false,16,1,0,0,true,true,true,false,2023-01-26 16:23:50 UTC,3922,Alexander Ave & E 134 St,40.807466,-73.927107,71,"KEY, CREDITCARD",16,1
4758,Borden Ave & Review Ave,6001.01,40.738663454653057,-73.940938040614128,71,"KEY, CREDITCARD",19,false,17,0,0,0,true,true,true,false,2023-01-26 14:13:55 UTC,4758,Borden Ave & Review Ave,40.738663454653057,-73.940938040614128,71,"KEY, CREDITCARD",17,0
4759,31 Pl & Hunters Point Ave,6033.01,40.740213568849242,-73.935370445251465,71,"KEY, CREDITCARD",19,false,19,0,0,0,true,true,true,false,2023-01-26 19:21:38 UTC,4759,31 Pl & Hunters Point Ave,40.740213568849242,-73.935370445251465,71,"KEY, CREDITCARD",19,0
5008,2 Ave & 43 St,3428.04,40.652928293638112,-74.012864828109741,71,"KEY, CREDITCARD",19,false,18,1,0,0,true,true,true,false,2023-01-26 08:52:12 UTC,5008,2 Ave & 43 St,40.652928293638112,-74.012864828109741,71,"KEY, CREDITCARD",18,1
33a797e8-6be2-4868-b9f6-1be157eaa0a5,Bergen Ave & Stegman St,JC108,40.706575450634531,-74.0867006778717,70,"KEY, CREDITCARD",19,false,18,0,1,0,true,true,true,false,2023-01-26 19:31:24 UTC,33a797e8-6be2-4868-b9f6-1be157eaa0a5,Bergen Ave & Stegman St,40.706575450634531,-74.0867006778717,70,"KEY, CREDITCARD",18,0
3066,Tompkins Ave & Hopkins St,4850.04,40.69957608,-73.94708417,71,"KEY, CREDITCARD",19,false,14,4,1,0,true,true,true,false,2023-01-26 19:04:17 UTC,3066,Tompkins Ave & Hopkins St,40.69957608,-73.94708417,71,"KEY, CREDITCARD",14,4
3392,Commerce St & Van Brunt St,4243.01,40.6812117,-74.00860912,71,"KEY, CREDITCARD",19,false,18,0,1,0,true,true,true,false,2023-01-26 18:46:37 UTC,3392,Commerce St & Van Brunt St,40.6812117,-74.00860912,71,"KEY, CREDITCARD",18,0
3393,Richards St & Delavan St,4202.04,40.6794327,-74.00785041,71,"KEY, CREDITCARD",19,false,16,1,1,0,true,true,true,false,2023-01-26 18:54:36 UTC,3393,Richards St & Delavan St,40.6794327,-74.00785041,71,"KEY, CREDITCARD",16,1
3564,21 St & 36 Ave,6729.02,40.7601853,-73.9362726,71,"KEY, CREDITCARD",19,false,16,1,1,0,true,true,true,false,2023-01-26 17:18:15 UTC,3564,21 St & 36 Ave,40.7601853,-73.9362726,71,"KEY, CREDITCARD",16,1
3913,Sands St Gate,4812.04,40.699569,-73.979827,71,"KEY, CREDITCARD",19,false,17,1,1,0,true,true,true,false,2023-01-26 19:07:15 UTC,3913,Sands St Gate,40.699569,-73.979827,71,"KEY, CREDITCARD",17,1
3961,Morris Ave & E 153 St,7901.04,40.820036,-73.921411,71,"KEY, CREDITCARD",19,false,17,1,1,0,true,true,true,false,2023-01-26 18:03:34 UTC,3961,Morris Ave & E 153 St,40.820036,-73.921411,71,"KEY, CREDITCARD",17,1
4126,E 157 St & River Ave,8005.03,40.825737,-73.927311,71,"KEY, CREDITCARD",19,false,17,1,1,0,true,true,true,false,2023-01-26 17:19:15 UTC,4126,E 157 St & River Ave,40.825737,-73.927311,71,"KEY, CREDITCARD",17,1
4371,30 St & 4 Ave,3564.04,40.657743,-74.001141,71,"KEY, CREDITCARD",19,false,17,1,1,0,true,true,true,false,2023-01-26 18:40:04 UTC,4371,30 St & 4 Ave,40.657743,-74.001141,71,"KEY, CREDITCARD",17,1
4372,34 St & 5 Ave,3451.01,40.654098,-74.001131,71,"KEY, CREDITCARD",19,false,18,0,1,0,true,true,true,false,2023-01-26 17:23:40 UTC,4372,34 St & 5 Ave,40.654098,-74.001131,71,"KEY, CREDITCARD",18,0
4382,41 St & 3 Ave,3388.02,40.652512,-74.008906,71,"KEY, CREDITCARD",19,false,16,1,1,0,true,true,true,false,2023-01-26 19:06:20 UTC,4382,41 St & 3 Ave,40.652512,-74.008906,71,"KEY, CREDITCARD",16,1
4762,Skillman Ave & 43 Ave,6300.04,40.746537619780547,-73.932158499956131,71,"KEY, CREDITCARD",19,false,14,4,1,0,true,true,true,false,2023-01-26 17:44:59 UTC,4762,Skillman Ave & 43 Ave,40.746537619780547,-73.932158499956131,71,"KEY, CREDITCARD",14,4
4829,55 Dr & Maurice Ave,5579.04,40.7261,-73.90917,71,"KEY, CREDITCARD",19,false,10,8,1,0,true,true,true,false,2023-01-26 06:50:28 UTC,4829,55 Dr & Maurice Ave,40.7261,-73.90917,71,"KEY, CREDITCARD",10,8
3938,E 133 St & Cypress Pl,7642.04,40.80262,-73.9174,71,"KEY, CREDITCARD",19,false,17,0,2,0,true,true,true,false,2023-01-26 08:31:54 UTC,3938,E 133 St & Cypress Pl,40.80262,-73.9174,71,"KEY, CREDITCARD",17,0
4357,Ft. Hamilton Pkwy & E 2 St,3280.04,40.648005,-73.979342,71,"KEY, CREDITCARD",19,false,17,0,2,0,true,true,true,false,2023-01-26 19:32:08 UTC,4357,Ft. Hamilton Pkwy & E 2 St,40.648005,-73.979342,71,"KEY, CREDITCARD",17,0
4575,Decatur Ave & E 197 St,8597.01,40.86557,-73.88807,71,"KEY, CREDITCARD",19,false,14,2,2,0,true,true,true,false,2023-01-26 09:12:32 UTC,4575,Decatur Ave & E 197 St,40.86557,-73.88807,71,"KEY, CREDITCARD",14,2
4747,Van Dam St & Greenpoint Ave,5883.06,40.734435640694592,-73.937907814979553,71,"KEY, CREDITCARD",19,false,16,0,2,0,true,true,true,false,2023-01-26 18:33:20 UTC,4747,Van Dam St & Greenpoint Ave,40.734435640694592,-73.937907814979553,71,"KEY, CREDITCARD",16,0
4804,Woodside Ave & Roosevelt Ave,6234.03,40.74549,-73.90605,71,"KEY, CREDITCARD",19,false,15,1,2,0,true,true,true,false,2023-01-26 19:31:31 UTC,4804,Woodside Ave & Roosevelt Ave,40.74549,-73.90605,71,"KEY, CREDITCARD",15,1
4818,69 St & 43 Ave,6108.03,40.74179,-73.89564,71,"KEY, CREDITCARD",19,false,12,5,2,0,true,true,true,false,2023-01-26 15:40:41 UTC,4818,69 St & 43 Ave,40.74179,-73.89564,71,"KEY, CREDITCARD",12,5
3088,Union Ave & Jackson St,5300.06,40.7160751,-73.952029,71,"KEY, CREDITCARD",19,false,16,0,3,0,true,true,true,false,2023-01-26 19:07:01 UTC,3088,Union Ave & Jackson St,40.7160751,-73.952029,71,"KEY, CREDITCARD",16,0
3453,Devoe St & Lorimer St,5259.06,40.713352262228753,-73.9491033554077,71,"KEY, CREDITCARD",19,false,15,0,3,0,true,true,true,false,2023-01-26 18:50:05 UTC,3453,Devoe St & Lorimer St,40.713352262228753,-73.9491033554077,71,"KEY, CREDITCARD",15,0
3557,40 Ave & 9 St,6664.05,40.75742,-73.945133,71,"KEY, CREDITCARD",19,false,14,2,3,0,true,true,true,false,2023-01-26 19:22:45 UTC,3557,40 Ave & 9 St,40.75742,-73.945133,71,"KEY, CREDITCARD",14,2
3902,Fairview Ave & Linden St,5066.03,40.70694,-73.90632,71,"KEY, CREDITCARD",19,false,13,3,3,0,true,true,true,false,2023-01-26 19:11:52 UTC,3902,Fairview Ave & Linden St,40.70694,-73.90632,71,"KEY, CREDITCARD",13,3
4155,E 169 St & Fox St,8024.05,40.827184,-73.893721,71,"KEY, CREDITCARD",19,false,16,0,3,0,true,true,true,false,2023-01-26 10:00:57 UTC,4155,E 169 St & Fox St,40.827184,-73.893721,71,"KEY, CREDITCARD",16,0
4228,Waterloo Pl & Crotona Park East,8216.02,40.839194,-73.888587,71,"KEY, CREDITCARD",19,false,12,2,3,0,true,true,true,false,2023-01-26 15:33:09 UTC,4228,Waterloo Pl & Crotona Park East,40.839194,-73.888587,71,"KEY, CREDITCARD",12,2
4311,8 St & Astoria Blvd,7068.07,40.7725996921817,-73.932662755250931,71,"KEY, CREDITCARD",19,false,16,0,3,0,true,true,true,false,2023-01-26 18:48:10 UTC,4311,8 St & Astoria Blvd,40.7725996921817,-73.932662755250931,71,"KEY, CREDITCARD",16,0
4325,21 Ave & 80 St,7060.02,40.770888,-73.889914,71,"KEY, CREDITCARD",19,false,15,1,3,0,true,true,true,false,2023-01-26 18:18:10 UTC,4325,21 Ave & 80 St,40.770888,-73.889914,71,"KEY, CREDITCARD",15,1
4370,29 St & 5 Ave,3523.06,40.656986,-73.998194,71,"KEY, CREDITCARD",19,false,16,0,3,0,true,true,true,false,2023-01-26 18:54:09 UTC,4370,29 St & 5 Ave,40.656986,-73.998194,71,"KEY, CREDITCARD",16,0
4374,48 St & 2 Ave,3283.05,40.650176,-74.015606,71,"KEY, CREDITCARD",19,false,14,2,3,0,true,true,true,false,2023-01-26 18:49:06 UTC,4374,48 St & 2 Ave,40.650176,-74.015606,71,"KEY, CREDITCARD",14,2
4512,Jerome Ave & E 181 St,8478.11,40.855653,-73.905528,71,"KEY, CREDITCARD",19,false,12,1,3,0,true,true,true,false,2023-01-26 16:24:00 UTC,4512,Jerome Ave & E 181 St,40.855653,-73.905528,71,"KEY, CREDITCARD",12,1
4630,W 225 St & Exterior St,8711.02,40.873265,-73.906646,71,"KEY, CREDITCARD",19,false,12,1,3,0,true,true,true,false,2023-01-26 15:24:13 UTC,4630,W 225 St & Exterior St,40.873265,-73.906646,71,"KEY, CREDITCARD",12,1
4835,Metropolitan Ave & Flushing Ave,5225.04,40.71334,-73.91572,71,"KEY, CREDITCARD",19,false,15,1,3,0,true,true,true,false,2023-01-26 18:48:21 UTC,4835,Metropolitan Ave & Flushing Ave,40.71334,-73.91572,71,"KEY, CREDITCARD",15,1
3772,Devoe St & Morgan Ave,5282.02,40.713811,-73.93515,71,"KEY, CREDITCARD",19,false,14,0,4,0,true,true,true,false,2023-01-26 19:30:16 UTC,3772,Devoe St & Morgan Ave,40.713811,-73.93515,71,"KEY, CREDITCARD",14,0
3795,10 St & 2 Ave,3922.02,40.671907,-73.993612,71,"KEY, CREDITCARD",19,false,15,0,4,0,true,true,true,false,2023-01-26 17:55:54 UTC,3795,10 St & 2 Ave,40.671907,-73.993612,71,"KEY, CREDITCARD",15,0
4448,9 Ave & W 219 St,8696.05,40.871094,-73.911503,71,"KEY, CREDITCARD",19,false,14,0,4,0,true,true,true,false,2023-01-26 09:12:29 UTC,4448,9 Ave & W 219 St,40.871094,-73.911503,71,"KEY, CREDITCARD",14,0
5002,2 Ave & 44 St,3356.07,40.652303573030629,-74.013449549674988,71,"KEY, CREDITCARD",19,false,15,0,4,0,true,true,true,false,2023-01-26 18:12:27 UTC,5002,2 Ave & 44 St,40.652303573030629,-74.013449549674988,71,"KEY, CREDITCARD",15,0
4138,3 Ave & Franklin Ave,8012.04,40.82696,-73.907451,71,"KEY, CREDITCARD",19,false,14,0,5,0,true,true,true,false,2023-01-26 18:37:21 UTC,4138,3 Ave & Franklin Ave,40.82696,-73.907451,71,"KEY, CREDITCARD",14,0
4165,E 165 St & Clay Ave,8052.02,40.82809,-73.91288,71,"KEY, CREDITCARD",19,false,14,0,5,0,true,true,true,false,2023-01-26 18:56:03 UTC,4165,E 165 St & Clay Ave,40.82809,-73.91288,71,"KEY, CREDITCARD",14,0
4353,Prospect Ave & Vanderbilt St,3426.02,40.653368,-73.976291,71,"KEY, CREDITCARD",19,false,14,0,5,0,true,true,true,false,2023-01-26 17:47:17 UTC,4353,Prospect Ave & Vanderbilt St,40.653368,-73.976291,71,"KEY, CREDITCARD",14,0
4796,Woodside Ave & 55 St,6276.02,40.74679,-73.90893,71,"KEY, CREDITCARD",19,false,13,1,5,0,true,true,true,false,2023-01-26 12:49:32 UTC,4796,Woodside Ave & 55 St,40.74679,-73.90893,71,"KEY, CREDITCARD",13,1
4809,60 St & 37 Ave,6383.02,40.74958,-73.90256,71,"KEY, CREDITCARD",19,false,13,1,5,0,true,true,true,false,2023-01-26 16:46:14 UTC,4809,60 St & 37 Ave,40.74958,-73.90256,71,"KEY, CREDITCARD",13,1
4816,65 Pl & Woodside Ave,6149.02,40.74334,-73.89903,71,"KEY, CREDITCARD",19,false,12,1,5,0,true,true,true,false,2023-01-26 19:15:38 UTC,4816,65 Pl & Woodside Ave,40.74334,-73.89903,71,"KEY, CREDITCARD",12,1
4934,Prospect Pl & Howard Ave,3991.04,40.67261,-73.91977,71,"KEY, CREDITCARD",19,false,12,1,5,0,true,true,true,false,2023-01-26 17:48:21 UTC,4934,Prospect Pl & Howard Ave,40.67261,-73.91977,71,"KEY, CREDITCARD",12,1
3921,Willis Ave & Bruckner Blvd,7691.05,40.805701,-73.925177,71,"KEY, CREDITCARD",19,false,12,1,6,0,true,true,true,false,2023-01-26 17:55:03 UTC,3921,Willis Ave & Bruckner Blvd,40.805701,-73.925177,71,"KEY, CREDITCARD",12,1
3952,E 141 St & Jackson Ave,7703.14,40.806896,-73.911837,71,"KEY, CREDITCARD",19,false,12,1,6,0,true,true,true,false,2023-01-26 18:21:36 UTC,3952,E 141 St & Jackson Ave,40.806896,-73.911837,71,"KEY, CREDITCARD",12,1
3957,E 144 St & Brook Ave,7777.02,40.811675,-73.917037,71,"KEY, CREDITCARD",19,false,13,0,6,0,true,true,true,false,2023-01-26 12:21:42 UTC,3957,E 144 St & Brook Ave,40.811675,-73.917037,71,"KEY, CREDITCARD",13,0
4131,Goble Pl & Macombs Rd,8269.01,40.844075,-73.917256,71,"KEY, CREDITCARD",19,false,12,1,6,0,true,true,true,false,2023-01-26 18:32:53 UTC,4131,Goble Pl & Macombs Rd,40.844075,-73.917256,71,"KEY, CREDITCARD",12,1
4162,Southern Blvd & E 172 St,8129.02,40.834124,-73.88955,71,"KEY, CREDITCARD",19,false,11,2,6,0,true,true,true,false,2023-01-26 18:32:24 UTC,4162,Southern Blvd & E 172 St,40.834124,-73.88955,71,"KEY, CREDITCARD",11,2
4576,Goulden Ave & Bedford Park Blvd W,8738.01,40.87387,-73.89533,71,"KEY, CREDITCARD",19,false,11,0,6,0,true,true,true,false,2023-01-26 19:03:33 UTC,4576,Goulden Ave & Bedford Park Blvd W,40.87387,-73.89533,71,"KEY, CREDITCARD",11,0
4670,W Tremont Ave & Matthewson Rd,8428.04,40.853827,-73.920765,71,"KEY, CREDITCARD",19,false,8,3,6,0,true,true,true,false,2023-01-26 14:15:29 UTC,4670,W Tremont Ave & Matthewson Rd,40.853827,-73.920765,71,"KEY, CREDITCARD",8,3
4826,51 Ave & 61 St,5923.02,40.73568,-73.90387,71,"KEY, CREDITCARD",19,false,12,0,6,0,true,true,true,false,2023-01-26 16:14:06 UTC,4826,51 Ave & 61 St,40.73568,-73.90387,71,"KEY, CREDITCARD",12,0
3888,Woodward Ave & Harman St,5074.08,40.70793,-73.91092,71,"KEY, CREDITCARD",19,false,10,1,7,0,true,true,true,false,2023-01-26 19:02:38 UTC,3888,Woodward Ave & Harman St,40.70793,-73.91092,71,"KEY, CREDITCARD",10,1
4092,Jerome Ave & Anderson Ave,8061.01,40.830179,-73.928747,71,"KEY, CREDITCARD",19,false,11,0,7,0,true,true,true,false,2023-01-26 19:18:42 UTC,4092,Jerome Ave & Anderson Ave,40.830179,-73.928747,71,"KEY, CREDITCARD",11,0
4458,Dyckman St & 10 Ave,8507.02,40.858904475384122,-73.9230939745903,71,"KEY, CREDITCARD",19,false,11,1,7,0,true,true,true,false,2023-01-26 14:30:23 UTC,4458,Dyckman St & 10 Ave,40.858904475384122,-73.9230939745903,71,"KEY, CREDITCARD",11,1
4827,Tyler Ave & Maurice Ave,5881.01,40.73394,-73.90128,71,"KEY, CREDITCARD",19,false,12,0,7,0,true,true,true,false,2023-01-26 18:50:04 UTC,4827,Tyler Ave & Maurice Ave,40.73394,-73.90128,71,"KEY, CREDITCARD",12,0
421,Clermont Ave & Park Ave,4692.01,40.69573398,-73.97129668,71,"KEY, CREDITCARD",19,false,10,0,8,0,true,true,true,false,2023-01-26 18:59:26 UTC,421,Clermont Ave & Park Ave,40.69573398,-73.97129668,71,"KEY, CREDITCARD",10,0
3071,Boerum St & Broadway,5004.02,40.70538077,-73.94976519,71,"KEY, CREDITCARD",19,false,10,1,8,0,true,true,true,false,2023-01-26 18:06:45 UTC,3071,Boerum St & Broadway,40.70538077,-73.94976519,71,"KEY, CREDITCARD",10,1
3249,Verona Pl & Fulton St,4124.04,40.6803560840434,-73.9476791024208,71,"KEY, CREDITCARD",19,false,9,2,8,0,true,true,true,false,2023-01-26 19:09:09 UTC,3249,Verona Pl & Fulton St,40.6803560840434,-73.9476791024208,71,"KEY, CREDITCARD",9,2
3759,Irving Ave & Jefferson St,5051.02,40.70538,-73.92535,71,"KEY, CREDITCARD",19,false,10,1,8,0,true,true,true,false,2023-01-26 19:28:34 UTC,3759,Irving Ave & Jefferson St,40.70538,-73.92535,71,"KEY, CREDITCARD",10,1
3929,Willis Ave & E 141 St,7759.08,40.81093,-73.921606,71,"KEY, CREDITCARD",19,false,11,0,8,0,true,true,true,false,2023-01-26 18:18:59 UTC,3929,Willis Ave & E 141 St,40.81093,-73.921606,71,"KEY, CREDITCARD",11,0
4147,E 163 St & Tiffany St,7927.08,40.821075,-73.895069,71,"KEY, CREDITCARD",19,false,9,1,8,0,true,true,true,false,2023-01-26 19:21:39 UTC,4147,E 163 St & Tiffany St,40.821075,-73.895069,71,"KEY, CREDITCARD",9,1
4799,39 Ave & 54 St,6392.02,40.74891,-73.90899,71,"KEY, CREDITCARD",19,false,11,0,8,0,true,true,true,false,2023-01-26 18:45:16 UTC,4799,39 Ave & 54 St,40.74891,-73.90899,71,"KEY, CREDITCARD",11,0
4825,64 St & 51 Ave,5956.04,40.73577,-73.90184,71,"KEY, CREDITCARD",19,false,11,0,8,0,true,true,true,false,2023-01-26 13:27:17 UTC,4825,64 St & 51 Ave,40.73577,-73.90184,71,"KEY, CREDITCARD",11,0
3586,34 Ave & 13 St,6836.07,40.7638753,-73.9364848,71,"KEY, CREDITCARD",19,false,9,1,9,0,true,true,true,false,2023-01-26 15:00:53 UTC,3586,34 Ave & 13 St,40.7638753,-73.9364848,71,"KEY, CREDITCARD",9,1
3955,St Mary's St & Jackson Ave,7737.06,40.808891,-73.91081,71,"KEY, CREDITCARD",19,false,8,1,9,0,true,true,true,false,2023-01-26 19:07:13 UTC,3955,St Mary's St & Jackson Ave,40.808891,-73.91081,71,"KEY, CREDITCARD",8,1
4101,E 153 St & E 157 St,8025.01,40.826677,-73.929327,71,"KEY, CREDITCARD",19,false,10,0,9,0,true,true,true,false,2023-01-26 14:55:09 UTC,4101,E 153 St & E 157 St,40.826677,-73.929327,71,"KEY, CREDITCARD",10,0
4142,Barry St & Tiffany St,7844.05,40.816126,-73.891559,71,"KEY, CREDITCARD",19,false,9,0,9,0,true,true,true,false,2023-01-26 08:31:56 UTC,4142,Barry St & Tiffany St,40.816126,-73.891559,71,"KEY, CREDITCARD",9,0
4156,Fulton Ave & St. Paul's Pl,8152.03,40.83545,-73.90153,71,"KEY, CREDITCARD",19,false,7,2,9,0,true,true,true,false,2023-01-26 18:19:16 UTC,4156,Fulton Ave & St. Paul's Pl,40.83545,-73.90153,71,"KEY, CREDITCARD",7,2
4202,Dawson St & Intervale Ave,7888.10,40.819999,-73.897263,71,"KEY, CREDITCARD",19,false,10,0,9,0,true,true,true,false,2023-01-26 08:31:53 UTC,4202,Dawson St & Intervale Ave,40.819999,-73.897263,71,"KEY, CREDITCARD",10,0
4250,Seneca Ave & Irvine St,7883.09,40.818725699901158,-73.888624906539917,71,"KEY, CREDITCARD",19,false,9,0,9,0,true,true,true,false,2023-01-26 08:31:56 UTC,4250,Seneca Ave & Irvine St,40.818725699901158,-73.888624906539917,71,"KEY, CREDITCARD",9,0
4461,Dyckman St & Staff St,8655.02,40.868846,-73.931537,71,"KEY, CREDITCARD",19,false,7,0,9,0,true,true,true,false,2023-01-26 17:42:38 UTC,4461,Dyckman St & Staff St,40.868846,-73.931537,71,"KEY, CREDITCARD",7,0
4611,E Mosholu Pkwy & E 204 St,8748.02,40.8740704,-73.8833650931,71,"KEY, CREDITCARD",19,false,5,3,9,0,true,true,true,false,2023-01-26 17:16:05 UTC,4611,E Mosholu Pkwy & E 204 St,40.8740704,-73.8833650931,71,"KEY, CREDITCARD",5,3
4774,43 St & Skillman Ave,6325.01,40.74692675687384,-73.9208248257637,71,"KEY, CREDITCARD",19,false,7,2,9,0,true,true,true,false,2023-01-26 18:19:46 UTC,4774,43 St & Skillman Ave,40.74692675687384,-73.9208248257637,71,"KEY, CREDITCARD",7,2
4966,Thomas S. Boyland St & Marion St,4253.02,40.6814658848122,-73.914156854152679,71,"KEY, CREDITCARD",19,false,10,0,9,0,true,true,true,false,2023-01-26 09:47:54 UTC,4966,Thomas S. Boyland St & Marion St,40.6814658848122,-73.914156854152679,71,"KEY, CREDITCARD",10,0
3808,24 St & 41 Ave,6505.09,40.752474,-73.939991,71,"KEY, CREDITCARD",19,false,8,1,10,0,true,true,true,false,2023-01-26 19:29:56 UTC,3808,24 St & 41 Ave,40.752474,-73.939991,71,"KEY, CREDITCARD",8,1
3811,27 Ave & 3 St,7132.08,40.77485,-73.9342,71,"KEY, CREDITCARD",19,false,7,1,10,0,true,true,true,false,2023-01-26 18:46:31 UTC,3811,27 Ave & 3 St,40.77485,-73.9342,71,"KEY, CREDITCARD",7,1
3966,Wales Ave & E 147 St,7751.05,40.811314,-73.907729,71,"KEY, CREDITCARD",19,false,7,1,10,0,true,true,true,false,2023-01-26 19:30:41 UTC,3966,Wales Ave & E 147 St,40.811314,-73.907729,71,"KEY, CREDITCARD",7,1
4132,Southern Blvd & Avenue St. John,7767.06,40.812769,-73.901583,71,"KEY, CREDITCARD",19,false,8,1,10,0,true,true,true,false,2023-01-26 18:24:33 UTC,4132,Southern Blvd & Avenue St. John,40.812769,-73.901583,71,"KEY, CREDITCARD",8,1
4163,Boone Ave & E 172 St,8110.04,40.832649,-73.885272,71,"KEY, CREDITCARD",19,false,7,1,10,0,true,true,true,false,2023-01-26 18:53:22 UTC,4163,Boone Ave & E 172 St,40.832649,-73.885272,71,"KEY, CREDITCARD",7,1
4293,Ditmars Blvd & 76 St,6927.03,40.768442,-73.893531,71,"KEY, CREDITCARD",19,false,9,0,10,0,true,true,true,false,2023-01-26 17:01:46 UTC,4293,Ditmars Blvd & 76 St,40.768442,-73.893531,71,"KEY, CREDITCARD",9,0
4580,Goulden Ave & W 205 St,8799.01,40.87812,-73.89192,71,"KEY, CREDITCARD",19,false,3,3,10,0,true,true,true,false,2023-01-26 17:28:46 UTC,4580,Goulden Ave & W 205 St,40.87812,-73.89192,71,"KEY, CREDITCARD",3,3
4839,Bleecker St & Forest Ave,5176.04,40.7107,-73.90525,71,"KEY, CREDITCARD",19,false,9,0,10,0,true,true,true,false,2023-01-26 19:31:40 UTC,4839,Bleecker St & Forest Ave,40.7107,-73.90525,71,"KEY, CREDITCARD",9,0
823c0615-2832-4e76-85f0-7cf527151aba,Grand St & 14 St,HB506,40.75409,-74.0316,311,"KEY, CREDITCARD",19,false,8,0,11,0,true,true,true,false,2023-01-26 19:33:01 UTC,823c0615-2832-4e76-85f0-7cf527151aba,Grand St & 14 St,40.75409,-74.0316,311,"KEY, CREDITCARD",8,0
3042,Fulton St & Utica Ave,4228.02,40.6794268,-73.9298911,71,"KEY, CREDITCARD",19,false,7,1,11,0,true,true,true,false,2023-01-26 19:06:21 UTC,3042,Fulton St & Utica Ave,40.6794268,-73.9298911,71,"KEY, CREDITCARD",7,1
3515,24 Ave & 26 St,7152.10,40.774591,-73.918544,71,"KEY, CREDITCARD",19,false,5,3,11,0,true,true,true,false,2023-01-26 18:54:41 UTC,3515,24 Ave & 26 St,40.774591,-73.918544,71,"KEY, CREDITCARD",5,3
3933,Gerard Ave & E 146 St,7868.05,40.817755,-73.92965,71,"KEY, CREDITCARD",19,false,7,1,11,0,true,true,true,false,2023-01-26 19:14:56 UTC,3933,Gerard Ave & E 146 St,40.817755,-73.92965,71,"KEY, CREDITCARD",7,1
3950,Brook Ave & E 141 St,7740.08,40.809619,-73.917875,71,"KEY, CREDITCARD",19,false,8,0,11,0,true,true,true,false,2023-01-26 19:16:58 UTC,3950,Brook Ave & E 141 St,40.809619,-73.917875,71,"KEY, CREDITCARD",8,0
3976,E 156 & Brook Ave,7896.11,40.819823,-73.912411,71,"KEY, CREDITCARD",19,false,6,0,11,0,true,true,true,false,2023-01-26 19:26:56 UTC,3976,E 156 & Brook Ave,40.819823,-73.912411,71,"KEY, CREDITCARD",6,0
3988,E 128 St & 3 Ave,7696.07,40.805631,-73.934077,71,"KEY, CREDITCARD",19,false,8,0,11,0,true,true,true,false,2023-01-26 14:55:09 UTC,3988,E 128 St & 3 Ave,40.805631,-73.934077,71,"KEY, CREDITCARD",8,0
4192,Prospect Ave & E 167 St,8008.03,40.826303,-73.898751,71,"KEY, CREDITCARD",19,false,7,1,11,0,true,true,true,false,2023-01-26 19:26:25 UTC,4192,Prospect Ave & E 167 St,40.826303,-73.898751,71,"KEY, CREDITCARD",7,1
4205,Crotona Park North & Prospect Ave,8236.01,40.841092,-73.892317,71,"KEY, CREDITCARD",19,false,7,0,11,0,true,true,true,false,2023-01-26 19:31:33 UTC,4205,Crotona Park North & Prospect Ave,40.841092,-73.892317,71,"KEY, CREDITCARD",7,0
4450,Wakeman Pl & Ridge Blvd,2932.03,40.639421,-74.026823,71,"KEY, CREDITCARD",19,false,6,1,11,0,true,true,true,false,2023-01-26 18:50:35 UTC,4450,Wakeman Pl & Ridge Blvd,40.639421,-74.026823,71,"KEY, CREDITCARD",6,1
4786,Sedgwick Ave & W Tremont Ave,8428.05,40.853044558689852,-73.918306231498718,71,"KEY, CREDITCARD",19,false,5,2,11,0,true,true,true,false,2023-01-26 16:02:29 UTC,4786,Sedgwick Ave & W Tremont Ave,40.853044558689852,-73.918306231498718,71,"KEY, CREDITCARD",5,2
4819,72 St & Woodside Ave,6141.02,40.74288,-73.89283,71,"KEY, CREDITCARD",19,false,6,1,11,0,true,true,true,false,2023-01-26 19:21:48 UTC,4819,72 St & Woodside Ave,40.74288,-73.89283,71,"KEY, CREDITCARD",6,1
4823,61 St & Laurel Hill Blvd,5998.09,40.7388,-73.90338,71,"KEY, CREDITCARD",19,false,8,0,11,0,true,true,true,false,2023-01-26 17:12:07 UTC,4823,61 St & Laurel Hill Blvd,40.7388,-73.90338,71,"KEY, CREDITCARD",8,0
4850,Cypress Hills St & Otto Rd,4904.03,40.70204,-73.89288,71,"KEY, CREDITCARD",19,false,7,0,11,0,true,true,true,false,2023-01-26 19:00:35 UTC,4850,Cypress Hills St & Otto Rd,40.70204,-73.89288,71,"KEY, CREDITCARD",7,0
4937,Pacific St & Rochester Ave,4113.01,40.67639,-73.92748,71,"KEY, CREDITCARD",19,false,7,1,11,0,true,true,true,false,2023-01-26 12:53:41 UTC,4937,Pacific St & Rochester Ave,40.67639,-73.92748,71,"KEY, CREDITCARD",7,1
4998,College Ave & E 169 St,8141.05,40.835122799036405,-73.911968171596527,71,"KEY, CREDITCARD",19,false,5,1,11,0,true,true,true,false,2023-01-26 18:10:21 UTC,4998,College Ave & E 169 St,40.835122799036405,-73.911968171596527,71,"KEY, CREDITCARD",5,1
3565,36 Ave & 10 St,6737.03,40.7614376,-73.9411265,71,"KEY, CREDITCARD",19,false,6,1,12,0,true,true,true,false,2023-01-26 19:18:47 UTC,3565,36 Ave & 10 St,40.7614376,-73.9411265,71,"KEY, CREDITCARD",6,1
3758,George St & Wilson Ave,4906.07,40.702997,-73.92997,71,"KEY, CREDITCARD",19,false,7,0,12,0,true,true,true,false,2023-01-26 19:28:17 UTC,3758,George St & Wilson Ave,40.702997,-73.92997,71,"KEY, CREDITCARD",7,0
3834,Irving Ave & Halsey St,4695.04,40.69467,-73.90663,71,"KEY, CREDITCARD",19,false,4,2,12,0,true,true,true,false,2023-01-26 19:25:27 UTC,3834,Irving Ave & Halsey St,40.69467,-73.90663,71,"KEY, CREDITCARD",4,2
3965,E 149 St & Eagle Ave,7793.02,40.814046,-73.91186,71,"KEY, CREDITCARD",19,false,5,2,12,0,true,true,true,false,2023-01-26 19:07:33 UTC,3965,E 149 St & Eagle Ave,40.814046,-73.91186,71,"KEY, CREDITCARD",5,2
3969,St Ann's Ave & Westchester Ave,7835.10,40.815887,-73.911918,71,"KEY, CREDITCARD",19,false,5,2,12,0,true,true,true,false,2023-01-26 19:05:20 UTC,3969,St Ann's Ave & Westchester Ave,40.815887,-73.911918,71,"KEY, CREDITCARD",5,2
4276,20 Ave & Shore Blvd,7391.02,40.785994,-73.915098,71,"KEY, CREDITCARD",19,false,7,0,12,0,true,true,true,false,2023-01-26 19:24:02 UTC,4276,20 Ave & Shore Blvd,40.785994,-73.915098,71,"KEY, CREDITCARD",7,0
4795,Skillman Ave & 54 St,6276.05,40.745502,-73.909887,71,"KEY, CREDITCARD",19,false,6,0,12,0,true,true,true,false,2023-01-26 19:22:25 UTC,4795,Skillman Ave & 54 St,40.745502,-73.909887,71,"KEY, CREDITCARD",6,0
341,Stanton St & Mangin St,5326.06,40.71782143,-73.97628939,71,"KEY, CREDITCARD",19,false,4,2,13,0,true,true,true,false,2023-01-26 19:27:21 UTC,341,Stanton St & Mangin St,40.71782143,-73.97628939,71,"KEY, CREDITCARD",4,2
373,Willoughby Ave & Walworth St,4634.02,40.69331716,-73.95381995,71,"KEY, CREDITCARD",19,false,4,2,13,0,true,true,true,false,2023-01-26 19:32:15 UTC,373,Willoughby Ave & Walworth St,40.69331716,-73.95381995,71,"KEY, CREDITCARD",4,2
3559,21 St & 38 Ave,6656.05,40.7576314,-73.9391224,71,"KEY, CREDITCARD",19,false,6,0,13,0,true,true,true,false,2023-01-26 14:57:56 UTC,3559,21 St & 38 Ave,40.7576314,-73.9391224,71,"KEY, CREDITCARD",6,0
3857,Engert Ave & McGuinness Blvd,5473.03,40.72158,-73.94546,71,"KEY, CREDITCARD",19,false,4,1,13,0,true,true,true,false,2023-01-26 17:28:42 UTC,3857,Engert Ave & McGuinness Blvd,40.72158,-73.94546,71,"KEY, CREDITCARD",4,1
3930,E 142 St & 3 Ave,7781.10,40.812735,-73.923697,71,"KEY, CREDITCARD",19,false,5,0,13,0,true,true,true,false,2023-01-26 17:47:13 UTC,3930,E 142 St & 3 Ave,40.812735,-73.923697,71,"KEY, CREDITCARD",5,0
3935,Amsterdam Ave & W 131 St,7842.16,40.816355,-73.954295,71,"KEY, CREDITCARD",19,false,3,1,13,0,true,true,true,false,2023-01-26 18:38:46 UTC,3935,Amsterdam Ave & W 131 St,40.816355,-73.954295,71,"KEY, CREDITCARD",3,1
3951,E 141 St & St Ann's Ave,7722.06,40.808633,-73.916124,71,"KEY, CREDITCARD",19,false,5,0,13,0,true,true,true,false,2023-01-26 16:46:44 UTC,3951,E 141 St & St Ann's Ave,40.808633,-73.916124,71,"KEY, CREDITCARD",5,0
4154,Faile St & Garrison Ave,7922.01,40.820578,-73.888271,71,"KEY, CREDITCARD",19,false,6,0,13,0,true,true,true,false,2023-01-26 19:22:45 UTC,4154,Faile St & Garrison Ave,40.820578,-73.888271,71,"KEY, CREDITCARD",6,0
4190,Walton Ave & E 171 St,8249.10,40.840683,-73.915073,71,"KEY, CREDITCARD",19,false,4,1,13,0,true,true,true,false,2023-01-26 19:15:45 UTC,4190,Walton Ave & E 171 St,40.840683,-73.915073,71,"KEY, CREDITCARD",4,1
4212,Franklin Ave & E 169 St,8118.02,40.83171,-73.90208,71,"KEY, CREDITCARD",19,false,4,0,13,0,true,true,true,false,2023-01-26 19:32:02 UTC,4212,Franklin Ave & E 169 St,40.83171,-73.90208,71,"KEY, CREDITCARD",4,0
4267,Bulova Ave & Brooklyn Queens Expressway W,6766.03,40.762507,-73.902534,71,"KEY, CREDITCARD",19,false,6,0,13,0,true,true,true,false,2023-01-26 18:44:46 UTC,4267,Bulova Ave & Brooklyn Queens Expressway W,40.762507,-73.902534,71,"KEY, CREDITCARD",6,0
4310,24 St & 38 Ave,6581.14,40.756351,-73.936515,71,"KEY, CREDITCARD",19,false,5,1,13,0,true,true,true,false,2023-01-26 18:33:15 UTC,4310,24 St & 38 Ave,40.756351,-73.936515,71,"KEY, CREDITCARD",5,1
4460,Dyckman St & Henshaw St,8636.04,40.867357,-73.92936,71,"KEY, CREDITCARD",19,false,4,0,13,0,true,true,true,false,2023-01-26 08:52:14 UTC,4460,Dyckman St & Henshaw St,40.867357,-73.92936,71,"KEY, CREDITCARD",4,0
4494,Townsend Ave & E 175 St,8323.05,40.84741,-73.911359,71,"KEY, CREDITCARD",19,false,5,1,13,0,true,true,true,false,2023-01-26 16:48:15 UTC,4494,Townsend Ave & E 175 St,40.84741,-73.911359,71,"KEY, CREDITCARD",5,1
4612,Macombs Rd & Featherbed Ln,8307.05,40.84552,-73.91722,71,"KEY, CREDITCARD",19,false,1,2,13,0,true,true,true,false,2023-01-26 16:01:58 UTC,4612,Macombs Rd & Featherbed Ln,40.84552,-73.91722,71,"KEY, CREDITCARD",1,2
4631,Sedgwick Ave & Hall of Fame Tce,8539.02,40.859532,-73.913303,71,"KEY, CREDITCARD",19,false,5,1,13,0,true,true,true,false,2023-01-26 14:00:06 UTC,4631,Sedgwick Ave & Hall of Fame Tce,40.859532,-73.913303,71,"KEY, CREDITCARD",5,1
4765,36 St & 47 Ave,6143.01,40.742218349960957,-73.929351568222046,71,"KEY, CREDITCARD",19,false,5,0,13,0,true,true,true,false,2023-01-26 10:22:23 UTC,4765,36 St & 47 Ave,40.742218349960957,-73.929351568222046,71,"KEY, CREDITCARD",5,0
4852,Myrtle Ave & 65 St,4862.04,40.70117,-73.8904,71,"KEY, CREDITCARD",19,false,3,3,13,0,true,true,true,false,2023-01-26 18:57:47 UTC,4852,Myrtle Ave & 65 St,40.70117,-73.8904,71,"KEY, CREDITCARD",3,3
3590,Carroll St & Franklin Ave,3847.04,40.6679411,-73.9588,71,"KEY, CREDITCARD",19,false,3,2,14,0,true,true,true,false,2023-01-26 19:32:24 UTC,3590,Carroll St & Franklin Ave,40.6679411,-73.9588,71,"KEY, CREDITCARD",3,2
3592,Crescent St & Broadway,6827.11,40.7633589,-73.9286471,71,"KEY, CREDITCARD",19,false,4,0,14,0,true,true,true,false,2023-01-26 19:29:41 UTC,3592,Crescent St & Broadway,40.7633589,-73.9286471,71,"KEY, CREDITCARD",4,0
3601,Sterling St & Bedford Ave,3665.06,40.6627059,-73.9569115,71,"KEY, CREDITCARD",19,false,5,0,14,0,true,true,true,false,2023-01-26 19:31:50 UTC,3601,Sterling St & Bedford Ave,40.6627059,-73.9569115,71,"KEY, CREDITCARD",5,0
3872,Hancock St & Wyckoff Ave,4735.16,40.6972,-73.90674,71,"KEY, CREDITCARD",19,false,4,1,14,0,true,true,true,false,2023-01-26 19:32:21 UTC,3872,Hancock St & Wyckoff Ave,40.6972,-73.90674,71,"KEY, CREDITCARD",4,1
3885,Onderdonk Ave & Gates Ave,4994.10,40.70413,-73.90737,71,"KEY, CREDITCARD",19,false,5,0,14,0,true,true,true,false,2023-01-26 13:29:14 UTC,3885,Onderdonk Ave & Gates Ave,40.70413,-73.90737,71,"KEY, CREDITCARD",5,0
3970,Melrose Ave & E 154 St,7918.12,40.819609,-73.916071,71,"KEY, CREDITCARD",19,false,3,1,14,0,true,true,true,false,2023-01-26 19:32:38 UTC,3970,Melrose Ave & E 154 St,40.819609,-73.916071,71,"KEY, CREDITCARD",3,1
4182,Louis Nine Blvd & Intervale Ave,8114.02,40.831998,-73.892686,71,"KEY, CREDITCARD",19,false,5,0,14,0,true,true,true,false,2023-01-26 18:33:43 UTC,4182,Louis Nine Blvd & Intervale Ave,40.831998,-73.892686,71,"KEY, CREDITCARD",5,0
4183,Fulton Ave & E 172 St,8186.01,40.839229,-73.899047,71,"KEY, CREDITCARD",19,false,2,2,14,0,true,true,true,false,2023-01-26 08:31:55 UTC,4183,Fulton Ave & E 172 St,40.839229,-73.899047,71,"KEY, CREDITCARD",2,2
4265,49 St & 31 Ave,6662.01,40.758057,-73.909831,71,"KEY, CREDITCARD",19,false,2,3,14,0,true,true,true,false,2023-01-26 19:10:31 UTC,4265,49 St & 31 Ave,40.758057,-73.909831,71,"KEY, CREDITCARD",2,3
4330,31 Rd & 21 St,6929.02,40.766824,-73.930486,71,"KEY, CREDITCARD",19,false,5,0,14,0,true,true,true,false,2023-01-26 18:05:46 UTC,4330,31 Rd & 21 St,40.766824,-73.930486,71,"KEY, CREDITCARD",5,0
4511,Grand Ave & W 181 St,8500.01,40.856302,-73.907302,71,"KEY, CREDITCARD",19,false,1,2,14,0,true,true,true,false,2023-01-26 19:29:08 UTC,4511,Grand Ave & W 181 St,40.856302,-73.907302,71,"KEY, CREDITCARD",1,2
4609,Paul Ave & W 205 St,8782.01,40.87704,-73.88943,71,"KEY, CREDITCARD",19,false,3,2,14,0,true,true,true,false,2023-01-26 19:09:18 UTC,4609,Paul Ave & W 205 St,40.87704,-73.88943,71,"KEY, CREDITCARD",3,2
4763,Skillman Ave & Honeywell St,6334.03,40.7471482490328,-73.929024338722229,71,"KEY, CREDITCARD",19,false,4,0,14,0,true,true,true,false,2023-01-26 15:28:23 UTC,4763,Skillman Ave & Honeywell St,40.7471482490328,-73.929024338722229,71,"KEY, CREDITCARD",4,0
4793,39 Dr & 52 St,6316.05,40.74732,-73.91197,71,"KEY, CREDITCARD",19,false,4,1,14,0,true,true,true,false,2023-01-26 19:12:57 UTC,4793,39 Dr & 52 St,40.74732,-73.91197,71,"KEY, CREDITCARD",4,1
4817,Woodside Ave & 69 St,6183.03,40.7428,-73.89584,71,"KEY, CREDITCARD",19,false,2,3,14,0,true,true,true,false,2023-01-26 13:00:17 UTC,4817,Woodside Ave & 69 St,40.7428,-73.89584,71,"KEY, CREDITCARD",2,3
4844,Summerfield St & Cypress Ave,4727.06,40.69662,-73.90056,71,"KEY, CREDITCARD",19,false,4,1,14,0,true,true,true,false,2023-01-26 18:46:25 UTC,4844,Summerfield St & Cypress Ave,40.69662,-73.90056,71,"KEY, CREDITCARD",4,1
4933,St Marks Ave & Ralph Ave,4031.05,40.67372,-73.92199,71,"KEY, CREDITCARD",19,false,3,1,14,0,true,true,true,false,2023-01-26 14:30:16 UTC,4933,St Marks Ave & Ralph Ave,40.67372,-73.92199,71,"KEY, CREDITCARD",3,1
289,Monroe St & Classon Ave,4336.01,40.6845683,-73.95881081,71,"KEY, CREDITCARD",19,false,1,3,15,0,true,true,true,false,2023-01-26 19:29:27 UTC,289,Monroe St & Classon Ave,40.6845683,-73.95881081,71,"KEY, CREDITCARD",1,3
3241,Monroe St & Tompkins Ave,4434.06,40.686203,-73.944694,71,"KEY, CREDITCARD",19,false,2,0,15,0,true,true,true,false,2023-01-26 19:27:34 UTC,3241,Monroe St & Tompkins Ave,40.686203,-73.944694,71,"KEY, CREDITCARD",2,0
3598,Newton Rd & 44 St,6743.06,40.7595701,-73.9142678,71,"KEY, CREDITCARD",19,false,3,0,15,0,true,true,true,false,2023-01-26 18:19:27 UTC,3598,Newton Rd & 44 St,40.7595701,-73.9142678,71,"KEY, CREDITCARD",3,0
3607,31 Ave & 14 St,6966.04,40.7682,-73.9322662,71,"KEY, CREDITCARD",19,false,2,1,15,0,true,true,true,false,2023-01-26 19:29:02 UTC,3607,31 Ave & 14 St,40.7682,-73.9322662,71,"KEY, CREDITCARD",2,1
3936,W 133 St & 12 Ave,7925.04,40.820003,-73.959089,71,"KEY, CREDITCARD",19,false,1,1,15,0,true,true,true,false,2023-01-26 19:16:20 UTC,3936,W 133 St & 12 Ave,40.820003,-73.959089,71,"KEY, CREDITCARD",1,1
4032,E 155 St & Courtlandt Ave,7940.02,40.82057,-73.917579,71,"KEY, CREDITCARD",19,false,4,0,15,0,true,true,true,false,2023-01-26 19:30:05 UTC,4032,E 155 St & Courtlandt Ave,40.82057,-73.917579,71,"KEY, CREDITCARD",4,0
4108,Clay Ave & E 173 St,8281.06,40.843264,-73.904867,71,"KEY, CREDITCARD",19,false,3,0,15,0,true,true,true,false,2023-01-26 19:19:57 UTC,4108,Clay Ave & E 173 St,40.843264,-73.904867,71,"KEY, CREDITCARD",3,0
4158,Freeman St & Reverend James A Polite Ave,8080.01,40.830529,-73.894717,71,"KEY, CREDITCARD",19,false,4,0,15,0,true,true,true,false,2023-01-26 08:31:54 UTC,4158,Freeman St & Reverend James A Polite Ave,40.830529,-73.894717,71,"KEY, CREDITCARD",4,0
4185,Southern Blvd & E 175 St,8196.02,40.839335,-73.886445,71,"KEY, CREDITCARD",19,false,4,0,15,0,true,true,true,false,2023-01-26 19:21:31 UTC,4185,Southern Blvd & E 175 St,40.839335,-73.886445,71,"KEY, CREDITCARD",4,0
4211,Union Ave & E 169 St,8064.03,40.82995,-73.898802,71,"KEY, CREDITCARD",19,false,3,1,15,0,true,true,true,false,2023-01-26 15:26:00 UTC,4211,Union Ave & E 169 St,40.82995,-73.898802,71,"KEY, CREDITCARD",3,1
4273,Ditmars Blvd & 48 St,6935.01,40.769219,-73.901001,71,"KEY, CREDITCARD",19,false,3,1,15,0,true,true,true,false,2023-01-26 18:31:13 UTC,4273,Ditmars Blvd & 48 St,40.769219,-73.901001,71,"KEY, CREDITCARD",3,1
4286,58 St & 32 Ave,6579.03,40.75574,-73.903427,71,"KEY, CREDITCARD",19,false,4,0,15,0,true,true,true,false,2023-01-26 19:28:03 UTC,4286,58 St & 32 Ave,40.75574,-73.903427,71,"KEY, CREDITCARD",4,0
4305,34 Ave & 31 St,6720.07,40.759604471387945,-73.927144110202789,71,"KEY, CREDITCARD",19,false,3,1,15,0,true,true,true,false,2023-01-26 19:26:00 UTC,4305,34 Ave & 31 St,40.759604471387945,-73.927144110202789,71,"KEY, CREDITCARD",3,1
4322,20 Ave & 21 St,7363.04,40.784003,-73.912297,71,"KEY, CREDITCARD",19,false,4,0,15,0,true,true,true,false,2023-01-26 19:21:50 UTC,4322,20 Ave & 21 St,40.784003,-73.912297,71,"KEY, CREDITCARD",4,0
4414,24 St & 5 Ave,3555.04,40.659555,-73.995068,71,"KEY, CREDITCARD",19,false,3,0,15,0,true,true,true,false,2023-01-26 18:56:45 UTC,4414,24 St & 5 Ave,40.659555,-73.995068,71,"KEY, CREDITCARD",3,0
4570,W 176 St & Montgomery Ave,8366.06,40.849629,-73.919205,71,"KEY, CREDITCARD",19,false,1,0,15,0,true,true,true,false,2023-01-26 19:32:18 UTC,4570,W 176 St & Montgomery Ave,40.849629,-73.919205,71,"KEY, CREDITCARD",1,0
4608,Grand Concourse & E 205 St,8766.03,40.875531,-73.8863864831,71,"KEY, CREDITCARD",19,false,0,1,15,0,true,true,true,false,2023-01-26 12:50:05 UTC,4608,Grand Concourse & E 205 St,40.875531,-73.8863864831,71,"KEY, CREDITCARD",0,1
4767,48 Ave & 37 St,6067.01,40.740346680871852,-73.928860723972321,71,"KEY, CREDITCARD",19,false,4,0,15,0,true,true,true,false,2023-01-26 18:32:29 UTC,4767,48 Ave & 37 St,40.740346680871852,-73.928860723972321,71,"KEY, CREDITCARD",4,0
4770,39 St & 47 Ave,6143.05,40.742156368277278,-73.926626443862915,71,"KEY, CREDITCARD",19,false,4,0,15,0,true,true,true,false,2023-01-26 19:28:27 UTC,4770,39 St & 47 Ave,40.742156368277278,-73.926626443862915,71,"KEY, CREDITCARD",4,0
4780,39 Ave & 45 St,6401.03,40.749478221834771,-73.918264657258973,71,"KEY, CREDITCARD",19,false,4,0,15,0,true,true,true,false,2023-01-26 17:13:00 UTC,4780,39 Ave & 45 St,40.749478221834771,-73.918264657258973,71,"KEY, CREDITCARD",4,0
4908,Fulton St & Saratoga Ave,4179.03,40.67853,-73.91642,71,"KEY, CREDITCARD",19,false,3,1,15,0,true,true,true,false,2023-01-26 17:12:02 UTC,4908,Fulton St & Saratoga Ave,40.67853,-73.91642,71,"KEY, CREDITCARD",3,1
4935,Sterling Pl & Ralph Ave,3958.02,40.67095,-73.92222,71,"KEY, CREDITCARD",19,false,3,1,15,0,true,true,true,false,2023-01-26 18:33:19 UTC,4935,Sterling Pl & Ralph Ave,40.67095,-73.92222,71,"KEY, CREDITCARD",3,1
4954,Pacific St & Ralph Ave,4105.01,40.67607,-73.92171,71,"KEY, CREDITCARD",19,false,4,0,15,0,true,true,true,false,2023-01-26 09:52:52 UTC,4954,Pacific St & Ralph Ave,40.67607,-73.92171,71,"KEY, CREDITCARD",4,0
3043,Lewis Ave & Decatur St,4237.01,40.6814598,-73.934903,71,"KEY, CREDITCARD",19,false,2,1,16,0,true,true,true,false,2023-01-26 18:50:35 UTC,3043,Lewis Ave & Decatur St,40.6814598,-73.934903,71,"KEY, CREDITCARD",2,1
3530,Crescent St & Ditmars Blvd,7233.05,40.7787185,-73.9145645,71,"KEY, CREDITCARD",19,false,2,1,16,0,true,true,true,false,2023-01-26 19:12:03 UTC,3530,Crescent St & Ditmars Blvd,40.7787185,-73.9145645,71,"KEY, CREDITCARD",2,1
3596,Sullivan Pl & Bedford Ave,3736.04,40.6642406,-73.9574686,71,"KEY, CREDITCARD",19,false,3,0,16,0,true,true,true,false,2023-01-26 19:30:52 UTC,3596,Sullivan Pl & Bedford Ave,40.6642406,-73.9574686,71,"KEY, CREDITCARD",3,0
4028,Frederick Douglass Blvd & Harlem River Dr,8100.01,40.830702,-73.936371,71,"KEY, CREDITCARD",19,false,1,1,16,0,true,true,true,false,2023-01-26 19:29:50 UTC,4028,Frederick Douglass Blvd & Harlem River Dr,40.830702,-73.936371,71,"KEY, CREDITCARD",1,1
4031,Cauldwell Ave & E 158 St,7913.15,40.81989,-73.908351,71,"KEY, CREDITCARD",19,false,1,0,16,0,true,true,true,false,2023-01-26 18:40:31 UTC,4031,Cauldwell Ave & E 158 St,40.81989,-73.908351,71,"KEY, CREDITCARD",1,0
4054,W 163 St & Riverside Dr,8210.01,40.839278,-73.945446,71,"KEY, CREDITCARD",19,false,2,0,16,0,true,true,true,false,2023-01-26 19:25:25 UTC,4054,W 163 St & Riverside Dr,40.839278,-73.945446,71,"KEY, CREDITCARD",2,0
4116,Gerard Ave & E 164 St,8077.07,40.830262,-73.923391,71,"KEY, CREDITCARD",19,false,2,0,16,0,true,true,true,false,2023-01-26 17:17:32 UTC,4116,Gerard Ave & E 164 St,40.830262,-73.923391,71,"KEY, CREDITCARD",2,0
4127,Ogden Ave & Merriam Ave,8218.04,40.839142,-73.925961,71,"KEY, CREDITCARD",19,false,0,3,16,0,true,true,true,false,2023-01-26 08:31:53 UTC,4127,Ogden Ave & Merriam Ave,40.839142,-73.925961,71,"KEY, CREDITCARD",0,3
4324,Ditmars Blvd & 73 St,6964.05,40.76817,-73.896293,71,"KEY, CREDITCARD",19,false,1,2,16,0,true,true,true,false,2023-01-26 17:46:24 UTC,4324,Ditmars Blvd & 73 St,40.76817,-73.896293,71,"KEY, CREDITCARD",1,2
4440,Ft. Washington Ave & W 190 St,8496.01,40.856906,-73.935662,71,"KEY, CREDITCARD",19,false,1,0,16,0,true,true,true,false,2023-01-26 19:07:11 UTC,4440,Ft. Washington Ave & W 190 St,40.856906,-73.935662,71,"KEY, CREDITCARD",1,0
4473,Broadway & W 220 St,8715.01,40.872412,-73.912807,71,"KEY, CREDITCARD",19,false,1,1,16,0,true,true,true,false,2023-01-26 15:14:16 UTC,4473,Broadway & W 220 St,40.872412,-73.912807,71,"KEY, CREDITCARD",1,1
4553,Andrew Ave N & Hall of Fame Tce,8520.01,40.85834,-73.91008,71,"KEY, CREDITCARD",19,false,1,0,16,0,true,true,true,false,2023-01-26 19:29:29 UTC,4553,Andrew Ave N & Hall of Fame Tce,40.85834,-73.91008,71,"KEY, CREDITCARD",1,0
4902,Patchen Ave & Bainbridge St,4261.03,40.68143,-73.92565,71,"KEY, CREDITCARD",19,false,2,1,16,0,true,true,true,false,2023-01-26 13:51:36 UTC,4902,Patchen Ave & Bainbridge St,40.68143,-73.92565,71,"KEY, CREDITCARD",2,1
120,Lexington Ave & Classon Ave,4452.03,40.68676793,-73.95928168,71,"KEY, CREDITCARD",19,false,1,1,17,0,true,true,true,false,2023-01-26 18:02:58 UTC,120,Lexington Ave & Classon Ave,40.68676793,-73.95928168,71,"KEY, CREDITCARD",1,1
278,Concord St & Bridge St,4781.03,40.69766564,-73.98476437,71,"KEY, CREDITCARD",19,false,1,0,17,0,true,true,true,false,2023-01-26 19:02:50 UTC,278,Concord St & Bridge St,40.69766564,-73.98476437,71,"KEY, CREDITCARD",1,0
3661,Montgomery St & Franklin Ave,3776.05,40.666439306870814,-73.9605563879013,71,"KEY, CREDITCARD",19,false,2,0,17,0,true,true,true,false,2023-01-26 17:14:00 UTC,3661,Montgomery St & Franklin Ave,40.666439306870814,-73.9605563879013,71,"KEY, CREDITCARD",2,0
3691,28 Ave & 44 St,6879.04,40.76408932350688,-73.910651206970215,71,"KEY, CREDITCARD",19,false,0,1,17,0,true,true,true,false,2023-01-26 19:28:23 UTC,3691,28 Ave & 44 St,40.76408932350688,-73.910651206970215,71,"KEY, CREDITCARD",0,1
3755,DeKalb Ave & Franklin Ave,4528.01,40.690648070829432,-73.957461789250374,71,"KEY, CREDITCARD",19,false,1,0,17,0,true,true,true,false,2023-01-26 19:26:47 UTC,3755,DeKalb Ave & Franklin Ave,40.690648070829432,-73.957461789250374,71,"KEY, CREDITCARD",1,0
3767,Powers St & Olive St,5210.01,40.71323,-73.93894,71,"KEY, CREDITCARD",19,false,1,1,17,0,true,true,true,false,2023-01-26 19:31:27 UTC,3767,Powers St & Olive St,40.71323,-73.93894,71,"KEY, CREDITCARD",1,1
3868,Knickerbocker Ave & Halsey St,4623.02,40.693,-73.90824,71,"KEY, CREDITCARD",19,false,1,0,17,0,true,true,true,false,2023-01-26 18:24:30 UTC,3868,Knickerbocker Ave & Halsey St,40.693,-73.90824,71,"KEY, CREDITCARD",1,0
3920,E 132 St & Madison Ave,7748.02,40.810224,-73.937195,71,"KEY, CREDITCARD",19,false,0,1,17,0,true,true,true,false,2023-01-26 17:34:41 UTC,3920,E 132 St & Madison Ave,40.810224,-73.937195,71,"KEY, CREDITCARD",0,1
4106,Ogden Ave & W 164 St,8115.01,40.832812,-73.929372,71,"KEY, CREDITCARD",19,false,0,2,17,0,true,true,true,false,2023-01-26 18:08:09 UTC,4106,Ogden Ave & W 164 St,40.832812,-73.929372,71,"KEY, CREDITCARD",0,2
4157,Boston Rd & Prospect Ave,8133.08,40.833246,-73.896599,71,"KEY, CREDITCARD",19,false,1,1,17,0,true,true,true,false,2023-01-26 17:16:58 UTC,4157,Boston Rd & Prospect Ave,40.833246,-73.896599,71,"KEY, CREDITCARD",1,1
4160,Washington Ave & E 174 St,8277.03,40.843079,-73.900216,71,"KEY, CREDITCARD",19,false,2,0,17,0,true,true,true,false,2023-01-26 16:08:54 UTC,4160,Washington Ave & E 174 St,40.843079,-73.900216,71,"KEY, CREDITCARD",2,0
4168,Mount Eden Pkwy & Eastburn Ave,8245.03,40.842675,-73.908544,71,"KEY, CREDITCARD",19,false,2,0,17,0,true,true,true,false,2023-01-26 14:29:54 UTC,4168,Mount Eden Pkwy & Eastburn Ave,40.842675,-73.908544,71,"KEY, CREDITCARD",2,0
4208,Walton Ave & E 153 St,7945.07,40.822351,-73.926907,71,"KEY, CREDITCARD",19,false,0,1,17,0,true,true,true,false,2023-01-26 18:30:04 UTC,4208,Walton Ave & E 153 St,40.822351,-73.926907,71,"KEY, CREDITCARD",0,1
4396,62 St & 4 Ave,2923.01,40.639859,-74.019776,71,"KEY, CREDITCARD",19,false,2,0,17,0,true,true,true,false,2023-01-26 16:45:24 UTC,4396,62 St & 4 Ave,40.639859,-74.019776,71,"KEY, CREDITCARD",2,0
4457,Broadway & Ellwood St,8547.04,40.862058,-73.929719,71,"KEY, CREDITCARD",19,false,1,1,17,0,true,true,true,false,2023-01-26 18:06:53 UTC,4457,Broadway & Ellwood St,40.862058,-73.929719,71,"KEY, CREDITCARD",1,1
4610,Paul Ave & Mosholu Pkwy,8811.01,40.8802945,-73.8860653648,71,"KEY, CREDITCARD",19,false,1,1,17,0,true,true,true,false,2023-01-26 19:22:17 UTC,4610,Paul Ave & Mosholu Pkwy,40.8802945,-73.8860653648,71,"KEY, CREDITCARD",1,1
4846,Wyckoff Ave & Cooper Ave,4615.01,40.69338,-73.90061,71,"KEY, CREDITCARD",19,false,2,0,17,0,true,true,true,false,2023-01-26 09:52:53 UTC,4846,Wyckoff Ave & Cooper Ave,40.69338,-73.90061,71,"KEY, CREDITCARD",2,0
4893,Hancock St & Stuyvesant Ave,4383.06,40.68454,-73.9322,71,"KEY, CREDITCARD",19,false,0,2,17,0,true,true,true,false,2023-01-26 17:24:29 UTC,4893,Hancock St & Stuyvesant Ave,40.68454,-73.9322,71,"KEY, CREDITCARD",0,2
4896,Hancock St & Malcolm X Blvd,4342.04,40.68487,-73.9293,71,"KEY, CREDITCARD",19,false,1,1,17,0,true,true,true,false,2023-01-26 18:52:32 UTC,4896,Hancock St & Malcolm X Blvd,40.68487,-73.9293,71,"KEY, CREDITCARD",1,1
4900,Macon St & Patchen Ave,4301.04,40.68374,-73.9261,71,"KEY, CREDITCARD",19,false,1,1,17,0,true,true,true,false,2023-01-26 19:32:09 UTC,4900,Macon St & Patchen Ave,40.68374,-73.9261,71,"KEY, CREDITCARD",1,1
5006,Brooklyn Ave & Dean St,4131.03,40.67669,-73.94437,71,"KEY, CREDITCARD",19,false,2,0,17,0,true,true,true,false,2023-01-26 19:17:27 UTC,5006,Brooklyn Ave & Dean St,40.67669,-73.94437,71,"KEY, CREDITCARD",2,0
5007,St Felix Ave & 61 St,4719.04,40.69715,-73.8936,71,"KEY, CREDITCARD",19,false,2,0,17,0,true,true,true,false,2023-01-26 15:52:01 UTC,5007,St Felix Ave & 61 St,40.69715,-73.8936,71,"KEY, CREDITCARD",2,0
275,Washington Ave & Greene Ave,4419.03,40.68650065,-73.96563307,71,"KEY, CREDITCARD",19,false,0,1,18,0,true,true,true,false,2023-01-26 19:10:38 UTC,275,Washington Ave & Greene Ave,40.68650065,-73.96563307,71,"KEY, CREDITCARD",0,1
3046,Marcus Garvey Blvd & Macon St,4278.03,40.682601,-73.938037,71,"KEY, CREDITCARD",19,false,1,0,18,0,true,true,true,false,2023-01-26 17:35:27 UTC,3046,Marcus Garvey Blvd & Macon St,40.682601,-73.938037,71,"KEY, CREDITCARD",1,0
3048,Putnam Ave & Nostrand Ave,4327.09,40.68402,-73.94977,71,"KEY, CREDITCARD",19,false,0,1,18,0,true,true,true,false,2023-01-26 17:07:18 UTC,3048,Putnam Ave & Nostrand Ave,40.68402,-73.94977,71,"KEY, CREDITCARD",0,1
3059,Pulaski St & Marcus Garvey Blvd,4656.03,40.6933982,-73.939877,71,"KEY, CREDITCARD",19,false,1,0,18,0,true,true,true,false,2023-01-26 19:31:52 UTC,3059,Pulaski St & Marcus Garvey Blvd,40.6933982,-73.939877,71,"KEY, CREDITCARD",1,0
3892,38 Ave & 29 St,6538.11,40.75473,-73.93367,71,"KEY, CREDITCARD",19,false,0,1,18,0,true,true,true,false,2023-01-26 17:26:59 UTC,3892,38 Ave & 29 St,40.75473,-73.93367,71,"KEY, CREDITCARD",0,1
4139,Tinton Ave & E 165 St,7991.01,40.824796,-73.90242,71,"KEY, CREDITCARD",19,false,0,1,18,0,true,true,true,false,2023-01-26 19:28:18 UTC,4139,Tinton Ave & E 165 St,40.824796,-73.90242,71,"KEY, CREDITCARD",0,1
4159,3 Ave & E 172 St,8205.05,40.839586,-73.900277,71,"KEY, CREDITCARD",19,false,1,0,18,0,true,true,true,false,2023-01-26 19:18:14 UTC,4159,3 Ave & E 172 St,40.839586,-73.900277,71,"KEY, CREDITCARD",1,0
4167,Grand Concourse & East Mount Eden Ave,8265.09,40.84301,-73.91172,71,"KEY, CREDITCARD",19,false,0,0,18,0,true,true,true,false,2023-01-26 18:38:48 UTC,4167,Grand Concourse & East Mount Eden Ave,40.84301,-73.91172,71,"KEY, CREDITCARD",0,0
4172,Washington Ave & E 167 St,8068.01,40.829896,-73.907618,71,"KEY, CREDITCARD",19,false,1,0,18,0,true,true,true,false,2023-01-26 15:01:42 UTC,4172,Washington Ave & E 167 St,40.829896,-73.907618,71,"KEY, CREDITCARD",1,0
4230,Charlotte St & Boston Rd,8167.04,40.8358771,-73.8931428,71,"KEY, CREDITCARD",19,false,0,1,18,0,true,true,true,false,2023-01-26 08:31:55 UTC,4230,Charlotte St & Boston Rd,40.8358771,-73.8931428,71,"KEY, CREDITCARD",0,1
4394,6 Ave & 55 St,3000.08,40.640831,-74.010996,71,"KEY, CREDITCARD",19,false,0,1,18,0,true,true,true,false,2023-01-26 17:42:51 UTC,4394,6 Ave & 55 St,40.640831,-74.010996,71,"KEY, CREDITCARD",0,1
4569,E 201 St & Briggs Ave,8717.07,40.87207,-73.88459,71,"KEY, CREDITCARD",19,false,1,0,18,0,true,true,true,false,2023-01-26 18:24:40 UTC,4569,E 201 St & Briggs Ave,40.87207,-73.88459,71,"KEY, CREDITCARD",1,0
4769,39 St & 50 Ave,6025.08,40.738249373459439,-73.92737478017807,71,"KEY, CREDITCARD",19,false,0,1,18,0,true,true,true,false,2023-01-26 18:56:01 UTC,4769,39 St & 50 Ave,40.738249373459439,-73.92737478017807,71,"KEY, CREDITCARD",0,1
4777,43 St & 50 Ave,5983.04,40.737872379505383,-73.922640681266785,71,"KEY, CREDITCARD",19,false,0,1,18,0,true,true,true,false,2023-01-26 17:44:18 UTC,4777,43 St & 50 Ave,40.737872379505383,-73.922640681266785,71,"KEY, CREDITCARD",0,1
4879,64 St & Woodbine St,5057.09,40.70809,-73.89549,71,"KEY, CREDITCARD",19,false,0,1,18,0,true,true,true,false,2023-01-26 17:53:28 UTC,4879,64 St & Woodbine St,40.70809,-73.89549,71,"KEY, CREDITCARD",0,1
4965,Sumpter St & Fulton St,4187.04,40.67923,-73.92588,71,"KEY, CREDITCARD",19,false,1,0,18,0,true,true,true,false,2023-01-26 18:44:49 UTC,4965,Sumpter St & Fulton St,40.67923,-73.92588,71,"KEY, CREDITCARD",1,0
3054,Greene Ave & Throop Ave,4510.04,40.6894932,-73.942061,71,"KEY, CREDITCARD",19,false,0,0,19,0,true,true,true,false,2023-01-26 18:03:28 UTC,3054,Greene Ave & Throop Ave,40.6894932,-73.942061,71,"KEY, CREDITCARD",0,0
3060,Willoughby Ave & Tompkins Ave,4665.02,40.69425403,-73.94626915,71,"KEY, CREDITCARD",19,false,0,0,19,0,true,true,true,false,2023-01-26 19:20:26 UTC,3060,Willoughby Ave & Tompkins Ave,40.69425403,-73.94626915,71,"KEY, CREDITCARD",0,0
3522,37 St & 24 Ave,6981.16,40.7701477,-73.9120938,71,"KEY, CREDITCARD",19,false,0,0,19,0,true,true,true,false,2023-01-26 16:03:37 UTC,3522,37 St & 24 Ave,40.7701477,-73.9120938,71,"KEY, CREDITCARD",0,0
3820,Willoughby Ave & Myrtle Ave,4759.02,40.69757,-73.93098,71,"KEY, CREDITCARD",19,false,0,0,19,0,true,true,true,false,2023-01-26 19:26:10 UTC,3820,Willoughby Ave & Myrtle Ave,40.69757,-73.93098,71,"KEY, CREDITCARD",0,0
3878,Cypress Ave & George St,4765.07,40.69812,-73.90271,71,"KEY, CREDITCARD",19,false,0,0,19,0,true,true,true,false,2023-01-26 19:20:54 UTC,3878,Cypress Ave & George St,40.69812,-73.90271,71,"KEY, CREDITCARD",0,0
3883,Harman St & Seneca Ave,5002.09,40.70577,-73.91292,71,"KEY, CREDITCARD",19,false,0,0,19,0,true,true,true,false,2023-01-26 14:54:56 UTC,3883,Harman St & Seneca Ave,40.70577,-73.91292,71,"KEY, CREDITCARD",0,0
4053,W 163 St & Edgecombe Ave,8153.10,40.835798,-73.937496,71,"KEY, CREDITCARD",19,false,0,0,19,0,true,true,true,false,2023-01-26 11:51:11 UTC,4053,W 163 St & Edgecombe Ave,40.835798,-73.937496,71,"KEY, CREDITCARD",0,0
4103,Ogden Ave & W 165 St,8149.09,40.834457,-73.928381,71,"KEY, CREDITCARD",19,false,0,0,19,0,true,true,true,false,2023-01-26 18:12:39 UTC,4103,Ogden Ave & W 165 St,40.834457,-73.928381,71,"KEY, CREDITCARD",0,0
4129,Anderson Ave & W 164 St,8096.03,40.832057,-73.927421,71,"KEY, CREDITCARD",19,false,0,0,19,0,true,true,true,false,2023-01-26 08:31:54 UTC,4129,Anderson Ave & W 164 St,40.832057,-73.927421,71,"KEY, CREDITCARD",0,0
4207,Sherman Ave & E 166 St,8072.06,40.831305492672961,-73.917447924613953,71,"KEY, CREDITCARD",19,false,0,0,19,0,true,true,true,false,2023-01-26 18:05:24 UTC,4207,Sherman Ave & E 166 St,40.831305492672961,-73.917447924613953,71,"KEY, CREDITCARD",0,0
4213,Wilkins Ave & Crotona Park E,8167.02,40.835302,-73.895133,71,"KEY, CREDITCARD",19,false,0,0,19,0,true,true,true,false,2023-01-26 08:31:54 UTC,4213,Wilkins Ave & Crotona Park E,40.835302,-73.895133,71,"KEY, CREDITCARD",0,0
4227,Crotona Park East & E 173 St,8182.02,40.837037,-73.890413,71,"KEY, CREDITCARD",19,false,0,0,19,0,true,true,true,false,2023-01-26 08:31:54 UTC,4227,Crotona Park East & E 173 St,40.837037,-73.890413,71,"KEY, CREDITCARD",0,0
4313,46 St & 28 Ave,6842.02,40.763328,-73.908782,71,"KEY, CREDITCARD",19,false,0,0,19,0,true,true,true,false,2023-01-26 08:52:10 UTC,4313,46 St & 28 Ave,40.763328,-73.908782,71,"KEY, CREDITCARD",0,0
4391,52 St & 6 Ave,3084.05,40.642703,-74.009441,71,"KEY, CREDITCARD",19,false,0,0,19,0,true,true,true,false,2023-01-26 08:52:12 UTC,4391,52 St & 6 Ave,40.642703,-74.009441,71,"KEY, CREDITCARD",0,0
4493,Anthony Ave & E 175 St,8319.01,40.846465,-73.903869,71,"KEY, CREDITCARD",19,false,0,0,19,0,true,true,true,false,2023-01-26 09:12:28 UTC,4493,Anthony Ave & E 175 St,40.846465,-73.903869,71,"KEY, CREDITCARD",0,0
4566,Bainbridge Ave & Bedford Park Blvd,8682.06,40.87002,-73.88565,71,"KEY, CREDITCARD",19,false,0,0,19,0,true,true,true,false,2023-01-26 12:01:53 UTC,4566,Bainbridge Ave & Bedford Park Blvd,40.87002,-73.88565,71,"KEY, CREDITCARD",0,0
4628,Aqueduct Ave & W 190 St,8605.06,40.8649213,-73.9024238,71,"KEY, CREDITCARD",19,false,0,0,19,0,true,true,true,false,2023-01-26 09:12:32 UTC,4628,Aqueduct Ave & W 190 St,40.8649213,-73.9024238,71,"KEY, CREDITCARD",0,0
4652,Rogers Pl & E 165 St,7987.14,40.823883664417608,-73.8974027708582,71,"KEY, CREDITCARD",19,false,0,0,19,0,true,true,true,false,2023-01-26 19:20:57 UTC,4652,Rogers Pl & E 165 St,40.823883664417608,-73.8974027708582,71,"KEY, CREDITCARD",0,0
4859,57 St & Grand Ave,5440.05,40.71921,-73.9124,71,"KEY, CREDITCARD",19,false,0,0,19,0,true,true,true,false,2023-01-26 15:46:03 UTC,4859,57 St & Grand Ave,40.71921,-73.9124,71,"KEY, CREDITCARD",0,0
4366,Albemarle Rd & McDonald Ave,3166.03,40.645074,-73.979681,71,"KEY, CREDITCARD",20,false,18,2,0,0,true,true,true,false,2023-01-26 14:00:37 UTC,4366,Albemarle Rd & McDonald Ave,40.645074,-73.979681,71,"KEY, CREDITCARD",18,2
3819,Green St & McGuinness Blvd,5860.02,40.73396,-73.95204,71,"KEY, CREDITCARD",20,false,19,0,1,0,true,true,true,false,2023-01-26 18:27:38 UTC,3819,Green St & McGuinness Blvd,40.73396,-73.95204,71,"KEY, CREDITCARD",19,0
3851,Metropolitan Ave & Stewart Ave,5273.01,40.71401,-73.92793,71,"KEY, CREDITCARD",20,false,19,0,1,0,true,true,true,false,2023-01-26 18:52:37 UTC,3851,Metropolitan Ave & Stewart Ave,40.71401,-73.92793,71,"KEY, CREDITCARD",19,0
3853,Harrison Pl & Porter Ave,5090.06,40.70686,-73.92851,71,"KEY, CREDITCARD",20,false,19,0,1,0,true,true,true,false,2023-01-26 18:16:14 UTC,3853,Harrison Pl & Porter Ave,40.70686,-73.92851,71,"KEY, CREDITCARD",19,0
4175,E 171 St & Webster Ave,8190.03,40.838379,-73.905838,71,"KEY, CREDITCARD",20,false,17,2,1,0,true,true,true,false,2023-01-26 14:44:25 UTC,4175,E 171 St & Webster Ave,40.838379,-73.905838,71,"KEY, CREDITCARD",17,2
4567,Decatur Ave & Bedford Park Blvd,8664.06,40.86813,-73.88412,71,"KEY, CREDITCARD",20,false,17,1,1,0,true,true,true,false,2023-01-26 17:48:02 UTC,4567,Decatur Ave & Bedford Park Blvd,40.86813,-73.88412,71,"KEY, CREDITCARD",17,1
4424,4 Ave & Shore Road Dr,2832.03,40.637033,-74.022141,71,"KEY, CREDITCARD",20,false,15,2,2,0,true,true,true,false,2023-01-26 18:36:42 UTC,4424,4 Ave & Shore Road Dr,40.637033,-74.022141,71,"KEY, CREDITCARD",15,2
4671,Calyer St & Guernsey St,5709.03,40.727558073358523,-73.95505852997303,71,"KEY, CREDITCARD",20,false,16,1,3,0,true,true,true,false,2023-01-26 19:24:22 UTC,4671,Calyer St & Guernsey St,40.727558073358523,-73.95505852997303,71,"KEY, CREDITCARD",16,1
4806,61 St & Woodside Ave,6191.06,40.74501,-73.9036,71,"KEY, CREDITCARD",20,false,14,2,3,0,true,true,true,false,2023-01-26 17:15:36 UTC,4806,61 St & Woodside Ave,40.74501,-73.9036,71,"KEY, CREDITCARD",14,2
4446,W 204 St & Nagle Ave,8579.03,40.863211,-73.920827,71,"KEY, CREDITCARD",20,false,12,1,4,0,true,true,true,false,2023-01-26 16:24:06 UTC,4446,W 204 St & Nagle Ave,40.863211,-73.920827,71,"KEY, CREDITCARD",12,1
4364,Caton Ave & E 7 St,3199.01,40.647718,-73.973663,71,"KEY, CREDITCARD",20,false,15,0,5,0,true,true,true,false,2023-01-26 19:28:15 UTC,4364,Caton Ave & E 7 St,40.647718,-73.973663,71,"KEY, CREDITCARD",15,0
4750,W 211 St & 10 Ave,8647.10,40.867094062681467,-73.9172950387001,71,"KEY, CREDITCARD",20,false,12,1,5,0,true,true,true,false,2023-01-26 16:16:57 UTC,4750,W 211 St & 10 Ave,40.867094062681467,-73.9172950387001,71,"KEY, CREDITCARD",12,1
3858,Kent St & McGuinness Blvd,5785.10,40.73124,-73.95161,71,"KEY, CREDITCARD",20,false,13,0,6,0,true,true,true,false,2023-01-26 18:14:21 UTC,3858,Kent St & McGuinness Blvd,40.73124,-73.95161,71,"KEY, CREDITCARD",13,0
4444,Academy St & Nagle Ave,8579.05,40.862562,-73.922661,71,"KEY, CREDITCARD",20,false,10,3,6,0,true,true,true,false,2023-01-26 19:07:21 UTC,4444,Academy St & Nagle Ave,40.862562,-73.922661,71,"KEY, CREDITCARD",10,3
3822,Bushwick Ave & Forrest St,4914.03,40.70076,-73.93641,71,"KEY, CREDITCARD",20,false,13,0,7,0,true,true,true,false,2023-01-26 18:20:24 UTC,3822,Bushwick Ave & Forrest St,40.70076,-73.93641,71,"KEY, CREDITCARD",13,0
4164,E 174 St & Longfellow Ave,8144.09,40.836274,-73.884308,71,"KEY, CREDITCARD",20,false,12,1,7,0,true,true,true,false,2023-01-26 17:56:11 UTC,4164,E 174 St & Longfellow Ave,40.836274,-73.884308,71,"KEY, CREDITCARD",12,1
4833,West Farms Rd & Boone Ave,8076.08,40.8301283948092,-73.88630211353302,71,"KEY, CREDITCARD",20,false,12,0,8,0,true,true,true,false,2023-01-26 17:16:12 UTC,4833,West Farms Rd & Boone Ave,40.8301283948092,-73.88630211353302,71,"KEY, CREDITCARD",12,0
4141,Southern Blvd & Tiffany St,7867.04,40.818185,-73.894143,71,"KEY, CREDITCARD",20,false,9,2,9,0,true,true,true,false,2023-01-26 19:30:23 UTC,4141,Southern Blvd & Tiffany St,40.818185,-73.894143,71,"KEY, CREDITCARD",9,2
5f798c51-5d8b-4add-9f81-341f54a82ffa,Southwest Park - Jackson St & Observer Hwy,HB401,40.737551272458042,-74.041663706302643,311,"KEY, CREDITCARD",20,false,9,1,10,0,true,true,true,false,2023-01-26 19:32:26 UTC,5f798c51-5d8b-4add-9f81-341f54a82ffa,Southwest Park - Jackson St & Observer Hwy,40.737551272458042,-74.041663706302643,311,"KEY, CREDITCARD",9,1
3773,Knickerbocker Ave & Thames St,5018.06,40.70539,-73.92976,71,"KEY, CREDITCARD",20,false,10,0,10,0,true,true,true,false,2023-01-26 18:04:31 UTC,3773,Knickerbocker Ave & Thames St,40.70539,-73.92976,71,"KEY, CREDITCARD",10,0
4807,62 St & 43 Ave,6191.04,40.74261,-73.903,71,"KEY, CREDITCARD",20,false,8,1,10,0,true,true,true,false,2023-01-26 17:52:46 UTC,4807,62 St & 43 Ave,40.74261,-73.903,71,"KEY, CREDITCARD",8,1
4815,41 Ave & 67 St,6225.03,40.74446,-73.89764,71,"KEY, CREDITCARD",20,false,9,0,10,0,true,true,true,false,2023-01-26 18:20:46 UTC,4815,41 Ave & 67 St,40.74446,-73.89764,71,"KEY, CREDITCARD",9,0
5005,Herkimer St & Eastern Pkwy,4129.10,40.67738,-73.90829,71,"KEY, CREDITCARD",20,false,8,2,10,0,true,true,true,false,2023-01-26 13:08:57 UTC,5005,Herkimer St & Eastern Pkwy,40.67738,-73.90829,71,"KEY, CREDITCARD",8,2
3063,Nostrand Ave & Myrtle Ave,4707.04,40.69527008,-73.95238108,71,"KEY, CREDITCARD",20,false,8,1,11,0,true,true,true,false,2023-01-26 19:30:18 UTC,3063,Nostrand Ave & Myrtle Ave,40.69527008,-73.95238108,71,"KEY, CREDITCARD",8,1
3964,Brook Ave & E 148 St,7816.14,40.814383,-73.915368,71,"KEY, CREDITCARD",20,false,8,0,11,0,true,true,true,false,2023-01-26 18:55:55 UTC,3964,Brook Ave & E 148 St,40.814383,-73.915368,71,"KEY, CREDITCARD",8,0
4498,Anthony Ave & E Tremont Ave,8356.04,40.848793,-73.903178,71,"KEY, CREDITCARD",20,false,5,2,11,0,true,true,true,false,2023-01-26 19:22:44 UTC,4498,Anthony Ave & E Tremont Ave,40.848793,-73.903178,71,"KEY, CREDITCARD",5,2
4599,Goulden Ave & W 197 St,8707.01,40.87156,-73.89714,71,"KEY, CREDITCARD",20,false,5,0,11,0,true,true,true,false,2023-01-26 18:07:26 UTC,4599,Goulden Ave & W 197 St,40.87156,-73.89714,71,"KEY, CREDITCARD",5,0
3311,Columbia St & Kane St,4422.05,40.68763155,-74.0016256,71,"KEY, CREDITCARD",20,false,8,0,12,0,true,true,true,false,2023-01-26 19:03:18 UTC,3311,Columbia St & Kane St,40.68763155,-74.0016256,71,"KEY, CREDITCARD",8,0
4399,5 Ave & 66 St,2782.02,40.635679,-74.020005,71,"KEY, CREDITCARD",20,false,3,3,12,0,true,true,true,false,2023-01-26 19:20:46 UTC,4399,5 Ave & 66 St,40.635679,-74.020005,71,"KEY, CREDITCARD",3,3
291,Madison St & Montgomery St,5262.09,40.713126,-73.984844,71,"KEY, CREDITCARD",20,false,3,4,13,0,true,true,true,false,2023-01-26 19:24:17 UTC,291,Madison St & Montgomery St,40.713126,-73.984844,71,"KEY, CREDITCARD",3,4
4798,Queens Blvd & 56 St,6158.02,40.74193,-73.90913,71,"KEY, CREDITCARD",20,false,7,0,13,0,true,true,true,false,2023-01-26 18:29:59 UTC,4798,Queens Blvd & 56 St,40.74193,-73.90913,71,"KEY, CREDITCARD",7,0
3926,5 Ave & W 131 St,7735.05,40.81014,-73.93973,71,"KEY, CREDITCARD",20,false,2,2,14,0,true,true,true,false,2023-01-26 19:24:51 UTC,3926,5 Ave & W 131 St,40.81014,-73.93973,71,"KEY, CREDITCARD",2,2
4035,Broadway & W 153 St,8089.05,40.831327,-73.946665,71,"KEY, CREDITCARD",20,false,0,2,14,0,true,true,true,false,2023-01-26 16:50:22 UTC,4035,Broadway & W 153 St,40.831327,-73.946665,71,"KEY, CREDITCARD",0,2
4083,Walton Ave & E 168 St,8179.03,40.83649,-73.918316,71,"KEY, CREDITCARD",20,false,6,0,14,0,true,true,true,false,2023-01-26 19:32:14 UTC,4083,Walton Ave & E 168 St,40.83649,-73.918316,71,"KEY, CREDITCARD",6,0
4098,Shakespeare Ave & W 169 St,8198.05,40.839312,-73.922423,71,"KEY, CREDITCARD",20,false,5,0,14,0,true,true,true,false,2023-01-26 18:33:21 UTC,4098,Shakespeare Ave & W 169 St,40.839312,-73.922423,71,"KEY, CREDITCARD",5,0
4563,Bainbridge Ave & E 196 St,8615.01,40.86648,-73.89042,71,"KEY, CREDITCARD",20,false,3,2,14,0,true,true,true,false,2023-01-26 17:37:51 UTC,4563,Bainbridge Ave & E 196 St,40.86648,-73.89042,71,"KEY, CREDITCARD",3,2
4603,Bailey Ave & Sedgwick Ave,8643.01,40.86571,-73.90857,71,"KEY, CREDITCARD",20,false,0,2,14,0,true,true,true,false,2023-01-26 12:54:29 UTC,4603,Bailey Ave & Sedgwick Ave,40.86571,-73.90857,71,"KEY, CREDITCARD",0,2
4938,St Marks Ave & Rochester Ave,4039.04,40.67404,-73.92772,71,"KEY, CREDITCARD",20,false,6,0,14,0,true,true,true,false,2023-01-26 19:11:29 UTC,4938,St Marks Ave & Rochester Ave,40.67404,-73.92772,71,"KEY, CREDITCARD",6,0
4941,Bergen St & Saratoga Ave,4064.03,40.67423,-73.91656,71,"KEY, CREDITCARD",20,false,4,2,14,0,true,true,true,false,2023-01-26 11:50:39 UTC,4941,Bergen St & Saratoga Ave,40.67423,-73.91656,71,"KEY, CREDITCARD",4,2
3980,Amsterdam Ave & W 152 St,8069.01,40.829523,-73.944279,71,"KEY, CREDITCARD",20,false,0,1,15,0,true,true,true,false,2023-01-26 17:39:01 UTC,3980,Amsterdam Ave & W 152 St,40.829523,-73.944279,71,"KEY, CREDITCARD",0,1
4191,Intervale Ave & Kelly St,8044.09,40.827301,-73.896372,71,"KEY, CREDITCARD",20,false,5,0,15,0,true,true,true,false,2023-01-26 19:14:55 UTC,4191,Intervale Ave & Kelly St,40.827301,-73.896372,71,"KEY, CREDITCARD",5,0
4351,11 Ave & Prospect Ave,3538.09,40.65629,-73.977335,71,"KEY, CREDITCARD",20,false,4,1,15,0,true,true,true,false,2023-01-26 18:49:59 UTC,4351,11 Ave & Prospect Ave,40.65629,-73.977335,71,"KEY, CREDITCARD",4,1
4789,47 Ave & 48 St,6092.01,40.74086,-73.91708,71,"KEY, CREDITCARD",20,false,1,1,15,0,true,true,true,false,2023-01-26 19:26:41 UTC,4789,47 Ave & 48 St,40.74086,-73.91708,71,"KEY, CREDITCARD",1,1
4898,Putnam Ave & Ralph Ave,4450.06,40.68705,-73.92338,71,"KEY, CREDITCARD",20,false,4,1,15,0,true,true,true,false,2023-01-26 19:25:55 UTC,4898,Putnam Ave & Ralph Ave,40.68705,-73.92338,71,"KEY, CREDITCARD",4,1
3891,Irving Ave & Palmetto St,4775.01,40.698,-73.9127,71,"KEY, CREDITCARD",20,false,4,0,16,0,true,true,true,false,2023-01-26 17:34:50 UTC,3891,Irving Ave & Palmetto St,40.698,-73.9127,71,"KEY, CREDITCARD",4,0
4797,57 St & 43 Ave,6158.06,40.74324,-73.908,71,"KEY, CREDITCARD",20,false,4,0,16,0,true,true,true,false,2023-01-26 09:32:50 UTC,4797,57 St & 43 Ave,40.74324,-73.908,71,"KEY, CREDITCARD",4,0
4904,Macon St & Howard Ave,4408.07,40.68452,-73.92011,71,"KEY, CREDITCARD",20,false,3,1,16,0,true,true,true,false,2023-01-26 16:50:54 UTC,4904,Macon St & Howard Ave,40.68452,-73.92011,71,"KEY, CREDITCARD",3,1
3827,Halsey St & Broadway,4366.01,40.68565,-73.91564,71,"KEY, CREDITCARD",20,false,2,0,17,0,true,true,true,false,2023-01-26 18:17:49 UTC,3827,Halsey St & Broadway,40.68565,-73.91564,71,"KEY, CREDITCARD",2,0
3886,Menahan St & Onderdonk Ave,5034.03,40.70553,-73.9096,71,"KEY, CREDITCARD",20,false,3,0,17,0,true,true,true,false,2023-01-26 13:34:03 UTC,3886,Menahan St & Onderdonk Ave,40.70553,-73.9096,71,"KEY, CREDITCARD",3,0
4088,Nelson Ave & W 172 St,8290.01,40.843965,-73.920999,71,"KEY, CREDITCARD",20,false,2,0,17,0,true,true,true,false,2023-01-26 19:11:49 UTC,4088,Nelson Ave & W 172 St,40.843965,-73.920999,71,"KEY, CREDITCARD",2,0
4445,10 Ave & W 204 St,8579.09,40.862638,-73.92006,71,"KEY, CREDITCARD",20,false,3,0,17,0,true,true,true,false,2023-01-26 08:52:14 UTC,4445,10 Ave & W 204 St,40.862638,-73.92006,71,"KEY, CREDITCARD",3,0
4497,E Tremont Ave & Jerome Ave,8403.02,40.851747,-73.908964,71,"KEY, CREDITCARD",20,false,1,1,17,0,true,true,true,false,2023-01-26 18:20:25 UTC,4497,E Tremont Ave & Jerome Ave,40.851747,-73.908964,71,"KEY, CREDITCARD",1,1
4604,Jerome Ave & W 184 St,8550.01,40.860814,-73.902541,71,"KEY, CREDITCARD",20,false,1,2,17,0,true,true,true,false,2023-01-26 19:14:26 UTC,4604,Jerome Ave & W 184 St,40.860814,-73.902541,71,"KEY, CREDITCARD",1,2
4887,Malcolm X Blvd & DeKalb Ave,4648.03,40.6938,-73.93114,71,"KEY, CREDITCARD",20,false,1,2,17,0,true,true,true,false,2023-01-26 18:23:55 UTC,4887,Malcolm X Blvd & DeKalb Ave,40.6938,-73.93114,71,"KEY, CREDITCARD",1,2
4901,MacDonough St & Malcolm X Blvd,4301.07,40.68273,-73.92926,71,"KEY, CREDITCARD",20,false,3,0,17,0,true,false,false,false,2023-01-26 18:15:58 UTC,4901,MacDonough St & Malcolm X Blvd,40.68273,-73.92926,71,"KEY, CREDITCARD",3,0
4910,Somers St & Rockaway Ave,4170.08,40.67872,-73.91105,71,"KEY, CREDITCARD",20,false,2,0,17,0,true,true,true,false,2023-01-26 19:31:53 UTC,4910,Somers St & Rockaway Ave,40.67872,-73.91105,71,"KEY, CREDITCARD",2,0
4929,Pacific St & Utica Ave,4154.02,40.6767,-73.93051,71,"KEY, CREDITCARD",20,false,3,0,17,0,true,true,true,false,2023-01-26 15:10:23 UTC,4929,Pacific St & Utica Ave,40.6767,-73.93051,71,"KEY, CREDITCARD",3,0
3861,Menahan St & Wyckoff Ave,4890.11,40.70113,-73.91422,71,"KEY, CREDITCARD",20,false,2,0,18,0,true,true,true,false,2023-01-26 19:20:27 UTC,3861,Menahan St & Wyckoff Ave,40.70113,-73.91422,71,"KEY, CREDITCARD",2,0
3870,Melrose St & Broadway,4801.04,40.697481,-73.935877,71,"KEY, CREDITCARD",20,false,2,0,18,0,true,true,true,false,2023-01-26 19:14:26 UTC,3870,Melrose St & Broadway,40.697481,-73.935877,71,"KEY, CREDITCARD",2,0
3909,Madison St & Woodward Ave,4954.07,40.70408,-73.90408,71,"KEY, CREDITCARD",20,false,2,0,18,0,true,true,true,false,2023-01-26 17:39:35 UTC,3909,Madison St & Woodward Ave,40.70408,-73.90408,71,"KEY, CREDITCARD",2,0
3997,5 Av & W 139 St,7851.04,40.815484,-73.935856,71,"KEY, CREDITCARD",20,false,1,1,18,0,true,true,true,false,2023-01-26 19:27:34 UTC,3997,5 Av & W 139 St,40.815484,-73.935856,71,"KEY, CREDITCARD",1,1
4025,Edgecombe Ave & W 150 St,8049.05,40.826881,-73.941427,71,"KEY, CREDITCARD",20,false,1,0,18,0,true,true,true,false,2023-01-26 18:25:32 UTC,4025,Edgecombe Ave & W 150 St,40.826881,-73.941427,71,"KEY, CREDITCARD",1,0
4133,Beck St & Leggett Ave,7807.04,40.815077,-73.899939,71,"KEY, CREDITCARD",20,false,1,1,18,0,true,true,true,false,2023-01-26 16:04:25 UTC,4133,Beck St & Leggett Ave,40.815077,-73.899939,71,"KEY, CREDITCARD",1,1
4149,E 167 St & Franklin Ave,8048.01,40.82895,-73.90521,71,"KEY, CREDITCARD",20,false,1,0,18,0,true,true,true,false,2023-01-26 15:03:58 UTC,4149,E 167 St & Franklin Ave,40.82895,-73.90521,71,"KEY, CREDITCARD",1,0
4177,Prospect Ave & Jennings St,8099.04,40.831762,-73.896853,71,"KEY, CREDITCARD",20,false,2,0,18,0,true,true,true,false,2023-01-26 14:20:43 UTC,4177,Prospect Ave & Jennings St,40.831762,-73.896853,71,"KEY, CREDITCARD",2,0
4349,7 Ave & 20 St,3588.01,40.659053,-73.98854,71,"KEY, CREDITCARD",20,false,0,2,18,0,true,true,true,false,2023-01-26 16:54:24 UTC,4349,7 Ave & 20 St,40.659053,-73.98854,71,"KEY, CREDITCARD",0,2
4487,Pinehurst Ave & W 187 St,8458.03,40.855331,-73.937878,71,"KEY, CREDITCARD",20,false,0,1,18,0,true,true,true,false,2023-01-26 18:22:23 UTC,4487,Pinehurst Ave & W 187 St,40.855331,-73.937878,71,"KEY, CREDITCARD",0,1
4495,Macombs Rd & W 175 St,8344.04,40.848177,-73.916082,71,"KEY, CREDITCARD",20,false,1,0,18,0,true,true,true,false,2023-01-26 16:15:42 UTC,4495,Macombs Rd & W 175 St,40.848177,-73.916082,71,"KEY, CREDITCARD",1,0
4791,51 St & Queens Blvd,6167.03,40.7429,-73.91395,71,"KEY, CREDITCARD",20,false,1,1,18,0,true,true,true,false,2023-01-26 17:36:27 UTC,4791,51 St & Queens Blvd,40.7429,-73.91395,71,"KEY, CREDITCARD",1,1
4894,Macon St & Lewis Ave,4310.06,40.68282,-73.93488,71,"KEY, CREDITCARD",20,false,0,1,18,0,true,true,true,false,2023-01-26 18:40:54 UTC,4894,Macon St & Lewis Ave,40.68282,-73.93488,71,"KEY, CREDITCARD",0,1
4903,Halsey St & Ralph Ave,4334.02,40.68494,-73.92299,71,"KEY, CREDITCARD",20,false,1,1,18,0,true,true,true,false,2023-01-26 16:39:39 UTC,4903,Halsey St & Ralph Ave,40.68494,-73.92299,71,"KEY, CREDITCARD",1,1
4925,Albany Ave & Park Pl,3975.02,40.67297,-73.93896,71,"KEY, CREDITCARD",20,false,1,1,18,0,true,true,true,false,2023-01-26 19:00:32 UTC,4925,Albany Ave & Park Pl,40.67297,-73.93896,71,"KEY, CREDITCARD",1,1
4926,Pacific St & Troy Ave,4122.03,40.67686,-73.93607,71,"KEY, CREDITCARD",20,false,1,1,18,0,true,true,true,false,2023-01-26 09:32:53 UTC,4926,Pacific St & Troy Ave,40.67686,-73.93607,71,"KEY, CREDITCARD",1,1
4930,Park Pl & Buffalo Ave,3999.06,40.67202,-73.92539,71,"KEY, CREDITCARD",20,false,2,0,18,0,true,true,true,false,2023-01-26 16:46:09 UTC,4930,Park Pl & Buffalo Ave,40.67202,-73.92539,71,"KEY, CREDITCARD",2,0
4048,St. Nicholas Ave & W 157 St,8085.09,40.832314,-73.94102,71,"KEY, CREDITCARD",20,false,0,0,19,0,true,true,true,false,2023-01-26 08:31:52 UTC,4048,St. Nicholas Ave & W 157 St,40.832314,-73.94102,71,"KEY, CREDITCARD",0,0
4104,Old Broadway & W 133 St,7881.09,40.818212,-73.955277,71,"KEY, CREDITCARD",20,false,1,0,19,0,true,true,true,false,2023-01-26 08:11:38 UTC,4104,Old Broadway & W 133 St,40.818212,-73.955277,71,"KEY, CREDITCARD",1,0
4181,Hoe Ave & Jennings St,8095.06,40.832171,-73.889686,71,"KEY, CREDITCARD",20,false,0,0,19,0,true,true,true,false,2023-01-26 19:32:07 UTC,4181,Hoe Ave & Jennings St,40.832171,-73.889686,71,"KEY, CREDITCARD",0,0
4627,Aqueduct Ave & North St,8535.09,40.8604787,-73.9057169936,71,"KEY, CREDITCARD",20,false,1,0,19,0,true,true,true,false,2023-01-26 15:59:11 UTC,4627,Aqueduct Ave & North St,40.8604787,-73.9057169936,71,"KEY, CREDITCARD",1,0
4889,Lexington Ave & Stuyvesant Ave,4500.07,40.68973,-73.93353,71,"KEY, CREDITCARD",20,false,1,0,19,0,true,true,true,false,2023-01-26 19:29:46 UTC,4889,Lexington Ave & Stuyvesant Ave,40.68973,-73.93353,71,"KEY, CREDITCARD",1,0
4897,Monroe St & Patchen Ave,4491.09,40.68814,-73.92693,71,"KEY, CREDITCARD",20,false,1,0,19,0,true,true,true,false,2023-01-26 19:27:35 UTC,4897,Monroe St & Patchen Ave,40.68814,-73.92693,71,"KEY, CREDITCARD",1,0
406,Hicks St & Montague St,4645.09,40.69512845,-73.99595065,71,"KEY, CREDITCARD",20,false,0,0,20,0,true,true,true,false,2023-01-26 18:13:38 UTC,406,Hicks St & Montague St,40.69512845,-73.99595065,71,"KEY, CREDITCARD",0,0
4204,E 167 St & Bryant Ave,8040.03,40.826706,-73.888719,71,"KEY, CREDITCARD",20,false,0,0,20,0,true,true,true,false,2023-01-26 14:58:43 UTC,4204,E 167 St & Bryant Ave,40.826706,-73.888719,71,"KEY, CREDITCARD",0,0
4345,Windsor Pl & 8 Ave,3620.02,40.660906,-73.983074,71,"KEY, CREDITCARD",20,false,0,0,20,0,true,true,true,false,2023-01-26 10:50:14 UTC,4345,Windsor Pl & 8 Ave,40.660906,-73.983074,71,"KEY, CREDITCARD",0,0
4542,Andrews Ave S & W 179 St,8483.02,40.855156,-73.91278,71,"KEY, CREDITCARD",20,false,0,0,20,0,true,true,true,false,2023-01-26 09:12:31 UTC,4542,Andrews Ave S & W 179 St,40.855156,-73.91278,71,"KEY, CREDITCARD",0,0
4551,Popham Ave & W 174 St,8348.02,40.847746,-73.922079,71,"KEY, CREDITCARD",20,false,0,0,20,0,true,true,true,false,2023-01-26 18:43:50 UTC,4551,Popham Ave & W 174 St,40.847746,-73.922079,71,"KEY, CREDITCARD",0,0
4626,Loring Pl North & W 183 St,8555.05,40.8604244,-73.9093359997,71,"KEY, CREDITCARD",20,false,0,0,20,0,true,true,true,false,2023-01-26 13:43:14 UTC,4626,Loring Pl North & W 183 St,40.8604244,-73.9093359997,71,"KEY, CREDITCARD",0,0
4634,Jerome Ave & E 198 St,8720.02,40.871445206871179,-73.892896324396133,71,"KEY, CREDITCARD",20,false,0,0,20,0,true,true,true,false,2023-01-26 09:12:33 UTC,4634,Jerome Ave & E 198 St,40.871445206871179,-73.892896324396133,71,"KEY, CREDITCARD",0,0
4880,Fresh Pond Rd & Eliot Ave,5280.02,40.71453,-73.90105,71,"KEY, CREDITCARD",20,false,0,0,20,0,true,true,true,false,2023-01-26 16:39:48 UTC,4880,Fresh Pond Rd & Eliot Ave,40.71453,-73.90105,71,"KEY, CREDITCARD",0,0
4909,MacDougal St & Rockaway Ave,4212.01,40.68018,-73.91136,71,"KEY, CREDITCARD",20,false,0,0,20,0,true,true,true,false,2023-01-26 17:57:03 UTC,4909,MacDougal St & Rockaway Ave,40.68018,-73.91136,71,"KEY, CREDITCARD",0,0
4962,Monroe St & Marcus Garvey Blvd,4467.03,40.686722,-73.938988,71,"KEY, CREDITCARD",20,false,0,0,20,0,true,true,true,false,2023-01-26 13:42:51 UTC,4962,Monroe St & Marcus Garvey Blvd,40.686722,-73.938988,71,"KEY, CREDITCARD",0,0
3394,Columbia St & W 9 St,4086.05,40.6769993,-74.00647134,71,"KEY, CREDITCARD",21,false,18,2,0,0,true,true,true,false,2023-01-26 15:32:52 UTC,3394,Columbia St & W 9 St,40.6769993,-74.00647134,71,"KEY, CREDITCARD",18,2
3982,Bergen Ave & E 152 St,7858.02,40.817166,-73.914737,71,"KEY, CREDITCARD",21,false,20,1,0,0,true,true,true,false,2023-01-26 18:45:35 UTC,3982,Bergen Ave & E 152 St,40.817166,-73.914737,71,"KEY, CREDITCARD",20,1
4086,Inwood Ave & W 170 St,8233.01,40.840536,-73.919228,71,"KEY, CREDITCARD",21,false,19,2,0,0,true,true,true,false,2023-01-26 19:20:44 UTC,4086,Inwood Ave & W 170 St,40.840536,-73.919228,71,"KEY, CREDITCARD",19,2
4201,Clay Ave & Claremont Pkwy,8225.05,40.83999,-73.90549,71,"KEY, CREDITCARD",21,false,19,1,0,0,true,true,true,false,2023-01-26 08:31:55 UTC,4201,Clay Ave & Claremont Pkwy,40.83999,-73.90549,71,"KEY, CREDITCARD",19,1
4360,Caton Ave & Argyle Rd,3303.01,40.649681,-73.967829,71,"KEY, CREDITCARD",21,false,18,3,0,0,true,true,true,false,2023-01-26 19:10:54 UTC,4360,Caton Ave & Argyle Rd,40.649681,-73.967829,71,"KEY, CREDITCARD",18,3
4674,45 Ave & 21 St,6319.07,40.74737075646803,-73.947772979736314,71,"KEY, CREDITCARD",21,false,21,0,0,0,true,true,true,false,2023-01-26 19:06:08 UTC,4674,45 Ave & 21 St,40.74737075646803,-73.947772979736314,71,"KEY, CREDITCARD",21,0
4805,Woodside Ave & 60 St,6234.04,40.74521,-73.90462,71,"KEY, CREDITCARD",21,false,20,1,0,0,true,true,true,false,2023-01-26 09:32:51 UTC,4805,Woodside Ave & 60 St,40.74521,-73.90462,71,"KEY, CREDITCARD",20,1
3340,Wolcott St & Dwight St,4054.02,40.6753274,-74.0100698,71,"KEY, CREDITCARD",21,false,20,0,1,0,true,true,true,false,2023-01-26 19:18:01 UTC,3340,Wolcott St & Dwight St,40.6753274,-74.0100698,71,"KEY, CREDITCARD",20,0
4367,Chester Ave & 12 Ave,3135.04,40.644367,-73.984276,71,"KEY, CREDITCARD",21,false,19,1,1,0,true,true,true,false,2023-01-26 17:52:22 UTC,4367,Chester Ave & 12 Ave,40.644367,-73.984276,71,"KEY, CREDITCARD",19,1
4858,Page Pl & Grand Ave,5409.02,40.71798,-73.91818,71,"KEY, CREDITCARD",21,false,0,20,1,0,true,true,true,false,2023-01-26 18:18:18 UTC,4858,Page Pl & Grand Ave,40.71798,-73.91818,71,"KEY, CREDITCARD",0,20
4967,Kingston Ave & Park Pl,4016.03,40.67308,-73.941910000000007,71,"KEY, CREDITCARD",21,false,15,3,1,0,true,true,true,false,2023-01-26 19:33:03 UTC,4967,Kingston Ave & Park Pl,40.67308,-73.941910000000007,71,"KEY, CREDITCARD",15,3
3352,Sigourney St & Columbia St,3940.04,40.672672434109479,-74.0087952464819,71,"KEY, CREDITCARD",21,false,18,0,2,0,true,true,true,false,2023-01-26 19:04:09 UTC,3352,Sigourney St & Columbia St,40.672672434109479,-74.0087952464819,71,"KEY, CREDITCARD",18,0
3606,49 Ave & 21 St,6128.04,40.74252,-73.948852,71,"KEY, CREDITCARD",21,false,18,1,2,0,true,true,true,false,2023-01-26 19:29:35 UTC,3606,49 Ave & 21 St,40.74252,-73.948852,71,"KEY, CREDITCARD",18,1
3756,White St & Moore St,4987.06,40.704508,-73.9351,71,"KEY, CREDITCARD",21,false,19,0,2,0,true,true,true,false,2023-01-26 19:18:18 UTC,3756,White St & Moore St,40.704508,-73.9351,71,"KEY, CREDITCARD",19,0
4099,E 169 St & Webster Ave,8122.04,40.834015,-73.908863,71,"KEY, CREDITCARD",21,false,18,1,2,0,true,true,true,false,2023-01-26 19:12:14 UTC,4099,E 169 St & Webster Ave,40.834015,-73.908863,71,"KEY, CREDITCARD",18,1
4277,20 Ave & 42 St,7163.07,40.775415,-73.900063,71,"KEY, CREDITCARD",21,false,17,2,2,0,true,true,true,false,2023-01-26 18:45:39 UTC,4277,20 Ave & 42 St,40.775415,-73.900063,71,"KEY, CREDITCARD",17,2
4296,Steinway St & 19 Ave,7220.01,40.778089,-73.899558,71,"KEY, CREDITCARD",21,false,18,1,2,0,true,true,true,false,2023-01-26 19:26:05 UTC,4296,Steinway St & 19 Ave,40.778089,-73.899558,71,"KEY, CREDITCARD",18,1
4365,E 3 St & Church Ave,3046.03,40.643817,-73.977433,71,"KEY, CREDITCARD",21,false,14,5,2,0,true,true,true,false,2023-01-26 17:19:00 UTC,4365,E 3 St & Church Ave,40.643817,-73.977433,71,"KEY, CREDITCARD",14,5
3770,Central Ave & Flushing Ave,4947.04,40.702831,-73.9333,71,"KEY, CREDITCARD",21,false,17,1,3,0,true,true,true,false,2023-01-26 17:58:39 UTC,3770,Central Ave & Flushing Ave,40.702831,-73.9333,71,"KEY, CREDITCARD",17,1
4174,3 Ave & E 170 St,8137.06,40.834857,-73.903743,71,"KEY, CREDITCARD",21,false,16,1,3,0,true,true,true,false,2023-01-26 17:19:00 UTC,4174,3 Ave & E 170 St,40.834857,-73.903743,71,"KEY, CREDITCARD",16,1
4252,Home St & Westchester Ave,8020.01,40.827629,-73.886659,71,"KEY, CREDITCARD",21,false,15,1,3,0,true,true,true,false,2023-01-26 16:25:35 UTC,4252,Home St & Westchester Ave,40.827629,-73.886659,71,"KEY, CREDITCARD",15,1
3422,Columbia St & Degraw St,4422.04,40.6859296,-74.00242364,71,"KEY, CREDITCARD",21,false,16,1,4,0,true,true,true,false,2023-01-26 19:25:44 UTC,3422,Columbia St & Degraw St,40.6859296,-74.00242364,71,"KEY, CREDITCARD",16,1
4094,Park Ave & E 162 St,8016.07,40.825716,-73.915585,71,"KEY, CREDITCARD",21,false,15,0,4,0,true,true,true,false,2023-01-26 18:29:12 UTC,4094,Park Ave & E 162 St,40.825716,-73.915585,71,"KEY, CREDITCARD",15,0
4459,Sherman Ave & Thayer St,8583.02,40.863124,-73.926994,71,"KEY, CREDITCARD",21,false,17,0,4,0,true,true,true,false,2023-01-26 19:02:51 UTC,4459,Sherman Ave & Thayer St,40.863124,-73.926994,71,"KEY, CREDITCARD",17,0
4837,Amory Ct & Metropolitan Ave,5217.03,40.71301,-73.90968,71,"KEY, CREDITCARD",21,false,17,0,4,0,true,true,true,false,2023-01-26 19:07:55 UTC,4837,Amory Ct & Metropolitan Ave,40.71301,-73.90968,71,"KEY, CREDITCARD",17,0
3968,Prospect Ave & E 151 St,7830.03,40.814232,-73.903927,71,"KEY, CREDITCARD",21,false,12,2,5,0,true,true,true,false,2023-01-26 19:10:55 UTC,3968,Prospect Ave & E 151 St,40.814232,-73.903927,71,"KEY, CREDITCARD",12,2
4356,Greenwood Ave & E 4 St,3353.04,40.650739,-73.977739,71,"KEY, CREDITCARD",21,false,16,0,5,0,true,true,true,false,2023-01-26 19:02:27 UTC,4356,Greenwood Ave & E 4 St,40.650739,-73.977739,71,"KEY, CREDITCARD",16,0
4600,Marion Ave & Mosholu Pkwy,8699.01,40.8704956,-73.8818756582,71,"KEY, CREDITCARD",21,false,14,1,5,0,true,true,true,false,2023-01-26 19:05:01 UTC,4600,Marion Ave & Mosholu Pkwy,40.8704956,-73.8818756582,71,"KEY, CREDITCARD",14,1
4757,Bradley Ave & Greenpoint Ave,5917.02,40.735659148192291,-73.934788405895233,71,"KEY, CREDITCARD",21,false,16,0,5,0,true,true,true,false,2023-01-26 19:26:33 UTC,4757,Bradley Ave & Greenpoint Ave,40.735659148192291,-73.934788405895233,71,"KEY, CREDITCARD",16,0
4942,St Marks Ave & Thomas S. Boyland St,4023.01,40.67313,-73.91387,71,"KEY, CREDITCARD",21,false,15,1,5,0,true,true,true,false,2023-01-26 09:52:52 UTC,4942,St Marks Ave & Thomas S. Boyland St,40.67313,-73.91387,71,"KEY, CREDITCARD",15,1
e163ce54-4c39-43c5-9831-e10a2603527d,JC Medical Center,JC110,40.71539114317,-74.049691557884216,70,"KEY, CREDITCARD",21,false,14,1,6,0,true,true,true,false,2023-01-26 19:33:02 UTC,e163ce54-4c39-43c5-9831-e10a2603527d,JC Medical Center,40.71539114317,-74.049691557884216,70,"KEY, CREDITCARD",14,1
43318169-d1ae-4a1a-9578-23cfa3fdbac9,Church Sq Park - 5 St & Park Ave,HB601,40.742659332731428,-74.032233059406281,311,"KEY, CREDITCARD",21,false,15,0,6,0,true,true,true,false,2023-01-26 19:31:43 UTC,43318169-d1ae-4a1a-9578-23cfa3fdbac9,Church Sq Park - 5 St & Park Ave,40.742659332731428,-74.032233059406281,311,"KEY, CREDITCARD",15,0
3608,5 St & 51 Ave,6137.04,40.7423737,-73.9566,71,"KEY, CREDITCARD",21,false,12,2,6,0,true,true,true,false,2023-01-26 19:13:46 UTC,3608,5 St & 51 Ave,40.7423737,-73.9566,71,"KEY, CREDITCARD",12,2
3845,Irving Ave & Harman St,4856.05,40.70108,-73.9179,71,"KEY, CREDITCARD",21,false,15,0,6,0,true,true,true,false,2023-01-26 19:25:29 UTC,3845,Irving Ave & Harman St,40.70108,-73.9179,71,"KEY, CREDITCARD",15,0
3887,Flushing Ave & Woodward Ave,5225.02,40.71246,-73.91873,71,"KEY, CREDITCARD",21,false,14,1,6,0,true,true,true,false,2023-01-26 19:25:02 UTC,3887,Flushing Ave & Woodward Ave,40.71246,-73.91873,71,"KEY, CREDITCARD",14,1
3939,Willow Ave & E 133 St,7626.02,40.800933,-73.913863,71,"KEY, CREDITCARD",21,false,12,2,6,0,true,true,true,false,2023-01-26 19:24:03 UTC,3939,Willow Ave & E 133 St,40.800933,-73.913863,71,"KEY, CREDITCARD",12,2
3942,Broadway & W 133 St,7903.02,40.8190344,-73.956156,71,"KEY, CREDITCARD",21,false,13,1,6,0,true,true,true,false,2023-01-26 18:48:38 UTC,3942,Broadway & W 133 St,40.8190344,-73.956156,71,"KEY, CREDITCARD",13,1
4271,31 Ave & 61 St,6654.05,40.757525,-73.901614,71,"KEY, CREDITCARD",21,false,15,0,6,0,true,true,true,false,2023-01-26 19:00:01 UTC,4271,31 Ave & 61 St,40.757525,-73.901614,71,"KEY, CREDITCARD",15,0
4492,Featherbed Ln & Jerome Ave,8285.11,40.845505,-73.914311,71,"KEY, CREDITCARD",21,false,11,2,6,1,true,true,true,false,2023-01-26 16:03:24 UTC,4492,Featherbed Ln & Jerome Ave,40.845505,-73.914311,71,"KEY, CREDITCARD",11,2
3326,Clinton St & Centre St,4045.01,40.67434,-74.00194698,71,"KEY, CREDITCARD",21,false,13,1,7,0,true,true,true,false,2023-01-26 18:48:18 UTC,3326,Clinton St & Centre St,40.67434,-74.00194698,71,"KEY, CREDITCARD",13,1
3591,21 St & 31 Dr,6865.03,40.7659,-73.930819,71,"KEY, CREDITCARD",21,false,11,2,7,0,true,true,true,false,2023-01-26 19:30:53 UTC,3591,21 St & 31 Dr,40.7659,-73.930819,71,"KEY, CREDITCARD",11,2
4018,Broadway & W 131 St,7865.09,40.817555,-73.957163,71,"KEY, CREDITCARD",21,false,12,2,7,0,true,true,true,false,2023-01-26 19:02:38 UTC,4018,Broadway & W 131 St,40.817555,-73.957163,71,"KEY, CREDITCARD",12,2
3080,S 4 St & Rodney St,5156.05,40.70934,-73.95608,71,"KEY, CREDITCARD",21,false,11,1,8,0,true,true,true,false,2023-01-26 19:30:55 UTC,3080,S 4 St & Rodney St,40.70934,-73.95608,71,"KEY, CREDITCARD",11,1
3764,Bushwick Ave & McKibbin St,5027.02,40.705517,-73.93936,71,"KEY, CREDITCARD",21,false,12,0,8,0,true,true,true,false,2023-01-26 19:18:38 UTC,3764,Bushwick Ave & McKibbin St,40.705517,-73.93936,71,"KEY, CREDITCARD",12,0
3975,Brook Ave & E 157 St,7935.07,40.820713,-73.911759,71,"KEY, CREDITCARD",21,false,11,1,8,0,true,true,true,false,2023-01-26 19:20:37 UTC,3975,Brook Ave & E 157 St,40.820713,-73.911759,71,"KEY, CREDITCARD",11,1
4751,E 138 St & Park Ave,7803.02,40.812636167693192,-73.92924964427948,71,"KEY, CREDITCARD",21,false,12,1,8,0,true,true,true,false,2023-01-26 16:06:31 UTC,4751,E 138 St & Park Ave,40.812636167693192,-73.92924964427948,71,"KEY, CREDITCARD",12,1
3765,Bushwick Ave & Stagg St,5140.06,40.709897,-73.94008,71,"KEY, CREDITCARD",21,false,12,0,9,0,true,true,true,false,2023-01-26 19:20:28 UTC,3765,Bushwick Ave & Stagg St,40.709897,-73.94008,71,"KEY, CREDITCARD",12,0
4343,3 Ave & 17 St,3779.02,40.666168,-73.995549,71,"KEY, CREDITCARD",21,false,12,0,9,0,true,true,true,false,2023-01-26 18:24:22 UTC,4343,3 Ave & 17 St,40.666168,-73.995549,71,"KEY, CREDITCARD",12,0
4143,Hunts Point Ave & Bryant Ave,7820.05,40.813991,-73.8855,71,"KEY, CREDITCARD",21,false,10,0,10,0,true,true,true,false,2023-01-26 14:55:55 UTC,4143,Hunts Point Ave & Bryant Ave,40.813991,-73.8855,71,"KEY, CREDITCARD",10,0
4467,10 Ave & W 215 St,8679.03,40.869324656400941,-73.915197551250458,71,"KEY, CREDITCARD",21,false,9,0,10,0,true,true,true,false,2023-01-26 19:28:05 UTC,4467,10 Ave & W 215 St,40.869324656400941,-73.915197551250458,71,"KEY, CREDITCARD",9,0
4468,W 218 St & Indian Rd,8732.04,40.873054589370895,-73.918371945619583,71,"KEY, CREDITCARD",21,false,8,3,10,0,true,true,true,false,2023-01-26 09:12:29 UTC,4468,W 218 St & Indian Rd,40.873054589370895,-73.918371945619583,71,"KEY, CREDITCARD",8,3
519824e4-69ba-4270-a395-17c204f328f8,8 St & Washington St,HB603,40.745983882915617,-74.028199017047882,311,"KEY, CREDITCARD",21,false,8,2,11,0,true,true,true,false,2023-01-26 19:31:38 UTC,519824e4-69ba-4270-a395-17c204f328f8,8 St & Washington St,40.745983882915617,-74.028199017047882,311,"KEY, CREDITCARD",8,2
3525,23 Ave & 27 St,7178.02,40.776165,-73.9153175,71,"KEY, CREDITCARD",21,false,9,0,11,0,true,true,true,false,2023-01-26 19:05:36 UTC,3525,23 Ave & 27 St,40.776165,-73.9153175,71,"KEY, CREDITCARD",9,0
4173,Longfellow Ave & E 165 St,7983.04,40.825322,-73.887729,71,"KEY, CREDITCARD",21,false,10,0,11,0,true,true,true,false,2023-01-26 13:02:40 UTC,4173,Longfellow Ave & E 165 St,40.825322,-73.887729,71,"KEY, CREDITCARD",10,0
4203,Westchester Ave & Southern Blvd,8004.03,40.824956,-73.891677,71,"KEY, CREDITCARD",21,false,8,1,11,0,true,true,true,false,2023-01-26 18:40:49 UTC,4203,Westchester Ave & Southern Blvd,40.824956,-73.891677,71,"KEY, CREDITCARD",8,1
4368,12 Ave & 36 St,3056.05,40.643546,-73.986418,71,"KEY, CREDITCARD",21,false,10,0,11,0,true,true,true,false,2023-01-26 19:24:41 UTC,4368,12 Ave & 36 St,40.643546,-73.986418,71,"KEY, CREDITCARD",10,0
4955,St Johns Pl & Howard Ave,3917.03,40.66992,-73.92002,71,"KEY, CREDITCARD",21,false,10,0,11,0,true,true,true,false,2023-01-26 19:32:12 UTC,4955,St Johns Pl & Howard Ave,40.66992,-73.92002,71,"KEY, CREDITCARD",10,0
4352,McDonald Ave & Vanderbilt St,3394.03,40.651654,-73.981231,71,"KEY, CREDITCARD",21,false,7,2,12,0,true,true,true,false,2023-01-26 15:43:13 UTC,4352,McDonald Ave & Vanderbilt St,40.651654,-73.981231,71,"KEY, CREDITCARD",7,2
4398,65 St & 2 Ave,3019.02,40.640493,-74.02564,71,"KEY, CREDITCARD",21,false,9,0,12,0,true,true,true,false,2023-01-26 08:52:13 UTC,4398,65 St & 2 Ave,40.640493,-74.02564,71,"KEY, CREDITCARD",9,0
4956,Dean St & Rockaway Ave,4096.08,40.67486,-73.91123,71,"KEY, CREDITCARD",21,false,7,1,12,0,true,true,true,false,2023-01-26 17:42:32 UTC,4956,Dean St & Rockaway Ave,40.67486,-73.91123,71,"KEY, CREDITCARD",7,1
4995,Pacific St & Thomas S. Boyland St,4023.05,40.67568,-73.91396,71,"KEY, CREDITCARD",21,false,6,3,12,0,true,true,true,false,2023-01-26 17:33:10 UTC,4995,Pacific St & Thomas S. Boyland St,40.67568,-73.91396,71,"KEY, CREDITCARD",6,3
e385c162-6a1a-4e7a-90c1-45d5b6fa1195,Madison St & 10 St,HB503,40.749943254122456,-74.035864770412445,311,"KEY, CREDITCARD",21,false,7,1,13,0,true,true,true,false,2023-01-26 19:33:09 UTC,e385c162-6a1a-4e7a-90c1-45d5b6fa1195,Madison St & 10 St,40.749943254122456,-74.035864770412445,311,"KEY, CREDITCARD",7,1
4437,Broadway & W 185 St,8416.07,40.852538,-73.93441,71,"KEY, CREDITCARD",21,false,0,2,13,0,true,true,true,false,2023-01-26 18:55:25 UTC,4437,Broadway & W 185 St,40.852538,-73.93441,71,"KEY, CREDITCARD",0,2
4578,Grand Concourse & E 199 St,8703.05,40.87142,-73.88839,71,"KEY, CREDITCARD",21,false,1,2,13,0,true,true,true,false,2023-01-26 18:29:54 UTC,4578,Grand Concourse & E 199 St,40.87142,-73.88839,71,"KEY, CREDITCARD",1,2
3356,Amsterdam Ave & W 66 St,7149.05,40.7746671,-73.98470567,71,"KEY, CREDITCARD",21,false,3,2,14,0,true,true,true,false,2023-01-26 19:27:26 UTC,3356,Amsterdam Ave & W 66 St,40.7746671,-73.98470567,71,"KEY, CREDITCARD",3,2
3995,5 Ave & E 135 St,7769.06,40.812191,-73.937838,71,"KEY, CREDITCARD",21,false,2,2,14,0,true,true,true,false,2023-01-26 19:02:47 UTC,3995,5 Ave & E 135 St,40.812191,-73.937838,71,"KEY, CREDITCARD",2,2
4004,Edgecombe Ave & W 141 St,7915.11,40.820681,-73.945144,71,"KEY, CREDITCARD",21,false,4,1,14,0,true,true,true,false,2023-01-26 19:21:30 UTC,4004,Edgecombe Ave & W 141 St,40.820681,-73.945144,71,"KEY, CREDITCARD",4,1
4332,Morris Ave & E 163 St,8036.05,40.827230499624726,-73.917655795976316,71,"KEY, CREDITCARD",21,false,3,2,14,0,true,true,true,false,2023-01-26 19:09:23 UTC,4332,Morris Ave & E 163 St,40.827230499624726,-73.917655795976316,71,"KEY, CREDITCARD",3,2
4601,E Burnside Ave & Ryer Ave,8397.02,40.850535,-73.901318,71,"KEY, CREDITCARD",21,false,0,4,14,0,true,true,true,false,2023-01-26 18:53:28 UTC,4601,E Burnside Ave & Ryer Ave,40.850535,-73.901318,71,"KEY, CREDITCARD",0,4
4768,36 St & Hunters Point Ave,5992.02,40.73781699881193,-73.930240720510483,71,"KEY, CREDITCARD",21,false,6,0,14,1,true,true,true,false,2023-01-26 19:30:11 UTC,4768,36 St & Hunters Point Ave,40.73781699881193,-73.930240720510483,71,"KEY, CREDITCARD",6,0
4992,Decatur St & Saratoga Ave,4366.10,40.68332,-73.91711,71,"KEY, CREDITCARD",21,false,5,2,14,0,true,true,true,false,2023-01-26 19:20:32 UTC,4992,Decatur St & Saratoga Ave,40.68332,-73.91711,71,"KEY, CREDITCARD",5,2
4151,3 Ave & E 169 St,8103.05,40.832678,-73.905158,71,"KEY, CREDITCARD",21,false,6,0,15,0,true,true,true,false,2023-01-26 18:57:41 UTC,4151,3 Ave & E 169 St,40.832678,-73.905158,71,"KEY, CREDITCARD",6,0
4294,76 St & 21 Ave,7032.02,40.77028,-73.893675,71,"KEY, CREDITCARD",21,false,6,0,15,0,true,true,true,false,2023-01-26 18:16:09 UTC,4294,76 St & 21 Ave,40.77028,-73.893675,71,"KEY, CREDITCARD",6,0
3498,Pleasant Ave & E 120 St,7579.01,40.7974772,-73.9311847,71,"KEY, CREDITCARD",21,false,1,1,16,0,true,true,true,false,2023-01-26 19:31:20 UTC,3498,Pleasant Ave & E 120 St,40.7974772,-73.9311847,71,"KEY, CREDITCARD",1,1
4169,Morris Ave & E 171 St,8209.01,40.83899,-73.9109,71,"KEY, CREDITCARD",21,false,2,1,16,0,true,true,true,false,2023-01-26 18:03:32 UTC,4169,Morris Ave & E 171 St,40.83899,-73.9109,71,"KEY, CREDITCARD",2,1
4198,E 161 St & Park Ave,7979.17,40.824811,-73.916407,71,"KEY, CREDITCARD",21,false,5,0,16,0,true,true,true,false,2023-01-26 19:07:46 UTC,4198,E 161 St & Park Ave,40.824811,-73.916407,71,"KEY, CREDITCARD",5,0
4275,21 Ave & Shore Blvd,7342.01,40.783956,-73.916894,71,"KEY, CREDITCARD",21,false,4,1,16,0,true,true,true,false,2023-01-26 19:25:57 UTC,4275,21 Ave & Shore Blvd,40.783956,-73.916894,71,"KEY, CREDITCARD",4,1
4347,21 St & 4 Ave,3668.04,40.662584,-73.995554,71,"KEY, CREDITCARD",21,false,5,0,16,0,true,true,true,false,2023-01-26 19:32:54 UTC,4347,21 St & 4 Ave,40.662584,-73.995554,71,"KEY, CREDITCARD",5,0
4456,Nagle Ave & Ellwood St,8528.05,40.86012,-73.928489,71,"KEY, CREDITCARD",21,false,4,0,16,0,true,true,true,false,2023-01-26 18:49:37 UTC,4456,Nagle Ave & Ellwood St,40.86012,-73.928489,71,"KEY, CREDITCARD",4,0
4623,Buchanan Pl & Grand Ave,8535.01,40.85834,-73.90626,71,"KEY, CREDITCARD",21,false,0,3,16,0,true,true,true,false,2023-01-26 09:12:31 UTC,4623,Buchanan Pl & Grand Ave,40.85834,-73.90626,71,"KEY, CREDITCARD",0,3
4661,20 Ave & 31 St,7256.01,40.780013366105642,-73.906676173210144,71,"KEY, CREDITCARD",21,false,4,0,16,0,true,true,true,false,2023-01-26 19:33:04 UTC,4661,20 Ave & 31 St,40.780013366105642,-73.906676173210144,71,"KEY, CREDITCARD",4,0
4743,Audubon Ave & W 192 St,8469.05,40.855890306038887,-73.927082419395447,71,"KEY, CREDITCARD",21,false,2,0,16,0,true,true,true,false,2023-01-26 19:22:26 UTC,4743,Audubon Ave & W 192 St,40.855890306038887,-73.927082419395447,71,"KEY, CREDITCARD",2,0
4906,Chauncey St & Howard Ave,4293.05,40.68158,-73.91959,71,"KEY, CREDITCARD",21,false,5,0,16,0,true,true,true,false,2023-01-26 19:30:32 UTC,4906,Chauncey St & Howard Ave,40.68158,-73.91959,71,"KEY, CREDITCARD",5,0
3297,6 St & 7 Ave,3834.10,40.6686627,-73.97988067,71,"KEY, CREDITCARD",21,false,4,0,17,0,true,true,true,false,2023-01-26 19:24:14 UTC,3297,6 St & 7 Ave,40.6686627,-73.97988067,71,"KEY, CREDITCARD",4,0
3945,Amsterdam Ave & W 136 St,7920.05,40.819746,-73.951819,71,"KEY, CREDITCARD",21,false,2,0,17,0,true,true,true,false,2023-01-26 19:32:09 UTC,3945,Amsterdam Ave & W 136 St,40.819746,-73.951819,71,"KEY, CREDITCARD",2,0
3960,Hamilton Pl & W 140 St,7959.18,40.822756,-73.951346,71,"KEY, CREDITCARD",21,false,0,2,17,0,true,true,true,false,2023-01-26 16:25:59 UTC,3960,Hamilton Pl & W 140 St,40.822756,-73.951346,71,"KEY, CREDITCARD",0,2
4090,Grand Concourse & E 156 St,7984.04,40.823429,-73.924689,71,"KEY, CREDITCARD",21,false,1,1,17,0,true,true,true,false,2023-01-26 18:21:49 UTC,4090,Grand Concourse & E 156 St,40.823429,-73.924689,71,"KEY, CREDITCARD",1,1
4095,E 165 St & Jerome Ave,8130.02,40.83263,-73.925101,71,"KEY, CREDITCARD",21,false,3,1,17,0,true,true,true,false,2023-01-26 19:31:54 UTC,4095,E 165 St & Jerome Ave,40.83263,-73.925101,71,"KEY, CREDITCARD",3,1
4199,River Ave & McClellan St,8111.07,40.83406,-73.92243,71,"KEY, CREDITCARD",21,false,4,0,17,0,true,true,true,false,2023-01-26 18:28:29 UTC,4199,River Ave & McClellan St,40.83406,-73.92243,71,"KEY, CREDITCARD",4,0
4251,Nelson Ave & 167 St,8183.08,40.836705668628042,-73.926088660955429,71,"KEY, CREDITCARD",21,false,1,3,17,0,true,true,true,false,2023-01-26 19:01:05 UTC,4251,Nelson Ave & 167 St,40.836705668628042,-73.926088660955429,71,"KEY, CREDITCARD",1,3
4314,30 Ave & 47 St,6774.13,40.761294,-73.909562,71,"KEY, CREDITCARD",21,false,2,2,17,0,true,true,true,false,2023-01-26 18:21:18 UTC,4314,30 Ave & 47 St,40.761294,-73.909562,71,"KEY, CREDITCARD",2,2
4508,E Tremont Ave & E 176 St,8356.02,40.847798,-73.901883,71,"KEY, CREDITCARD",21,false,2,1,17,0,true,true,true,false,2023-01-26 17:42:14 UTC,4508,E Tremont Ave & E 176 St,40.847798,-73.901883,71,"KEY, CREDITCARD",2,1
4560,Grand Concourse & E 192 St,8601.04,40.86448,-73.89522,71,"KEY, CREDITCARD",21,false,1,1,17,0,true,true,true,false,2023-01-26 19:07:46 UTC,4560,Grand Concourse & E 192 St,40.86448,-73.89522,71,"KEY, CREDITCARD",1,1
4585,Morris Ave & E Burnside Ave,8441.01,40.85322,-73.90546,71,"KEY, CREDITCARD",21,false,2,1,17,0,true,true,true,false,2023-01-26 19:32:40 UTC,4585,Morris Ave & E Burnside Ave,40.85322,-73.90546,71,"KEY, CREDITCARD",2,1
4790,48 St & 50 Ave,6016.06,40.73737,-73.91803,71,"KEY, CREDITCARD",21,false,1,1,17,0,true,true,true,false,2023-01-26 19:20:58 UTC,4790,48 St & 50 Ave,40.73737,-73.91803,71,"KEY, CREDITCARD",1,1
4794,53 St & Roosevelt Ave,6200.03,40.74462,-73.91143,71,"KEY, CREDITCARD",21,false,2,2,17,0,true,true,true,false,2023-01-26 19:09:49 UTC,4794,53 St & Roosevelt Ave,40.74462,-73.91143,71,"KEY, CREDITCARD",2,2
4931,Bergen St & Buffalo Ave,4072.02,40.6747,-73.92512,71,"KEY, CREDITCARD",21,false,3,1,17,0,true,true,true,false,2023-01-26 14:36:40 UTC,4931,Bergen St & Buffalo Ave,40.6747,-73.92512,71,"KEY, CREDITCARD",3,1
5014,Schenectady Ave & Pacific St,4080.01,40.67686,-73.93327,71,"KEY, CREDITCARD",21,false,2,2,17,0,true,true,true,false,2023-01-26 19:28:04 UTC,5014,Schenectady Ave & Pacific St,40.67686,-73.93327,71,"KEY, CREDITCARD",2,2
5020,Troy Ave & Park Pl,3934.07,40.67251,-73.93642,71,"KEY, CREDITCARD",21,false,4,0,17,0,true,true,true,false,2023-01-26 17:15:46 UTC,5020,Troy Ave & Park Pl,40.67251,-73.93642,71,"KEY, CREDITCARD",4,0
3047,Halsey St & Tompkins Ave,4319.07,40.6823687,-73.944118,71,"KEY, CREDITCARD",21,false,0,2,18,0,true,true,true,false,2023-01-26 18:41:55 UTC,3047,Halsey St & Tompkins Ave,40.6823687,-73.944118,71,"KEY, CREDITCARD",0,2
3061,Throop Ave & Myrtle Ave,4697.01,40.69622937,-73.94371094,71,"KEY, CREDITCARD",21,false,3,0,18,0,true,true,true,false,2023-01-26 18:58:01 UTC,3061,Throop Ave & Myrtle Ave,40.69622937,-73.94371094,71,"KEY, CREDITCARD",3,0
3546,Pacific St & Classon Ave,4148.07,40.6791944,-73.9587903,71,"KEY, CREDITCARD",21,false,2,0,18,0,true,true,true,false,2023-01-26 18:53:55 UTC,3546,Pacific St & Classon Ave,40.6791944,-73.9587903,71,"KEY, CREDITCARD",2,0
3578,Park Pl & Franklin Ave,4033.06,40.6741806,-73.9564947,71,"KEY, CREDITCARD",21,false,0,3,18,0,true,true,true,false,2023-01-26 19:31:04 UTC,3578,Park Pl & Franklin Ave,40.6741806,-73.9564947,71,"KEY, CREDITCARD",0,3
3605,31 Ave & Crescent St,6893.10,40.7658346,-73.9265474,71,"KEY, CREDITCARD",21,false,1,1,18,0,true,true,true,false,2023-01-26 19:29:56 UTC,3605,31 Ave & Crescent St,40.7658346,-73.9265474,71,"KEY, CREDITCARD",1,1
3946,St Nicholas Ave & W 137 St,7898.03,40.818477,-73.947568,71,"KEY, CREDITCARD",21,false,0,1,18,0,true,true,true,false,2023-01-26 16:51:23 UTC,3946,St Nicholas Ave & W 137 St,40.818477,-73.947568,71,"KEY, CREDITCARD",0,1
4080,Jerome Ave & E 164 St,8096.02,40.831444,-73.926226,71,"KEY, CREDITCARD",21,false,3,0,18,0,true,true,true,false,2023-01-26 17:48:26 UTC,4080,Jerome Ave & E 164 St,40.831444,-73.926226,71,"KEY, CREDITCARD",3,0
4081,Gerard Ave & E 165 St,8111.04,40.83173,-73.922394,71,"KEY, CREDITCARD",21,false,2,0,18,0,true,true,true,false,2023-01-26 08:31:53 UTC,4081,Gerard Ave & E 165 St,40.83173,-73.922394,71,"KEY, CREDITCARD",2,0
4247,Riverside Dr & W 153 St,8108.02,40.832164,-73.949702,71,"KEY, CREDITCARD",21,false,1,0,18,0,true,true,true,false,2023-01-26 18:27:12 UTC,4247,Riverside Dr & W 153 St,40.832164,-73.949702,71,"KEY, CREDITCARD",1,0
4287,Steinway St & Ditmars Blvd,7074.01,40.772717,-73.906127,71,"KEY, CREDITCARD",21,false,2,1,18,0,true,true,true,false,2023-01-26 18:57:34 UTC,4287,Steinway St & Ditmars Blvd,40.772717,-73.906127,71,"KEY, CREDITCARD",2,1
4443,Seaman Ave & Beak St,8650.11,40.867505,-73.926363,71,"KEY, CREDITCARD",21,false,0,0,18,0,true,true,true,false,2023-01-26 19:04:07 UTC,4443,Seaman Ave & Beak St,40.867505,-73.926363,71,"KEY, CREDITCARD",0,0
4471,Amsterdam Ave & W 186 St,8394.15,40.851113,-73.928808,71,"KEY, CREDITCARD",21,false,1,0,18,0,true,true,true,false,2023-01-26 16:57:59 UTC,4471,Amsterdam Ave & W 186 St,40.851113,-73.928808,71,"KEY, CREDITCARD",1,0
4506,W Tremont Ave & Grand Ave,8384.03,40.850036,-73.912785,71,"KEY, CREDITCARD",21,false,0,2,18,0,true,true,true,false,2023-01-26 09:12:30 UTC,4506,W Tremont Ave & Grand Ave,40.850036,-73.912785,71,"KEY, CREDITCARD",0,2
4515,W Tremont Ave & Montgomery Ave,8407.03,40.851788,-73.916418,71,"KEY, CREDITCARD",21,false,0,0,18,0,true,true,true,false,2023-01-26 09:12:29 UTC,4515,W Tremont Ave & Montgomery Ave,40.851788,-73.916418,71,"KEY, CREDITCARD",0,0
4662,23 Rd & 31 St,7082.14,40.773367502843392,-73.91382560133934,71,"KEY, CREDITCARD",21,false,3,0,18,0,true,true,true,false,2023-01-26 19:12:29 UTC,4662,23 Rd & 31 St,40.773367502843392,-73.91382560133934,71,"KEY, CREDITCARD",3,0
4932,Columbus Pl & Atlantic Ave,4146.02,40.67717,-73.92285,71,"KEY, CREDITCARD",21,false,2,1,18,0,true,true,true,false,2023-01-26 14:53:19 UTC,4932,Columbus Pl & Atlantic Ave,40.67717,-73.92285,71,"KEY, CREDITCARD",2,1
4940,Eastern Pkwy & Ralph Ave,3845.05,40.66852,-73.92284,71,"KEY, CREDITCARD",21,false,1,2,18,0,true,true,true,false,2023-01-26 17:14:00 UTC,4940,Eastern Pkwy & Ralph Ave,40.66852,-73.92284,71,"KEY, CREDITCARD",1,2
3528,Steinway St & 23 Ave,7009.02,40.7713937,-73.9077436,71,"KEY, CREDITCARD",21,false,0,2,19,0,true,true,true,false,2023-01-26 19:20:36 UTC,3528,Steinway St & 23 Ave,40.7713937,-73.9077436,71,"KEY, CREDITCARD",0,2
4091,Jerome Ave & Ogden Ave,8081.01,40.829797,-73.931015,71,"KEY, CREDITCARD",21,false,1,0,19,0,true,true,true,false,2023-01-26 08:31:53 UTC,4091,Jerome Ave & Ogden Ave,40.829797,-73.931015,71,"KEY, CREDITCARD",1,0
4105,Concourse Village West & E 156 St,7962.01,40.823162,-73.923267,71,"KEY, CREDITCARD",21,false,0,2,19,0,true,true,true,false,2023-01-26 18:54:12 UTC,4105,Concourse Village West & E 156 St,40.823162,-73.923267,71,"KEY, CREDITCARD",0,2
4109,Amsterdam Ave & W 183 St,8353.09,40.84925,-73.93022,71,"KEY, CREDITCARD",21,false,0,0,19,0,true,true,true,false,2023-01-26 11:19:32 UTC,4109,Amsterdam Ave & W 183 St,40.84925,-73.93022,71,"KEY, CREDITCARD",0,0
4288,Steinway St & 21 Ave,7137.04,40.774798,-73.903787,71,"KEY, CREDITCARD",21,false,2,0,19,0,true,true,true,false,2023-01-26 19:30:37 UTC,4288,Steinway St & 21 Ave,40.774798,-73.903787,71,"KEY, CREDITCARD",2,0
4327,21 St & 21 Ave,7314.03,40.782465,-73.914527,71,"KEY, CREDITCARD",21,false,1,1,19,0,true,true,true,false,2023-01-26 19:20:35 UTC,4327,21 St & 21 Ave,40.782465,-73.914527,71,"KEY, CREDITCARD",1,1
4614,Grand Concourse & E Mosholu Pkwy S,8795.03,40.877964,-73.8847550291,71,"KEY, CREDITCARD",21,false,0,1,19,0,true,true,true,false,2023-01-26 16:16:07 UTC,4614,Grand Concourse & E Mosholu Pkwy S,40.877964,-73.8847550291,71,"KEY, CREDITCARD",0,1
4772,39 St & Queens Blvd,6218.04,40.74431,-73.92601,71,"KEY, CREDITCARD",21,false,1,1,19,0,true,true,true,false,2023-01-26 19:21:38 UTC,4772,39 St & Queens Blvd,40.74431,-73.92601,71,"KEY, CREDITCARD",1,1
4776,48 Ave & 41 St,6101.11,40.739859956991637,-73.92400324344635,71,"KEY, CREDITCARD",21,false,2,0,19,0,true,true,true,false,2023-01-26 18:57:07 UTC,4776,48 Ave & 41 St,40.739859956991637,-73.92400324344635,71,"KEY, CREDITCARD",2,0
4953,St Johns Pl & Utica Ave,3966.01,40.6705,-73.9308,71,"KEY, CREDITCARD",21,false,0,0,19,0,true,true,true,false,2023-01-26 16:41:02 UTC,4953,St Johns Pl & Utica Ave,40.6705,-73.9308,71,"KEY, CREDITCARD",0,0
4994,Sterling Pl & Schenectady Ave,3934.06,40.6716,-73.93378,71,"KEY, CREDITCARD",21,false,2,0,19,0,true,true,true,false,2023-01-26 18:38:16 UTC,4994,Sterling Pl & Schenectady Ave,40.6716,-73.93378,71,"KEY, CREDITCARD",2,0
3319,14 St & 5 Ave,3771.06,40.666287,-73.98895053,71,"KEY, CREDITCARD",21,false,0,1,20,0,true,true,true,false,2023-01-26 17:47:53 UTC,3319,14 St & 5 Ave,40.666287,-73.98895053,71,"KEY, CREDITCARD",0,1
3568,34 St & 35 Ave,6605.08,40.7569332,-73.9262231,71,"KEY, CREDITCARD",21,false,1,0,20,0,true,true,true,false,2023-01-26 17:16:14 UTC,3568,34 St & 35 Ave,40.7569332,-73.9262231,71,"KEY, CREDITCARD",1,0
3673,Dean St & Franklin Ave,4107.13,40.677592069373759,-73.955637216568,71,"KEY, CREDITCARD",21,false,0,1,20,0,true,true,true,false,2023-01-26 18:57:24 UTC,3673,Dean St & Franklin Ave,40.677592069373759,-73.955637216568,71,"KEY, CREDITCARD",0,1
3832,Central Ave & Weirfield St,4591.04,40.69055,-73.91181,71,"KEY, CREDITCARD",21,false,0,1,20,0,true,true,true,false,2023-01-26 13:40:55 UTC,3832,Central Ave & Weirfield St,40.69055,-73.91181,71,"KEY, CREDITCARD",0,1
4021,E 138 St & Grand Concourse,7803.08,40.813224,-73.930605,71,"KEY, CREDITCARD",21,false,1,0,20,0,true,true,true,false,2023-01-26 16:58:06 UTC,4021,E 138 St & Grand Concourse,40.813224,-73.930605,71,"KEY, CREDITCARD",1,0
4152,Fulton Ave & E 168 St,8084.03,40.830471,-73.904556,71,"KEY, CREDITCARD",21,false,1,0,20,0,true,true,true,false,2023-01-26 18:25:29 UTC,4152,Fulton Ave & E 168 St,40.830471,-73.904556,71,"KEY, CREDITCARD",1,0
4171,Boston Rd & E 167 St,8048.04,40.828199,-73.903719,71,"KEY, CREDITCARD",21,false,0,1,20,0,true,true,true,false,2023-01-26 18:04:34 UTC,4171,Boston Rd & E 167 St,40.828199,-73.903719,71,"KEY, CREDITCARD",0,1
4193,W 181 St & Riverside Dr,8381.04,40.85168,-73.94186,71,"KEY, CREDITCARD",21,false,0,1,20,0,true,true,true,false,2023-01-26 14:32:57 UTC,4193,W 181 St & Riverside Dr,40.85168,-73.94186,71,"KEY, CREDITCARD",0,1
4257,43 St & 37 Ave,6401.01,40.750181,-73.919998,71,"KEY, CREDITCARD",21,false,0,1,20,0,true,true,true,false,2023-01-26 18:45:22 UTC,4257,43 St & 37 Ave,40.750181,-73.919998,71,"KEY, CREDITCARD",0,1
4315,46 St & 30 Rd,6703.06,40.76072,-73.910989,71,"KEY, CREDITCARD",21,false,0,1,20,0,true,true,true,false,2023-01-26 18:58:44 UTC,4315,46 St & 30 Rd,40.76072,-73.910989,71,"KEY, CREDITCARD",0,1
4451,W 190 St & Broadway,8474.02,40.856487335235762,-73.932969868183136,71,"KEY, CREDITCARD",21,false,1,0,20,0,true,true,true,false,2023-01-26 18:56:43 UTC,4451,W 190 St & Broadway,40.856487335235762,-73.932969868183136,71,"KEY, CREDITCARD",1,0
4564,Grand Concourse & E 197 St,8667.01,40.86945,-73.89148,71,"KEY, CREDITCARD",21,false,0,1,20,0,true,true,true,false,2023-01-26 15:54:36 UTC,4564,Grand Concourse & E 197 St,40.86945,-73.89148,71,"KEY, CREDITCARD",0,1
4636,W 192 St & University Ave,8639.01,40.866899,-73.901942,71,"KEY, CREDITCARD",21,false,0,0,20,0,true,true,true,false,2023-01-26 16:50:25 UTC,4636,W 192 St & University Ave,40.866899,-73.901942,71,"KEY, CREDITCARD",0,0
4756,7 Ave & 17 St,3660.07,40.660937794931677,-73.986804485321045,71,"KEY, CREDITCARD",21,false,1,0,20,0,true,true,true,false,2023-01-26 18:23:11 UTC,4756,7 Ave & 17 St,40.660937794931677,-73.986804485321045,71,"KEY, CREDITCARD",1,0
4872,65 St & Otto Rd,4977.03,40.70389,-73.89116,71,"KEY, CREDITCARD",21,false,1,0,20,0,true,true,true,false,2023-01-26 09:52:53 UTC,4872,65 St & Otto Rd,40.70389,-73.89116,71,"KEY, CREDITCARD",1,0
4905,Thomas S. Boyland St & Macon St,4325.03,40.68491,-73.91493,71,"KEY, CREDITCARD",21,false,1,0,20,0,true,true,true,false,2023-01-26 17:02:17 UTC,4905,Thomas S. Boyland St & Macon St,40.68491,-73.91493,71,"KEY, CREDITCARD",1,0
4952,Park Pl & Utica Ave,3966.03,40.67242,-73.93094,71,"KEY, CREDITCARD",21,false,1,0,20,0,true,true,true,false,2023-01-26 19:02:31 UTC,4952,Park Pl & Utica Ave,40.67242,-73.93094,71,"KEY, CREDITCARD",1,0
4972,Buffalo Ave & St Johns Pl,3885.06,40.67015,-73.92538,71,"KEY, CREDITCARD",21,false,0,1,20,0,true,true,true,false,2023-01-26 14:35:52 UTC,4972,Buffalo Ave & St Johns Pl,40.67015,-73.92538,71,"KEY, CREDITCARD",0,1
4997,Carroll St & Rochester Ave,3742.11,40.66598,-73.9284,71,"KEY, CREDITCARD",21,false,1,0,20,0,true,true,true,false,2023-01-26 14:51:29 UTC,4997,Carroll St & Rochester Ave,40.66598,-73.9284,71,"KEY, CREDITCARD",1,0
c32d6965-4fae-4f1f-a5f2-7f2ef5f439fc,Madison St & 1 St,HB402,40.73879,-74.0393,311,"KEY, CREDITCARD",21,false,0,0,21,0,true,true,true,false,2023-01-26 19:32:10 UTC,c32d6965-4fae-4f1f-a5f2-7f2ef5f439fc,Madison St & 1 St,40.73879,-74.0393,311,"KEY, CREDITCARD",0,0
3050,Putnam Ave & Throop Ave,4392.04,40.6851532,-73.94111,71,"KEY, CREDITCARD",21,false,0,0,21,0,true,true,true,false,2023-01-26 18:54:34 UTC,3050,Putnam Ave & Throop Ave,40.6851532,-73.94111,71,"KEY, CREDITCARD",0,0
4050,W 159 St & Edgecombe Ave,8119.05,40.833303,-73.939326,71,"KEY, CREDITCARD",21,false,0,0,21,0,true,true,true,false,2023-01-26 19:23:35 UTC,4050,W 159 St & Edgecombe Ave,40.833303,-73.939326,71,"KEY, CREDITCARD",0,0
4390,46 St & 6 Ave,3161.02,40.645921,-74.005708,71,"KEY, CREDITCARD",21,false,0,0,21,0,true,true,true,false,2023-01-26 13:30:54 UTC,4390,46 St & 6 Ave,40.645921,-74.005708,71,"KEY, CREDITCARD",0,0
4400,46 St & 7 Ave,3117.05,40.644743,-74.003754,71,"KEY, CREDITCARD",21,false,0,0,21,0,true,true,true,false,2023-01-26 17:57:00 UTC,4400,46 St & 7 Ave,40.644743,-74.003754,71,"KEY, CREDITCARD",0,0
4739,Valentine Ave & E 181 St,8435.04,40.854123869116,-73.899322226643562,71,"KEY, CREDITCARD",21,false,0,0,21,0,true,true,true,false,2023-01-26 16:39:00 UTC,4739,Valentine Ave & E 181 St,40.854123869116,-73.899322226643562,71,"KEY, CREDITCARD",0,0
4771,43 Ave & 40 St,6292.03,40.74562,-73.92402,71,"KEY, CREDITCARD",21,false,0,0,21,0,true,true,true,false,2023-01-26 18:26:21 UTC,4771,43 Ave & 40 St,40.74562,-73.92402,71,"KEY, CREDITCARD",0,0
4841,60 Pl & Linden St,5097.02,40.70886,-73.90182,71,"KEY, CREDITCARD",21,false,0,0,21,0,true,true,true,false,2023-01-26 13:28:21 UTC,4841,60 Pl & Linden St,40.70886,-73.90182,71,"KEY, CREDITCARD",0,0
4877,59 St & 59 Rd,5401.03,40.717908527340583,-73.908454477787,71,"KEY, CREDITCARD",21,false,0,0,21,0,true,true,true,false,2023-01-26 15:20:30 UTC,4877,59 St & 59 Rd,40.717908527340583,-73.908454477787,71,"KEY, CREDITCARD",0,0
537a2f47-26a3-4776-ba9d-e2acd2ffbee1,City Hall - Washington St & 1 St,HB105,40.73736,-74.03097,311,"KEY, CREDITCARD",22,false,22,0,0,0,true,true,true,false,2023-01-26 19:32:46 UTC,537a2f47-26a3-4776-ba9d-e2acd2ffbee1,City Hall - Washington St & 1 St,40.73736,-74.03097,311,"KEY, CREDITCARD",22,0
4392,52 St & 1 Ave,3253.01,40.649292,-74.020105,71,"KEY, CREDITCARD",22,false,22,0,0,0,true,true,true,false,2023-01-26 08:52:12 UTC,4392,52 St & 1 Ave,40.649292,-74.020105,71,"KEY, CREDITCARD",22,0
3456,Jackson St & Leonard St,5332.10,40.716380319735613,-73.948212862014771,71,"KEY, CREDITCARD",22,false,19,1,2,0,true,true,true,false,2023-01-26 19:16:50 UTC,3456,Jackson St & Leonard St,40.716380319735613,-73.948212862014771,71,"KEY, CREDITCARD",19,1
3787,Dock 72 Way & Market St,4804.02,40.69985,-73.97141,71,"KEY, CREDITCARD",22,false,7,0,2,13,true,true,true,false,2023-01-26 19:13:09 UTC,3787,Dock 72 Way & Market St,40.69985,-73.97141,71,"KEY, CREDITCARD",7,0
4113,Icahn Stadium,7514.01,40.79346,-73.92389,71,"KEY, CREDITCARD",22,false,18,0,2,0,true,true,true,false,2023-01-26 18:20:05 UTC,4113,Icahn Stadium,40.79346,-73.92389,71,"KEY, CREDITCARD",18,0
4302,21 St & 23 Ave,7210.07,40.778557,-73.919046,71,"KEY, CREDITCARD",22,false,19,1,2,0,true,true,true,false,2023-01-26 19:17:21 UTC,4302,21 St & 23 Ave,40.778557,-73.919046,71,"KEY, CREDITCARD",19,1
4377,Dahill Rd & 12 Ave,3208.07,40.646037,-73.980963,71,"KEY, CREDITCARD",22,false,18,1,2,0,true,true,true,false,2023-01-26 19:06:17 UTC,4377,Dahill Rd & 12 Ave,40.646037,-73.980963,71,"KEY, CREDITCARD",18,1
3780,Wyckoff Av & Stanhope St,4931.05,40.703545,-73.917775,71,"KEY, CREDITCARD",22,false,16,2,3,0,true,true,true,false,2023-01-26 19:28:04 UTC,3780,Wyckoff Av & Stanhope St,40.703545,-73.917775,71,"KEY, CREDITCARD",16,2
4802,57 St & 37 Ave,6426.05,40.75048,-73.90513,71,"KEY, CREDITCARD",22,false,19,0,3,0,true,true,true,false,2023-01-26 18:25:27 UTC,4802,57 St & 37 Ave,40.75048,-73.90513,71,"KEY, CREDITCARD",19,0
66dd5960-0aca-11e7-82f6-3863bb44ef7c,City Hall,JC003,40.7177325,-74.043845,70,"KEY, CREDITCARD",22,false,15,1,6,0,true,true,true,false,2023-01-26 19:31:47 UTC,66dd5960-0aca-11e7-82f6-3863bb44ef7c,City Hall,40.7177325,-74.043845,70,"KEY, CREDITCARD",15,1
66dd80ac-0aca-11e7-82f6-3863bb44ef7c,Newark Ave,JC032,40.72152515,-74.046304543,70,"KEY, CREDITCARD",22,false,15,1,6,0,true,true,true,false,2023-01-26 19:32:30 UTC,66dd80ac-0aca-11e7-82f6-3863bb44ef7c,Newark Ave,40.72152515,-74.046304543,70,"KEY, CREDITCARD",15,1
66dd5a42-0aca-11e7-82f6-3863bb44ef7c,Warren St,JC006,40.7211236,-74.03805095,70,"KEY, CREDITCARD",22,false,16,0,6,0,true,true,true,false,2023-01-26 19:31:33 UTC,66dd5a42-0aca-11e7-82f6-3863bb44ef7c,Warren St,40.7211236,-74.03805095,70,"KEY, CREDITCARD",16,0
4913,Van Sinderen Ave & Atlantic Ave,4087.01,40.67621,-73.90351,71,"KEY, CREDITCARD",22,false,14,0,6,0,true,true,true,false,2023-01-26 17:30:47 UTC,4913,Van Sinderen Ave & Atlantic Ave,40.67621,-73.90351,71,"KEY, CREDITCARD",14,0
3413,Wyckoff St & 3 Ave,4290.06,40.6827549,-73.98258555,71,"KEY, CREDITCARD",22,false,15,0,7,0,true,true,true,false,2023-01-26 19:25:07 UTC,3413,Wyckoff St & 3 Ave,40.6827549,-73.98258555,71,"KEY, CREDITCARD",15,0
4463,W 204 St & Vermilyea Ave,8632.07,40.866141,-73.922648,71,"KEY, CREDITCARD",22,false,13,1,7,0,true,true,true,false,2023-01-26 13:33:24 UTC,4463,W 204 St & Vermilyea Ave,40.866141,-73.922648,71,"KEY, CREDITCARD",13,1
4810,62 St & 34 Ave,6460.06,40.75201,-73.89986,71,"KEY, CREDITCARD",22,false,15,0,7,0,true,true,true,false,2023-01-26 09:32:51 UTC,4810,62 St & 34 Ave,40.75201,-73.89986,71,"KEY, CREDITCARD",15,0
66dd6000-0aca-11e7-82f6-3863bb44ef7c,McGinley Square,JC055,40.7253399253558,-74.067622125148773,70,"KEY, CREDITCARD",22,false,11,1,10,0,true,true,true,false,2023-01-26 19:31:54 UTC,66dd6000-0aca-11e7-82f6-3863bb44ef7c,McGinley Square,40.7253399253558,-74.067622125148773,70,"KEY, CREDITCARD",11,1
66dd8479-0aca-11e7-82f6-3863bb44ef7c,Essex Light Rail,JC038,40.7127742,-74.0364857,70,"KEY, CREDITCARD",22,false,9,0,12,0,true,true,true,false,2023-01-26 19:32:22 UTC,66dd8479-0aca-11e7-82f6-3863bb44ef7c,Essex Light Rail,40.7127742,-74.0364857,70,"KEY, CREDITCARD",9,0
3855,Frost St & Debevoise Ave,5433.04,40.71882,-73.93948,71,"KEY, CREDITCARD",22,false,10,0,12,0,true,true,true,false,2023-01-26 11:41:20 UTC,3855,Frost St & Debevoise Ave,40.71882,-73.93948,71,"KEY, CREDITCARD",10,0
4783,48 St & Skillman Ave,6283.05,40.746228746941952,-73.916163146495819,71,"KEY, CREDITCARD",22,false,6,1,13,0,true,true,true,false,2023-01-26 19:18:54 UTC,4783,48 St & Skillman Ave,40.746228746941952,-73.916163146495819,71,"KEY, CREDITCARD",6,1
4920,MacDonough St & Marcy Ave,4246.02,40.68078,-73.94613,71,"KEY, CREDITCARD",22,false,8,1,13,0,true,true,true,false,2023-01-26 18:24:01 UTC,4920,MacDonough St & Marcy Ave,40.68078,-73.94613,71,"KEY, CREDITCARD",8,1
7478be11-37d8-49b1-a253-f0810045f6ff,7 St & Monroe St,HB304,40.746412648377188,-74.037977010011673,311,"KEY, CREDITCARD",22,false,7,1,14,0,true,true,true,false,2023-01-26 19:32:33 UTC,7478be11-37d8-49b1-a253-f0810045f6ff,7 St & Monroe St,40.746412648377188,-74.037977010011673,311,"KEY, CREDITCARD",7,1
4130,Morris Ave & McClellan St,8107.10,40.831584,-73.9149,71,"KEY, CREDITCARD",22,false,7,1,14,0,true,true,true,false,2023-01-26 18:45:54 UTC,4130,Morris Ave & McClellan St,40.831584,-73.9149,71,"KEY, CREDITCARD",7,1
66dd83fc-0aca-11e7-82f6-3863bb44ef7c,Van Vorst Park,JC035,40.71848892,-74.047726625,70,"KEY, CREDITCARD",22,false,7,0,15,0,true,true,true,false,2023-01-26 19:33:00 UTC,66dd83fc-0aca-11e7-82f6-3863bb44ef7c,Van Vorst Park,40.71848892,-74.047726625,70,"KEY, CREDITCARD",7,0
4490,Featherbed Ln & Nelson Ave,8327.15,40.846011,-73.919637,71,"KEY, CREDITCARD",22,false,5,1,15,0,true,true,true,false,2023-01-26 19:07:12 UTC,4490,Featherbed Ln & Nelson Ave,40.846011,-73.919637,71,"KEY, CREDITCARD",5,1
4924,St. Johns Pl & Kingston Ave,3943.03,40.67113,-73.94222,71,"KEY, CREDITCARD",22,false,6,1,15,0,true,true,true,false,2023-01-26 19:23:08 UTC,4924,St. Johns Pl & Kingston Ave,40.67113,-73.94222,71,"KEY, CREDITCARD",6,1
4939,Sterling Pl & Rochester Ave,3925.03,40.67128,-73.92825,71,"KEY, CREDITCARD",22,false,7,0,15,0,true,true,true,false,2023-01-26 18:43:38 UTC,4939,Sterling Pl & Rochester Ave,40.67128,-73.92825,71,"KEY, CREDITCARD",7,0
ded4386f-9f69-43c6-a566-4511920c3e39,Mama Johnson Field - 4 St & Jackson St,HB404,40.74313993965626,-74.040040969848633,311,"KEY, CREDITCARD",22,false,6,0,16,0,true,true,true,false,2023-01-26 19:32:58 UTC,ded4386f-9f69-43c6-a566-4511920c3e39,Mama Johnson Field - 4 St & Jackson St,40.74313993965626,-74.040040969848633,311,"KEY, CREDITCARD",6,0
4087,W 170 St & University Ave,8254.01,40.84207,-73.926075,71,"KEY, CREDITCARD",22,false,2,2,16,0,true,true,true,false,2023-01-26 10:07:01 UTC,4087,W 170 St & University Ave,40.84207,-73.926075,71,"KEY, CREDITCARD",2,2
4020,Bradhurst Ave & W 148 St,7992.04,40.825125,-73.941616,71,"KEY, CREDITCARD",22,false,1,0,17,0,true,true,true,false,2023-01-26 18:49:44 UTC,4020,Bradhurst Ave & W 148 St,40.825125,-73.941616,71,"KEY, CREDITCARD",1,0
3511,Adam Clayton Powell Blvd & W 115 St,7643.18,40.802535,-73.9532423,71,"KEY, CREDITCARD",22,false,1,0,18,0,true,true,true,false,2023-01-26 19:27:25 UTC,3511,Adam Clayton Powell Blvd & W 115 St,40.802535,-73.9532423,71,"KEY, CREDITCARD",1,0
4014,Riverside Dr & W 148 St,8054.04,40.829114,-73.950426,71,"KEY, CREDITCARD",22,false,2,0,18,0,true,true,true,false,2023-01-26 19:17:54 UTC,4014,Riverside Dr & W 148 St,40.829114,-73.950426,71,"KEY, CREDITCARD",2,0
4102,Grand Concourse & E 164 St,8057.02,40.829608,-73.921461,71,"KEY, CREDITCARD",22,false,2,2,18,0,true,true,true,false,2023-01-26 17:22:16 UTC,4102,Grand Concourse & E 164 St,40.829608,-73.921461,71,"KEY, CREDITCARD",2,2
4915,Prospect Pl & Nostrand Ave,4025.02,40.67428,-73.9503,71,"KEY, CREDITCARD",22,false,2,1,18,0,true,true,true,false,2023-01-26 17:35:15 UTC,4915,Prospect Pl & Nostrand Ave,40.67428,-73.9503,71,"KEY, CREDITCARD",2,1
66dd836d-0aca-11e7-82f6-3863bb44ef7c,Christ Hospital,JC034,40.734785818,-74.050443636,70,"KEY, CREDITCARD",22,false,2,1,19,0,true,true,true,false,2023-01-26 19:31:23 UTC,66dd836d-0aca-11e7-82f6-3863bb44ef7c,Christ Hospital,40.734785818,-74.050443636,70,"KEY, CREDITCARD",2,1
66dd7fe2-0aca-11e7-82f6-3863bb44ef7c,Brunswick St,JC023,40.7241765,-74.0506564,70,"KEY, CREDITCARD",22,false,3,0,19,0,true,true,true,false,2023-01-26 19:32:37 UTC,66dd7fe2-0aca-11e7-82f6-3863bb44ef7c,Brunswick St,40.7241765,-74.0506564,70,"KEY, CREDITCARD",3,0
3830,Halsey St & Evergreen Ave,4474.01,40.68858,-73.91227,71,"KEY, CREDITCARD",22,false,2,1,19,0,true,true,true,false,2023-01-26 14:57:45 UTC,3830,Halsey St & Evergreen Ave,40.68858,-73.91227,71,"KEY, CREDITCARD",2,1
3985,E 160 St & Tinton Ave,7931.05,40.820302,-73.903944,71,"KEY, CREDITCARD",22,false,1,2,19,0,true,true,true,false,2023-01-26 19:18:59 UTC,3985,E 160 St & Tinton Ave,40.820302,-73.903944,71,"KEY, CREDITCARD",1,2
4017,E 138 St & 5 Av,7809.13,40.81449,-73.936153,71,"KEY, CREDITCARD",22,false,1,1,19,0,true,true,true,false,2023-01-26 19:15:53 UTC,4017,E 138 St & 5 Av,40.81449,-73.936153,71,"KEY, CREDITCARD",1,1
4084,Sheridan Ave & E 168 St,8160.03,40.835334,-73.9154,71,"KEY, CREDITCARD",22,false,1,1,19,0,true,true,true,false,2023-01-26 18:30:48 UTC,4084,Sheridan Ave & E 168 St,40.835334,-73.9154,71,"KEY, CREDITCARD",1,1
4144,Lafayette Ave & Hunts Point Ave,7883.06,40.816567,-73.888161,71,"KEY, CREDITCARD",22,false,1,1,19,0,true,true,true,false,2023-01-26 17:54:50 UTC,4144,Lafayette Ave & Hunts Point Ave,40.816567,-73.888161,71,"KEY, CREDITCARD",1,1
4427,Frederick Douglass Blvd & W 139 St,7876.07,40.819005818065577,-73.944768905639648,71,"KEY, CREDITCARD",22,false,0,1,19,0,true,true,true,false,2023-01-26 12:36:17 UTC,4427,Frederick Douglass Blvd & W 139 St,40.819005818065577,-73.944768905639648,71,"KEY, CREDITCARD",0,1
4584,Weeks Ave & E 175 St,8340.05,40.846879,-73.907342,71,"KEY, CREDITCARD",22,false,1,1,19,0,true,true,true,false,2023-01-26 18:01:57 UTC,4584,Weeks Ave & E 175 St,40.846879,-73.907342,71,"KEY, CREDITCARD",1,1
4969,Bergen St & Troy Ave,4048.03,40.67524,-73.93596,71,"KEY, CREDITCARD",22,false,2,1,19,0,true,true,true,false,2023-01-26 17:12:30 UTC,4969,Bergen St & Troy Ave,40.67524,-73.93596,71,"KEY, CREDITCARD",2,1
66dd5f24-0aca-11e7-82f6-3863bb44ef7c,Liberty Light Rail,JC052,40.7112423,-74.0557013,70,"KEY, CREDITCARD",22,false,1,0,20,0,true,true,true,false,2023-01-26 19:33:15 UTC,66dd5f24-0aca-11e7-82f6-3863bb44ef7c,Liberty Light Rail,40.7112423,-74.0557013,70,"KEY, CREDITCARD",1,0
3828,Eldert St & Bushwick Ave,4399.03,40.68652,-73.91321,71,"KEY, CREDITCARD",22,false,1,0,20,0,true,true,true,false,2023-01-26 19:17:02 UTC,3828,Eldert St & Bushwick Ave,40.68652,-73.91321,71,"KEY, CREDITCARD",1,0
3989,Willis Ave & E 137 St,7726.02,40.808384,-73.923604,71,"KEY, CREDITCARD",22,false,1,0,20,0,true,true,true,false,2023-01-26 19:10:58 UTC,3989,Willis Ave & E 137 St,40.808384,-73.923604,71,"KEY, CREDITCARD",1,0
4000,Lenox Ave & W 144 St,7910.01,40.819783,-73.936521,71,"KEY, CREDITCARD",22,false,1,0,20,0,true,true,true,false,2023-01-26 19:30:31 UTC,4000,Lenox Ave & W 144 St,40.819783,-73.936521,71,"KEY, CREDITCARD",1,0
4395,6 Ave & 60 St,2912.08,40.638196,-74.013821,71,"KEY, CREDITCARD",22,false,0,1,20,1,true,true,true,false,2023-01-26 19:31:08 UTC,4395,6 Ave & 60 St,40.638196,-74.013821,71,"KEY, CREDITCARD",0,1
4581,E Mosholu Pkwy & Van Cortlandt Ave E,8778.01,40.87656,-73.88366,71,"KEY, CREDITCARD",22,false,1,1,20,0,true,true,true,false,2023-01-26 18:42:16 UTC,4581,E Mosholu Pkwy & Van Cortlandt Ave E,40.87656,-73.88366,71,"KEY, CREDITCARD",1,1
3896,Madison St & Seneca Ave,4880.11,40.70183,-73.90625,71,"KEY, CREDITCARD",22,false,1,0,21,0,true,true,true,false,2023-01-26 18:39:29 UTC,3896,Madison St & Seneca Ave,40.70183,-73.90625,71,"KEY, CREDITCARD",1,0
4016,Adam Clayton Powell Blvd & W 130 St,7774.02,40.812346,-73.946168,71,"KEY, CREDITCARD",22,false,0,1,21,0,true,true,true,false,2023-01-26 18:59:27 UTC,4016,Adam Clayton Powell Blvd & W 130 St,40.812346,-73.946168,71,"KEY, CREDITCARD",0,1
4071,Broadway & W 160 St,8157.06,40.835775,-73.9434,71,"KEY, CREDITCARD",22,false,0,0,21,0,true,true,true,false,2023-01-26 15:21:26 UTC,4071,Broadway & W 160 St,40.835775,-73.9434,71,"KEY, CREDITCARD",0,0
4423,57 St & 4 Ave,3093.07,40.642622,-74.016866,71,"KEY, CREDITCARD",22,false,0,0,21,0,true,true,true,false,2023-01-26 12:51:43 UTC,4423,57 St & 4 Ave,40.642622,-74.016866,71,"KEY, CREDITCARD",0,0
4629,Webb Ave & W 190 St,8624.01,40.8660052,-73.904254892,71,"KEY, CREDITCARD",22,false,0,1,21,0,true,true,true,false,2023-01-26 16:17:21 UTC,4629,Webb Ave & W 190 St,40.8660052,-73.904254892,71,"KEY, CREDITCARD",0,1
4732,50 St & 7 Ave,3038.08,40.642501,-74.006055,71,"KEY, CREDITCARD",22,false,0,1,21,0,true,true,true,false,2023-01-26 14:03:46 UTC,4732,50 St & 7 Ave,40.642501,-74.006055,71,"KEY, CREDITCARD",0,1
4914,Pacific St & Nostrand Ave,4140.03,40.6776,-73.94963,71,"KEY, CREDITCARD",22,false,0,1,21,0,true,true,true,false,2023-01-26 18:24:50 UTC,4914,Pacific St & Nostrand Ave,40.6776,-73.94963,71,"KEY, CREDITCARD",0,1
3835,Knickerbocker Ave & Hancock St,4663.02,40.69385,-73.90974,71,"KEY, CREDITCARD",22,false,0,0,22,0,true,true,true,false,2023-01-26 14:58:26 UTC,3835,Knickerbocker Ave & Hancock St,40.69385,-73.90974,71,"KEY, CREDITCARD",0,0
4556,Grand Ave & W Fordham Rd,8571.02,40.86288,-73.90316,71,"KEY, CREDITCARD",22,false,0,0,22,0,true,true,true,false,2023-01-26 13:25:46 UTC,4556,Grand Ave & W Fordham Rd,40.86288,-73.90316,71,"KEY, CREDITCARD",0,0
4989,Bergen St & Kingston Ave,4089.01,40.6756,-73.9415,71,"KEY, CREDITCARD",22,false,0,0,22,0,true,true,true,false,2023-01-26 17:30:05 UTC,4989,Bergen St & Kingston Ave,40.6756,-73.9415,71,"KEY, CREDITCARD",0,0
3337,Dwight St & Van Dyke St,3981.10,40.673635513415043,-74.011955559253693,71,"KEY, CREDITCARD",23,false,21,0,0,0,true,true,true,false,2023-01-26 17:15:06 UTC,3337,Dwight St & Van Dyke St,40.673635513415043,-74.011955559253693,71,"KEY, CREDITCARD",21,0
4550,Webster Ave & Ford St,8472.08,40.85556,-73.89615,71,"KEY, CREDITCARD",23,false,17,4,0,0,true,true,true,false,2023-01-26 19:28:16 UTC,4550,Webster Ave & Ford St,40.85556,-73.89615,71,"KEY, CREDITCARD",17,4
229,Great Jones St,5636.11,40.72743423,-73.99379025,71,"KEY, CREDITCARD",23,false,18,2,1,0,true,true,true,false,2023-01-26 19:30:04 UTC,229,Great Jones St,40.72743423,-73.99379025,71,"KEY, CREDITCARD",18,2
343,Clinton Ave & Flushing Ave,4762.04,40.69794,-73.96986848,71,"KEY, CREDITCARD",23,false,19,1,1,0,true,true,true,false,2023-01-26 19:16:13 UTC,343,Clinton Ave & Flushing Ave,40.69794,-73.96986848,71,"KEY, CREDITCARD",19,1
3256,Pier 40 - Hudson River Park,5696.03,40.7277140777778,-74.011295735836029,71,"KEY, CREDITCARD",23,false,21,1,1,0,true,true,true,false,2023-01-26 19:14:19 UTC,3256,Pier 40 - Hudson River Park,40.7277140777778,-74.011295735836029,71,"KEY, CREDITCARD",21,1
3342,Pioneer St & Richards St,4128.08,40.6777748,-74.0094613,71,"KEY, CREDITCARD",23,false,21,1,1,0,true,true,true,false,2023-01-26 18:57:43 UTC,3342,Pioneer St & Richards St,40.6777748,-74.0094613,71,"KEY, CREDITCARD",21,1
3760,Willoughby Ave & Wyckoff Ave,5010.02,40.705614,-73.92153,71,"KEY, CREDITCARD",23,false,22,0,1,0,true,true,true,false,2023-01-26 18:29:11 UTC,3760,Willoughby Ave & Wyckoff Ave,40.705614,-73.92153,71,"KEY, CREDITCARD",22,0
4291,20 Ave & 48 St,7066.01,40.772899,-73.896849,71,"KEY, CREDITCARD",23,false,20,2,1,0,true,true,true,false,2023-01-26 08:52:12 UTC,4291,20 Ave & 48 St,40.772899,-73.896849,71,"KEY, CREDITCARD",20,2
4379,34 St & 4 Ave,3492.04,40.655278,-74.003101,71,"KEY, CREDITCARD",23,false,21,1,1,0,true,true,true,false,2023-01-26 19:01:09 UTC,4379,34 St & 4 Ave,40.655278,-74.003101,71,"KEY, CREDITCARD",21,1
4574,Bailey Ave & W 193 St,8676.01,40.87069,-73.90678,71,"KEY, CREDITCARD",23,false,18,3,1,0,true,true,true,false,2023-01-26 17:21:45 UTC,4574,Bailey Ave & W 193 St,40.87069,-73.90678,71,"KEY, CREDITCARD",18,3
4637,Decatur Ave & Oliver Pl,8631.03,40.867,-73.8857764,71,"KEY, CREDITCARD",23,false,18,3,1,0,true,true,true,false,2023-01-26 18:14:44 UTC,4637,Decatur Ave & Oliver Pl,40.867,-73.8857764,71,"KEY, CREDITCARD",18,3
3125,45 Rd & 11 St,6319.01,40.74708586,-73.94977234,71,"KEY, CREDITCARD",23,false,20,0,2,0,true,true,true,false,2023-01-26 18:52:24 UTC,3125,45 Rd & 11 St,40.74708586,-73.94977234,71,"KEY, CREDITCARD",20,0
3757,Stagg St & Morgan Ave,5170.01,40.710681,-73.93372,71,"KEY, CREDITCARD",23,false,21,0,2,0,true,true,true,false,2023-01-26 19:31:56 UTC,3757,Stagg St & Morgan Ave,40.710681,-73.93372,71,"KEY, CREDITCARD",21,0
3931,Morris Ave & E 142 St,7821.01,40.814469,-73.924963,71,"KEY, CREDITCARD",23,false,19,2,2,0,true,true,true,false,2023-01-26 19:08:01 UTC,3931,Morris Ave & E 142 St,40.814469,-73.924963,71,"KEY, CREDITCARD",19,2
3937,E 135 St & St Ann's Ave,7687.05,40.805089,-73.918889,71,"KEY, CREDITCARD",23,false,17,4,2,0,true,true,true,false,2023-01-26 08:11:36 UTC,3937,E 135 St & St Ann's Ave,40.805089,-73.918889,71,"KEY, CREDITCARD",17,4
3949,Brook Ave & E 138 St,7707.08,40.807408,-73.91924,71,"KEY, CREDITCARD",23,false,17,2,2,0,true,true,true,false,2023-01-26 19:31:18 UTC,3949,Brook Ave & E 138 St,40.807408,-73.91924,71,"KEY, CREDITCARD",17,2
4378,Church Ave & Story St,3007.05,40.642031,-73.981073,71,"KEY, CREDITCARD",23,false,19,0,2,0,true,true,true,false,2023-01-26 19:22:50 UTC,4378,Church Ave & Story St,40.642031,-73.981073,71,"KEY, CREDITCARD",19,0
419,Carlton Ave & Park Ave,4732.04,40.69580705,-73.97355569,71,"KEY, CREDITCARD",23,false,16,4,3,0,true,true,true,false,2023-01-26 19:28:56 UTC,419,Carlton Ave & Park Ave,40.69580705,-73.97355569,71,"KEY, CREDITCARD",16,4
4292,Hazen St & 20 Ave,7032.06,40.772092,-73.895166,71,"KEY, CREDITCARD",23,false,19,1,3,0,true,true,true,false,2023-01-26 17:59:32 UTC,4292,Hazen St & 20 Ave,40.772092,-73.895166,71,"KEY, CREDITCARD",19,1
4358,Ft. Hamilton Pkwy & E 5 St,3240.15,40.649037,-73.97673,71,"KEY, CREDITCARD",23,false,18,2,3,0,true,true,true,false,2023-01-26 18:55:41 UTC,4358,Ft. Hamilton Pkwy & E 5 St,40.649037,-73.97673,71,"KEY, CREDITCARD",18,2
4462,10 Ave & W 202 St,8543.01,40.861281970750994,-73.921417593956,71,"KEY, CREDITCARD",23,false,20,0,3,0,true,true,true,false,2023-01-26 17:38:35 UTC,4462,10 Ave & W 202 St,40.861281970750994,-73.921417593956,71,"KEY, CREDITCARD",20,0
3956,St. Ann's Ave & E 144 St,7755.03,40.811112,-73.914932,71,"KEY, CREDITCARD",23,false,18,1,4,0,true,true,true,false,2023-01-26 19:07:50 UTC,3956,St. Ann's Ave & E 144 St,40.811112,-73.914932,71,"KEY, CREDITCARD",18,1
4664,Prospect Ave & Greenwood Ave,3312.07,40.651745,-73.975988,71,"KEY, CREDITCARD",23,false,16,2,4,0,true,true,true,false,2023-01-26 18:45:36 UTC,4664,Prospect Ave & Greenwood Ave,40.651745,-73.975988,71,"KEY, CREDITCARD",16,2
3769,White St & Johnson Ave,5099.03,40.707174,-73.93581,71,"KEY, CREDITCARD",23,false,18,0,5,0,true,true,true,false,2023-01-26 18:42:48 UTC,3769,White St & Johnson Ave,40.707174,-73.93581,71,"KEY, CREDITCARD",18,0
3768,Waterbury St & Stagg St,5099.02,40.71019,-73.93734,71,"KEY, CREDITCARD",23,false,17,0,6,0,true,true,true,false,2023-01-26 19:11:52 UTC,3768,Waterbury St & Stagg St,40.71019,-73.93734,71,"KEY, CREDITCARD",17,0
4422,44 St & 3 Ave,3315.05,40.651173,-74.011405,71,"KEY, CREDITCARD",23,false,16,1,6,0,true,true,true,false,2023-01-26 19:31:37 UTC,4422,44 St & 3 Ave,40.651173,-74.011405,71,"KEY, CREDITCARD",16,1
3876,Forest Ave & Summerfield St,4798.02,40.69922,-73.89795,71,"KEY, CREDITCARD",23,false,13,1,8,0,true,true,true,false,2023-01-26 19:02:38 UTC,3876,Forest Ave & Summerfield St,40.69922,-73.89795,71,"KEY, CREDITCARD",13,1
4136,Washington Ave & E 163 St,7995.04,40.824,-73.91089,71,"KEY, CREDITCARD",23,false,12,2,8,0,true,true,true,false,2023-01-26 18:53:38 UTC,4136,Washington Ave & E 163 St,40.824,-73.91089,71,"KEY, CREDITCARD",12,2
4179,Freeman St & Southern Blvd,8060.01,40.830051,-73.892103,71,"KEY, CREDITCARD",23,false,14,0,8,0,true,true,true,false,2023-01-26 14:22:52 UTC,4179,Freeman St & Southern Blvd,40.830051,-73.892103,71,"KEY, CREDITCARD",14,0
4410,41 St & 4 Ave,3347.03,40.651354,-74.007168,71,"KEY, CREDITCARD",23,false,14,0,8,0,true,true,true,false,2023-01-26 19:09:13 UTC,4410,41 St & 4 Ave,40.651354,-74.007168,71,"KEY, CREDITCARD",14,0
4811,37 Ave & 63 St,6340.09,40.74893,-73.89981,71,"KEY, CREDITCARD",23,false,15,0,8,0,true,true,true,false,2023-01-26 18:12:09 UTC,4811,37 Ave & 63 St,40.74893,-73.89981,71,"KEY, CREDITCARD",15,0
3398,Smith St & 9 St,4077.04,40.6746957,-73.99785768,71,"KEY, CREDITCARD",23,false,13,1,9,0,true,true,true,false,2023-01-26 19:27:27 UTC,3398,Smith St & 9 St,40.6746957,-73.99785768,71,"KEY, CREDITCARD",13,1
4064,Southern Blvd & E 142 St,7719.13,40.807347437082,-73.908097743988037,71,"KEY, CREDITCARD",23,false,14,0,9,0,true,true,true,false,2023-01-26 08:11:37 UTC,4064,Southern Blvd & E 142 St,40.807347437082,-73.908097743988037,71,"KEY, CREDITCARD",14,0
4465,Seaman Ave & Isham St,8665.02,40.869898661940447,-73.92076313495636,71,"KEY, CREDITCARD",23,false,9,2,10,0,true,true,true,false,2023-01-26 16:59:46 UTC,4465,Seaman Ave & Isham St,40.869898661940447,-73.92076313495636,71,"KEY, CREDITCARD",9,2
3774,Knickerbocker Ave & George St,4979.07,40.704425,-73.92836,71,"KEY, CREDITCARD",23,false,12,0,11,0,true,true,true,false,2023-01-26 19:27:42 UTC,3774,Knickerbocker Ave & George St,40.704425,-73.92836,71,"KEY, CREDITCARD",12,0
5012,Park Pl & Thomas S. Boyland St,3950.03,40.67154,-73.91433,71,"KEY, CREDITCARD",23,false,11,1,11,0,true,true,true,false,2023-01-26 16:17:25 UTC,5012,Park Pl & Thomas S. Boyland St,40.67154,-73.91433,71,"KEY, CREDITCARD",11,1
157,Henry St & Atlantic Ave,4531.05,40.69089272,-73.99612349,71,"KEY, CREDITCARD",23,false,10,1,12,0,true,true,true,false,2023-01-26 19:32:10 UTC,157,Henry St & Atlantic Ave,40.69089272,-73.99612349,71,"KEY, CREDITCARD",10,1
3064,Myrtle Ave & Lewis Ave,4729.01,40.69681963,-73.93756926,71,"KEY, CREDITCARD",23,false,6,4,13,0,true,true,true,false,2023-01-26 19:27:45 UTC,3064,Myrtle Ave & Lewis Ave,40.69681963,-73.93756926,71,"KEY, CREDITCARD",6,4
3716,40 Ave & Crescent St,6462.05,40.7535992020056,-73.937956094741821,71,"KEY, CREDITCARD",23,false,9,0,13,1,true,true,true,false,2023-01-26 19:31:39 UTC,3716,40 Ave & Crescent St,40.7535992020056,-73.937956094741821,71,"KEY, CREDITCARD",9,0
3726,Center Blvd & 51 Ave,6179.07,40.743366080270206,-73.959606885910034,71,"KEY, CREDITCARD",23,false,7,3,13,0,true,true,true,false,2023-01-26 19:30:51 UTC,3726,Center Blvd & 51 Ave,40.743366080270206,-73.959606885910034,71,"KEY, CREDITCARD",7,3
4745,E 156 St & Courtlandt Ave,7940.04,40.82123860172,-73.9173299074173,71,"KEY, CREDITCARD",23,false,6,3,13,0,true,true,true,false,2023-01-26 08:31:53 UTC,4745,E 156 St & Courtlandt Ave,40.82123860172,-73.9173299074173,71,"KEY, CREDITCARD",6,3
3749,Lexington Ave & E 36 St,6313.10,40.7475739589548,-73.9788007736206,71,"KEY, CREDITCARD",23,false,7,1,14,0,true,true,true,false,2023-01-26 19:25:03 UTC,3749,Lexington Ave & E 36 St,40.7475739589548,-73.9788007736206,71,"KEY, CREDITCARD",7,1
4389,47 St & 3 Ave,3243.02,40.649143,-74.012384,71,"KEY, CREDITCARD",23,false,9,0,14,0,true,true,true,false,2023-01-26 16:37:53 UTC,4389,47 St & 3 Ave,40.649143,-74.012384,71,"KEY, CREDITCARD",9,0
4801,55 St & Northern Blvd,6502.01,40.75326,-73.90585,71,"KEY, CREDITCARD",23,false,6,3,14,0,true,true,true,false,2023-01-26 19:24:04 UTC,4801,55 St & Northern Blvd,40.75326,-73.90585,71,"KEY, CREDITCARD",6,3
3614,Crescent St & 30 Ave,6958.06,40.768692,-73.9249574,71,"KEY, CREDITCARD",23,false,5,3,15,0,true,true,true,false,2023-01-26 19:12:40 UTC,3614,Crescent St & 30 Ave,40.768692,-73.9249574,71,"KEY, CREDITCARD",5,3
3777,Stockholm St & Wilson Ave,4824.03,40.699304,-73.923044,71,"KEY, CREDITCARD",23,false,6,2,15,0,true,true,true,false,2023-01-26 19:16:44 UTC,3777,Stockholm St & Wilson Ave,40.699304,-73.923044,71,"KEY, CREDITCARD",6,2
4262,38 St & Northern Blvd,6486.07,40.752372,-73.925384,71,"KEY, CREDITCARD",23,false,7,1,15,0,true,true,true,false,2023-01-26 19:31:35 UTC,4262,38 St & Northern Blvd,40.752372,-73.925384,71,"KEY, CREDITCARD",7,1
4441,Broadway & W 192 St,8511.08,40.857994,-73.932173,71,"KEY, CREDITCARD",23,false,3,3,15,0,true,true,true,false,2023-01-26 18:05:10 UTC,4441,Broadway & W 192 St,40.857994,-73.932173,71,"KEY, CREDITCARD",3,3
3179,Park Ave & Marcus Garvey Blvd,4768.02,40.698617,-73.941342,71,"KEY, CREDITCARD",23,false,4,2,16,0,true,true,true,false,2023-01-26 19:25:30 UTC,3179,Park Ave & Marcus Garvey Blvd,40.698617,-73.941342,71,"KEY, CREDITCARD",4,2
4326,Lenox Ave & W 140 St,7872.03,40.817245,-73.938787,71,"KEY, CREDITCARD",23,false,7,0,16,0,true,true,true,false,2023-01-26 19:13:06 UTC,4326,Lenox Ave & W 140 St,40.817245,-73.938787,71,"KEY, CREDITCARD",7,0
4500,W Burnside Ave & University Ave,8425.01,40.853686,-73.912498,71,"KEY, CREDITCARD",23,false,1,2,16,0,true,true,true,false,2023-01-26 19:27:59 UTC,4500,W Burnside Ave & University Ave,40.853686,-73.912498,71,"KEY, CREDITCARD",1,2
3070,McKibbin St & Manhattan Ave,4996.08,40.70510918,-73.94407279,71,"KEY, CREDITCARD",23,false,3,3,17,0,true,true,true,false,2023-01-26 19:12:43 UTC,3070,McKibbin St & Manhattan Ave,40.70510918,-73.94407279,71,"KEY, CREDITCARD",3,3
4573,Morris Ave & E 184 St,8550.04,40.86008,-73.90079,71,"KEY, CREDITCARD",23,false,4,1,17,0,true,true,true,false,2023-01-26 09:12:31 UTC,4573,Morris Ave & E 184 St,40.86008,-73.90079,71,"KEY, CREDITCARD",4,1
4582,Jerome Ave & E Mosholu Parkway S,8795.01,40.87935,-73.88534,71,"KEY, CREDITCARD",23,false,0,3,17,0,true,true,true,false,2023-01-26 18:56:52 UTC,4582,Jerome Ave & E Mosholu Parkway S,40.87935,-73.88534,71,"KEY, CREDITCARD",0,3
241,DeKalb Ave & S Portland Ave,4546.04,40.68981035,-73.97493121,71,"KEY, CREDITCARD",23,false,5,0,18,0,true,true,true,false,2023-01-26 19:32:04 UTC,241,DeKalb Ave & S Portland Ave,40.68981035,-73.97493121,71,"KEY, CREDITCARD",5,0
3524,19 St & 24 Ave,7186.15,40.7774552,-73.9225403,71,"KEY, CREDITCARD",23,false,4,0,18,0,true,true,true,false,2023-01-26 19:16:46 UTC,3524,19 St & 24 Ave,40.7774552,-73.9225403,71,"KEY, CREDITCARD",4,0
3776,Central Ave & Starr Street,4792.03,40.700003,-73.92834,71,"KEY, CREDITCARD",23,false,5,0,18,0,true,true,true,false,2023-01-26 19:01:15 UTC,3776,Central Ave & Starr Street,40.700003,-73.92834,71,"KEY, CREDITCARD",5,0
3948,E 138 St & Cypress Ave,7669.10,40.805559,-73.914718,71,"KEY, CREDITCARD",23,false,4,1,18,0,true,true,true,false,2023-01-26 13:54:57 UTC,3948,E 138 St & Cypress Ave,40.805559,-73.914718,71,"KEY, CREDITCARD",4,1
4258,34 Ave & 45 St,6596.10,40.754795,-73.917014,71,"KEY, CREDITCARD",23,false,0,4,18,0,true,true,true,false,2023-01-26 18:46:54 UTC,4258,34 Ave & 45 St,40.754795,-73.917014,71,"KEY, CREDITCARD",0,4
4644,51 St & Hobart St,6662.09,40.757672340250409,-73.907699435949326,71,"KEY, CREDITCARD",23,false,4,1,18,0,true,true,true,false,2023-01-26 19:08:57 UTC,4644,51 St & Hobart St,40.757672340250409,-73.907699435949326,71,"KEY, CREDITCARD",4,1
344,Monroe St & Bedford Ave,4368.05,40.6851443,-73.95380904,71,"KEY, CREDITCARD",23,false,4,0,19,0,true,true,true,false,2023-01-26 18:59:48 UTC,344,Monroe St & Bedford Ave,40.6851443,-73.95380904,71,"KEY, CREDITCARD",4,0
443,Bedford Ave & S 9 St,5093.01,40.70853074,-73.96408963,71,"KEY, CREDITCARD",23,false,4,0,19,0,true,true,true,false,2023-01-26 18:46:01 UTC,443,Bedford Ave & S 9 St,40.70853074,-73.96408963,71,"KEY, CREDITCARD",4,0
3062,Myrtle Ave & Marcy Ave,4707.03,40.69539817,-73.94954908,71,"KEY, CREDITCARD",23,false,3,1,19,0,true,true,true,false,2023-01-26 19:30:25 UTC,3062,Myrtle Ave & Marcy Ave,40.69539817,-73.94954908,71,"KEY, CREDITCARD",3,1
3405,5 St & 6 Ave,3874.01,40.6704836,-73.98208968,71,"KEY, CREDITCARD",23,false,3,0,19,0,true,true,true,false,2023-01-26 19:13:26 UTC,3405,5 St & 6 Ave,40.6704836,-73.98208968,71,"KEY, CREDITCARD",3,0
3574,Prospect Pl & Underhill Ave,4116.08,40.6769694,-73.96579,71,"KEY, CREDITCARD",23,false,1,2,19,0,true,true,true,false,2023-01-26 19:33:08 UTC,3574,Prospect Pl & Underhill Ave,40.6769694,-73.96579,71,"KEY, CREDITCARD",1,2
3577,34 Ave & 21 St,6798.01,40.7628138,-73.9342862,71,"KEY, CREDITCARD",23,false,1,2,19,0,true,true,true,false,2023-01-26 19:21:39 UTC,3577,34 Ave & 21 St,40.7628138,-73.9342862,71,"KEY, CREDITCARD",1,2
3928,Adam Clayton Powell Blvd & W 132 St,7814.01,40.813539,-73.94521,71,"KEY, CREDITCARD",23,false,2,2,19,0,true,true,true,false,2023-01-26 17:58:49 UTC,3928,Adam Clayton Powell Blvd & W 132 St,40.813539,-73.94521,71,"KEY, CREDITCARD",2,2
4066,Audobon Ave & W 179 St,8316.02,40.847305,-73.933291,71,"KEY, CREDITCARD",23,false,0,1,19,0,true,true,true,false,2023-01-26 19:12:58 UTC,4066,Audobon Ave & W 179 St,40.847305,-73.933291,71,"KEY, CREDITCARD",0,1
4309,18 St & 27 Ave,7062.07,40.772768286288304,-73.927436470985413,71,"KEY, CREDITCARD",23,false,1,2,19,0,true,true,true,false,2023-01-26 17:26:19 UTC,4309,18 St & 27 Ave,40.772768286288304,-73.927436470985413,71,"KEY, CREDITCARD",1,2
4319,31 Ave & 57 St,6621.06,40.757357,-73.904726,71,"KEY, CREDITCARD",23,false,4,0,19,0,true,true,true,false,2023-01-26 18:09:56 UTC,4319,31 Ave & 57 St,40.757357,-73.904726,71,"KEY, CREDITCARD",4,0
4638,Bainbridge Ave & E 198 St,8649.03,40.8684871,-73.8884559781,71,"KEY, CREDITCARD",23,false,2,0,19,0,true,true,true,false,2023-01-26 15:17:34 UTC,4638,Bainbridge Ave & E 198 St,40.8684871,-73.8884559781,71,"KEY, CREDITCARD",2,0
258,DeKalb Ave & Vanderbilt Ave,4461.04,40.68940747,-73.96885458,71,"KEY, CREDITCARD",23,false,2,1,20,0,true,true,true,false,2023-01-26 19:30:01 UTC,258,DeKalb Ave & Vanderbilt Ave,40.68940747,-73.96885458,71,"KEY, CREDITCARD",2,1
3053,Marcy Ave & Lafayette Ave,4476.03,40.6900815,-73.947915,71,"KEY, CREDITCARD",23,false,1,1,20,1,true,true,true,false,2023-01-26 19:28:19 UTC,3053,Marcy Ave & Lafayette Ave,40.6900815,-73.947915,71,"KEY, CREDITCARD",1,1
3343,W 107 St & Columbus Ave,7619.05,40.7997568,-73.9621128676,71,"KEY, CREDITCARD",23,false,2,0,20,0,true,true,true,false,2023-01-26 19:31:52 UTC,3343,W 107 St & Columbus Ave,40.7997568,-73.9621128676,71,"KEY, CREDITCARD",2,0
3884,Centre St & Seneca Ave,4837.03,40.69969,-73.9022,71,"KEY, CREDITCARD",23,false,3,0,20,0,true,true,true,false,2023-01-26 11:23:36 UTC,3884,Centre St & Seneca Ave,40.69969,-73.9022,71,"KEY, CREDITCARD",3,0
3932,Grand Concourse & E 144 St,7845.06,40.816576,-73.927987,71,"KEY, CREDITCARD",23,false,2,0,20,0,true,true,true,false,2023-01-26 18:40:59 UTC,3932,Grand Concourse & E 144 St,40.816576,-73.927987,71,"KEY, CREDITCARD",2,0
3958,Willis Ave & E 143 St,7798.02,40.812299,-73.92037,71,"KEY, CREDITCARD",23,false,2,0,20,0,true,true,true,false,2023-01-26 19:32:00 UTC,3958,Willis Ave & E 143 St,40.812299,-73.92037,71,"KEY, CREDITCARD",2,0
3972,E 158 St & Melrose Ave,7957.11,40.822215,-73.914688,71,"KEY, CREDITCARD",23,false,2,0,20,0,true,true,true,false,2023-01-26 19:13:27 UTC,3972,E 158 St & Melrose Ave,40.822215,-73.914688,71,"KEY, CREDITCARD",2,0
4012,W 148 St & Amsterdam Ave,8033.09,40.827075,-73.945909,71,"KEY, CREDITCARD",23,false,0,1,20,1,true,true,true,false,2023-01-26 19:28:40 UTC,4012,W 148 St & Amsterdam Ave,40.827075,-73.945909,71,"KEY, CREDITCARD",0,1
4074,Edgecombe Ave & W 167 St,8187.04,40.838191,-73.936085,71,"KEY, CREDITCARD",23,false,0,2,20,0,true,true,true,false,2023-01-26 13:31:18 UTC,4074,Edgecombe Ave & W 167 St,40.838191,-73.936085,71,"KEY, CREDITCARD",0,2
4260,43 St & 23 Ave,7009.06,40.769673,-73.906018,71,"KEY, CREDITCARD",23,false,2,0,20,0,true,true,true,false,2023-01-26 18:23:44 UTC,4260,43 St & 23 Ave,40.769673,-73.906018,71,"KEY, CREDITCARD",2,0
4435,4 Ave & 17 St,3739.06,40.665507,-73.993037,71,"KEY, CREDITCARD",23,false,3,0,20,0,true,true,true,false,2023-01-26 19:30:12 UTC,4435,4 Ave & 17 St,40.665507,-73.993037,71,"KEY, CREDITCARD",3,0
4613,Creston Ave & E 181 St,8456.02,40.8549,-73.90281,71,"KEY, CREDITCARD",23,false,1,1,20,0,true,true,true,false,2023-01-26 18:53:37 UTC,4613,Creston Ave & E 181 St,40.8549,-73.90281,71,"KEY, CREDITCARD",1,1
4890,Stuyvesant Ave & Gates Ave,4458.06,40.68834,-73.93306,71,"KEY, CREDITCARD",23,false,2,0,20,0,true,true,true,false,2023-01-26 17:45:01 UTC,4890,Stuyvesant Ave & Gates Ave,40.68834,-73.93306,71,"KEY, CREDITCARD",2,0
5013,Cooper Ave & 65 Pl,4862.07,40.69953,-73.88873,71,"KEY, CREDITCARD",23,false,2,1,20,0,true,true,true,false,2023-01-26 13:44:02 UTC,5013,Cooper Ave & 65 Pl,40.69953,-73.88873,71,"KEY, CREDITCARD",2,1
3056,Kosciuszko St & Nostrand Ave,4519.04,40.69072549,-73.95133465,71,"KEY, CREDITCARD",23,false,0,2,21,0,true,true,true,false,2023-01-26 19:22:01 UTC,3056,Kosciuszko St & Nostrand Ave,40.69072549,-73.95133465,71,"KEY, CREDITCARD",0,2
3306,10 St & 7 Ave,3762.08,40.6662078,-73.98199886,71,"KEY, CREDITCARD",23,false,1,0,21,0,true,true,true,false,2023-01-26 19:23:54 UTC,3306,10 St & 7 Ave,40.6662078,-73.98199886,71,"KEY, CREDITCARD",1,0
3315,Henry St & Degraw St,4380.08,40.6847514,-73.99917254,71,"KEY, CREDITCARD",23,false,1,0,21,0,true,true,true,false,2023-01-26 19:28:18 UTC,3315,Henry St & Degraw St,40.6847514,-73.99917254,71,"KEY, CREDITCARD",1,0
3551,3 Ave & E 112 St,7543.15,40.795508,-73.941606,71,"KEY, CREDITCARD",23,false,2,0,21,0,true,true,true,false,2023-01-26 19:31:21 UTC,3551,3 Ave & E 112 St,40.795508,-73.941606,71,"KEY, CREDITCARD",2,0
3824,Van Sinderen Ave & Truxton St,4161.01,40.6786,-73.90369,71,"KEY, CREDITCARD",23,false,2,0,21,0,true,true,true,false,2023-01-26 18:33:11 UTC,3824,Van Sinderen Ave & Truxton St,40.6786,-73.90369,71,"KEY, CREDITCARD",2,0
3983,Westchester Ave & E 156 St,7891.06,40.817802,-73.905203,71,"KEY, CREDITCARD",23,false,1,1,21,0,true,true,true,false,2023-01-26 19:19:45 UTC,3983,Westchester Ave & E 156 St,40.817802,-73.905203,71,"KEY, CREDITCARD",1,1
3987,E 149 St & Jackson Ave,7812.01,40.813135,-73.909235,71,"KEY, CREDITCARD",23,false,0,1,21,0,true,true,true,false,2023-01-26 19:09:50 UTC,3987,E 149 St & Jackson Ave,40.813135,-73.909235,71,"KEY, CREDITCARD",0,1
3999,Adam Clayton Powell Blvd & W 138 St,7855.03,40.816959710324639,-73.9422959089279,71,"KEY, CREDITCARD",23,false,0,1,21,0,true,true,true,false,2023-01-26 18:23:36 UTC,3999,Adam Clayton Powell Blvd & W 138 St,40.816959710324639,-73.9422959089279,71,"KEY, CREDITCARD",0,1
4029,Courtlandt Ave & E 149 St,7840.05,40.816402,-73.919549,71,"KEY, CREDITCARD",23,false,1,1,21,0,true,true,true,false,2023-01-26 19:12:59 UTC,4029,Courtlandt Ave & E 149 St,40.816402,-73.919549,71,"KEY, CREDITCARD",1,1
4263,30 Ave & 41 St,6812.06,40.763422,-73.914142,71,"KEY, CREDITCARD",23,false,0,2,21,0,true,true,true,false,2023-01-26 14:55:10 UTC,4263,30 Ave & 41 St,40.763422,-73.914142,71,"KEY, CREDITCARD",0,2
4274,35 St & 21 Ave,7170.04,40.776745,-73.906558,71,"KEY, CREDITCARD",23,false,0,2,21,0,true,true,true,false,2023-01-26 19:13:52 UTC,4274,35 St & 21 Ave,40.776745,-73.906558,71,"KEY, CREDITCARD",0,2
4918,New York Ave & St Marks Ave,4098.06,40.67514,-73.94716,71,"KEY, CREDITCARD",23,false,1,1,21,0,true,true,true,false,2023-01-26 19:05:53 UTC,4918,New York Ave & St Marks Ave,40.67514,-73.94716,71,"KEY, CREDITCARD",1,1
3052,Lewis Ave & Madison St,4425.02,40.686312,-73.935775,71,"KEY, CREDITCARD",23,false,1,0,22,0,true,true,true,false,2023-01-26 19:12:28 UTC,3052,Lewis Ave & Madison St,40.686312,-73.935775,71,"KEY, CREDITCARD",1,0
3055,Greene Ave & Nostrand Ave,4519.02,40.6883337,-73.950916,71,"KEY, CREDITCARD",23,false,1,0,22,0,true,true,true,false,2023-01-26 18:58:09 UTC,3055,Greene Ave & Nostrand Ave,40.6883337,-73.950916,71,"KEY, CREDITCARD",1,0
3361,Carroll St & 6 Ave,4019.06,40.6740886,-73.9787282,71,"KEY, CREDITCARD",23,false,0,0,22,0,true,true,true,false,2023-01-26 19:10:34 UTC,3361,Carroll St & 6 Ave,40.6740886,-73.9787282,71,"KEY, CREDITCARD",0,0
3602,31 Ave & 34 St,6819.15,40.763154,-73.920827,71,"KEY, CREDITCARD",23,false,1,0,22,0,true,true,true,false,2023-01-26 19:21:53 UTC,3602,31 Ave & 34 St,40.763154,-73.920827,71,"KEY, CREDITCARD",1,0
3609,Vernon Blvd & 31 Ave,7003.06,40.7692475,-73.9354504,71,"KEY, CREDITCARD",23,false,1,0,22,0,true,true,true,false,2023-01-26 19:20:06 UTC,3609,Vernon Blvd & 31 Ave,40.7692475,-73.9354504,71,"KEY, CREDITCARD",1,0
3984,W 140 St & Riverside Dr,7981.27,40.824013,-73.954743,71,"KEY, CREDITCARD",23,false,0,1,22,0,true,true,true,false,2023-01-26 12:48:08 UTC,3984,W 140 St & Riverside Dr,40.824013,-73.954743,71,"KEY, CREDITCARD",0,1
4008,Broadway & W 142 St,7981.16,40.824686,-73.951947,71,"KEY, CREDITCARD",23,false,0,0,22,0,true,true,true,false,2023-01-26 18:40:29 UTC,4008,Broadway & W 142 St,40.824686,-73.951947,71,"KEY, CREDITCARD",0,0
4057,Amsterdam Ave & W 167 St,8206.17,40.839443,-73.937044,71,"KEY, CREDITCARD",23,false,0,1,22,0,true,true,true,false,2023-01-26 18:38:53 UTC,4057,Amsterdam Ave & W 167 St,40.839443,-73.937044,71,"KEY, CREDITCARD",0,1
4062,Amsterdam Ave & W 175 St,8278.05,40.844044,-73.933651,71,"KEY, CREDITCARD",23,false,0,0,22,0,true,true,true,false,2023-01-26 11:35:51 UTC,4062,Amsterdam Ave & W 175 St,40.844044,-73.933651,71,"KEY, CREDITCARD",0,0
4135,Westchester Ave & Longwood Ave,7909.07,40.819701,-73.901311,71,"KEY, CREDITCARD",23,false,0,1,22,0,true,true,true,false,2023-01-26 19:11:04 UTC,4135,Westchester Ave & Longwood Ave,40.819701,-73.901311,71,"KEY, CREDITCARD",0,1
4453,Audubon Ave & Fort George Ave,8491.07,40.857157813919038,-73.927173614501953,71,"KEY, CREDITCARD",23,false,0,0,22,0,true,true,true,false,2023-01-26 09:32:53 UTC,4453,Audubon Ave & Fort George Ave,40.857157813919038,-73.927173614501953,71,"KEY, CREDITCARD",0,0
4547,19 St & 8 Ave,3547.04,40.658489,-73.985543,71,"KEY, CREDITCARD",23,false,0,1,22,0,true,true,true,false,2023-01-26 12:24:27 UTC,4547,19 St & 8 Ave,40.658489,-73.985543,71,"KEY, CREDITCARD",0,1
4571,University Ave & Macombs Rd,8344.09,40.8496401,-73.9161206,71,"KEY, CREDITCARD",23,false,0,1,22,0,true,true,true,false,2023-01-26 09:12:31 UTC,4571,University Ave & Macombs Rd,40.8496401,-73.9161206,71,"KEY, CREDITCARD",0,1
4572,Valentine Ave & E 183 St,8472.06,40.856987,-73.898237,71,"KEY, CREDITCARD",23,false,0,0,22,0,true,true,true,false,2023-01-26 19:31:21 UTC,4572,Valentine Ave & E 183 St,40.856987,-73.898237,71,"KEY, CREDITCARD",0,0
4888,Lewis Ave & Greene Ave,4543.07,40.68995,-73.9365,71,"KEY, CREDITCARD",23,false,1,0,22,0,true,true,true,false,2023-01-26 18:02:31 UTC,4888,Lewis Ave & Greene Ave,40.68995,-73.9365,71,"KEY, CREDITCARD",1,0
3497,Pleasant Ave & E 116 St,7450.05,40.7949879,-73.9333349,71,"KEY, CREDITCARD",23,false,0,0,23,0,true,true,true,false,2023-01-26 19:19:38 UTC,3497,Pleasant Ave & E 116 St,40.7949879,-73.9333349,71,"KEY, CREDITCARD",0,0
3622,E 128 St & Madison Ave,7735.23,40.80756,-73.939182,71,"KEY, CREDITCARD",23,false,0,0,23,0,true,true,true,false,2023-01-26 17:20:06 UTC,3622,E 128 St & Madison Ave,40.80756,-73.939182,71,"KEY, CREDITCARD",0,0
3843,Myrtle Ave & Grove St,4816.05,40.69905,-73.91516,71,"KEY, CREDITCARD",23,false,0,0,23,0,true,true,true,false,2023-01-26 18:38:58 UTC,3843,Myrtle Ave & Grove St,40.69905,-73.91516,71,"KEY, CREDITCARD",0,0
4027,St. Nicholas Ave & W 155 St,8085.05,40.830663,-73.941323,71,"KEY, CREDITCARD",23,false,0,0,23,0,true,true,true,false,2023-01-26 08:31:52 UTC,4027,St. Nicholas Ave & W 155 St,40.830663,-73.941323,71,"KEY, CREDITCARD",0,0
4060,Amsterdam Ave & W 172 St,8242.04,40.842173,-73.935111,71,"KEY, CREDITCARD",23,false,0,0,23,0,true,true,true,false,2023-01-26 17:27:38 UTC,4060,Amsterdam Ave & W 172 St,40.842173,-73.935111,71,"KEY, CREDITCARD",0,0
4067,Amsterdam Ave & W 180 St,8353.02,40.847396,-73.931205,71,"KEY, CREDITCARD",23,false,0,0,23,0,true,true,true,false,2023-01-26 08:31:53 UTC,4067,Amsterdam Ave & W 180 St,40.847396,-73.931205,71,"KEY, CREDITCARD",0,0
4256,25 Ave & 41 St,6943.07,40.767666,-73.910963,71,"KEY, CREDITCARD",23,false,0,0,23,0,true,true,true,false,2023-01-26 19:28:31 UTC,4256,25 Ave & 41 St,40.767666,-73.910963,71,"KEY, CREDITCARD",0,0
4266,50 St & 30 Ave,6735.03,40.760083,-73.907107,71,"KEY, CREDITCARD",23,false,0,0,23,0,true,true,true,false,2023-01-26 14:12:05 UTC,4266,50 St & 30 Ave,40.760083,-73.907107,71,"KEY, CREDITCARD",0,0
4505,University Ave & Brandt Pl,8366.07,40.848354,-73.918389,71,"KEY, CREDITCARD",23,false,0,0,23,0,true,true,true,false,2023-01-26 09:12:31 UTC,4505,University Ave & Brandt Pl,40.848354,-73.918389,71,"KEY, CREDITCARD",0,0
cbc48689-7805-49dd-9669-5471f4b7b6fb,Hoboken Terminal - Hudson St & Hudson Pl,HB101,40.735937584463286,-74.030304551124573,311,"KEY, CREDITCARD",24,false,23,1,0,0,true,true,true,false,2023-01-26 19:32:04 UTC,cbc48689-7805-49dd-9669-5471f4b7b6fb,Hoboken Terminal - Hudson St & Hudson Pl,40.735937584463286,-74.030304551124573,311,"KEY, CREDITCARD",23,1
3676,Van Brunt St & Van Dyke St,4095.10,40.6758329439129,-74.014726281166077,71,"KEY, CREDITCARD",24,false,20,3,0,0,true,true,true,false,2023-01-26 19:25:05 UTC,3676,Van Brunt St & Van Dyke St,40.6758329439129,-74.014726281166077,71,"KEY, CREDITCARD",20,3
3816,Metropolitan Ave & Vandervoort Ave,5241.02,40.71429,-73.93323,71,"KEY, CREDITCARD",24,false,24,0,0,0,true,true,true,false,2023-01-26 19:18:14 UTC,3816,Metropolitan Ave & Vandervoort Ave,40.71429,-73.93323,71,"KEY, CREDITCARD",24,0
4760,33 St & 47 Ave,6185.04,40.74283,-73.9321,71,"KEY, CREDITCARD",24,false,23,1,0,0,true,true,true,false,2023-01-26 18:29:12 UTC,4760,33 St & 47 Ave,40.74283,-73.9321,71,"KEY, CREDITCARD",23,1
4975,Pearl St & York St,4895.15,40.701404634106439,-73.987680226564407,71,"KEY, CREDITCARD",24,false,24,0,0,0,true,true,true,false,2023-01-26 18:37:34 UTC,4975,Pearl St & York St,40.701404634106439,-73.987680226564407,71,"KEY, CREDITCARD",24,0
3779,Hart St & Wyckoff Ave,4971.01,40.704876,-73.919911,71,"KEY, CREDITCARD",24,false,22,1,1,0,true,true,true,false,2023-01-26 17:38:15 UTC,3779,Hart St & Wyckoff Ave,40.704876,-73.919911,71,"KEY, CREDITCARD",22,1
3804,Front St & Jay St,4895.03,40.702461,-73.986842,71,"KEY, CREDITCARD",24,false,18,5,1,0,true,true,true,false,2023-01-26 19:30:43 UTC,3804,Front St & Jay St,40.702461,-73.986842,71,"KEY, CREDITCARD",18,5
4666,Coffey St & Ferris St,4137.14,40.678183879776469,-74.0170168876648,71,"KEY, CREDITCARD",24,false,23,0,1,0,true,true,true,false,2023-01-26 17:56:16 UTC,4666,Coffey St & Ferris St,40.678183879776469,-74.0170168876648,71,"KEY, CREDITCARD",23,0
4488,4 Ave & 26 St,3596.04,40.660079,-73.998633,71,"KEY, CREDITCARD",24,false,21,1,2,0,true,true,true,false,2023-01-26 19:04:45 UTC,4488,4 Ave & 26 St,40.660079,-73.998633,71,"KEY, CREDITCARD",21,1
4812,69 St & 38 Ave,6298.04,40.746945045245191,-73.896502554416656,71,"KEY, CREDITCARD",24,false,21,0,3,0,true,true,true,false,2023-01-26 15:20:37 UTC,4812,69 St & 38 Ave,40.746945045245191,-73.896502554416656,71,"KEY, CREDITCARD",21,0
4134,Longwood Ave & Southern Blvd,7849.10,40.816343,-73.896447,71,"KEY, CREDITCARD",24,false,18,1,4,0,true,true,true,false,2023-01-26 17:50:27 UTC,4134,Longwood Ave & Southern Blvd,40.816343,-73.896447,71,"KEY, CREDITCARD",18,1
4832,9 Ave & W 204 St,8559.04,40.861698835078649,-73.918557018041611,71,"KEY, CREDITCARD",24,false,19,1,4,0,true,true,true,false,2023-01-26 16:31:20 UTC,4832,9 Ave & W 204 St,40.861698835078649,-73.918557018041611,71,"KEY, CREDITCARD",19,1
4245,Bruckner Blvd & Bryant Ave,7944.11,40.821952,-73.888546,71,"KEY, CREDITCARD",24,false,18,1,5,0,true,true,true,false,2023-01-26 19:32:50 UTC,4245,Bruckner Blvd & Bryant Ave,40.821952,-73.888546,71,"KEY, CREDITCARD",18,1
437,Macon St & Nostrand Ave,4214.03,40.6809833854,-73.9500479759,71,"KEY, CREDITCARD",24,false,13,2,9,0,true,true,true,false,2023-01-26 19:27:23 UTC,437,Macon St & Nostrand Ave,40.6809833854,-73.9500479759,71,"KEY, CREDITCARD",13,2
3072,Leonard St & Boerum St,5036.06,40.70583339,-73.94644578,71,"KEY, CREDITCARD",24,false,11,2,11,0,true,true,true,false,2023-01-26 18:43:56 UTC,3072,Leonard St & Boerum St,40.70583339,-73.94644578,71,"KEY, CREDITCARD",11,2
3399,7 St & 3 Ave,3996.01,40.672602981501257,-73.989830017089844,71,"KEY, CREDITCARD",24,false,12,0,12,0,true,true,true,false,2023-01-26 18:33:57 UTC,3399,7 St & 3 Ave,40.672602981501257,-73.989830017089844,71,"KEY, CREDITCARD",12,0
4369,23 St & 3 Ave,3707.01,40.662611,-73.998623,71,"KEY, CREDITCARD",24,false,11,0,12,0,true,true,true,false,2023-01-26 18:09:28 UTC,4369,23 St & 3 Ave,40.662611,-73.998623,71,"KEY, CREDITCARD",11,0
4554,Cedar Ave & W Fordham Rd,8575.02,40.86156,-73.91219,71,"KEY, CREDITCARD",24,false,11,1,12,0,true,true,true,false,2023-01-26 19:31:40 UTC,4554,Cedar Ave & W Fordham Rd,40.86156,-73.91219,71,"KEY, CREDITCARD",11,1
4565,Bedford Park Blvd & Paul Ave,8752.01,40.87444,-73.89186,71,"KEY, CREDITCARD",24,false,9,1,12,0,true,true,true,false,2023-01-26 19:15:24 UTC,4565,Bedford Park Blvd & Paul Ave,40.87444,-73.89186,71,"KEY, CREDITCARD",9,1
4408,Windsor Pl & Howard Pl,3579.04,40.659490558938963,-73.980139195919037,71,"KEY, CREDITCARD",24,false,2,6,13,0,true,true,true,false,2023-01-26 19:13:51 UTC,4408,Windsor Pl & Howard Pl,40.659490558938963,-73.980139195919037,71,"KEY, CREDITCARD",2,6
4957,Bergen St & Mother Gaston Blvd,4055.04,40.67374,-73.90852,71,"KEY, CREDITCARD",24,false,11,0,13,0,true,true,true,false,2023-01-26 17:47:33 UTC,4957,Bergen St & Mother Gaston Blvd,40.67374,-73.90852,71,"KEY, CREDITCARD",11,0
3317,10 St & 5 Ave,3842.08,40.6686273,-73.98700053,71,"KEY, CREDITCARD",24,false,8,1,14,0,true,true,true,false,2023-01-26 19:19:41 UTC,3317,10 St & 5 Ave,40.6686273,-73.98700053,71,"KEY, CREDITCARD",8,1
4176,E 171 St & 3 Ave,8171.06,40.837119,-73.902185,71,"KEY, CREDITCARD",24,false,10,0,14,0,true,true,true,false,2023-01-26 19:31:02 UTC,4176,E 171 St & 3 Ave,40.837119,-73.902185,71,"KEY, CREDITCARD",10,0
4678,Riverside Dr & Broadway,8616.06,40.865364,-73.92791,71,"KEY, CREDITCARD",24,false,5,2,15,0,true,true,true,false,2023-01-26 17:45:30 UTC,4678,Riverside Dr & Broadway,40.865364,-73.92791,71,"KEY, CREDITCARD",5,2
4761,33 St & Queens Blvd,6185.07,40.7443653191867,-73.931723982095718,71,"KEY, CREDITCARD",24,false,9,0,15,0,true,true,true,false,2023-01-26 19:27:29 UTC,4761,33 St & Queens Blvd,40.7443653191867,-73.931723982095718,71,"KEY, CREDITCARD",9,0
530,11 Ave & W 59 St,7059.01,40.771496710544412,-73.990460336208344,71,"KEY, CREDITCARD",24,false,4,1,16,0,true,true,true,false,2023-01-26 19:28:44 UTC,530,11 Ave & W 59 St,40.771496710544412,-73.990460336208344,71,"KEY, CREDITCARD",4,1
4023,Adam Clayton Powell Blvd & W 141 St,7893.05,40.819241,-73.941057,71,"KEY, CREDITCARD",24,false,3,3,16,0,true,true,true,false,2023-01-26 19:32:36 UTC,4023,Adam Clayton Powell Blvd & W 141 St,40.819241,-73.941057,71,"KEY, CREDITCARD",3,3
4489,45 St & 4 Ave,3275.03,40.649145,-74.009486,71,"KEY, CREDITCARD",24,false,8,0,16,0,true,true,true,false,2023-01-26 19:31:19 UTC,4489,45 St & 4 Ave,40.649145,-74.009486,71,"KEY, CREDITCARD",8,0
3041,Kingston Ave & Herkimer St,4205.06,40.67890679,-73.94142771,71,"KEY, CREDITCARD",24,false,7,0,17,0,true,true,true,false,2023-01-26 19:16:06 UTC,3041,Kingston Ave & Herkimer St,40.67890679,-73.94142771,71,"KEY, CREDITCARD",7,0
4285,46 St & 25 Ave,6907.03,40.765753,-73.90676,71,"KEY, CREDITCARD",24,false,1,6,17,0,true,true,true,false,2023-01-26 19:14:19 UTC,4285,46 St & 25 Ave,40.765753,-73.90676,71,"KEY, CREDITCARD",1,6
3310,14 St & 7 Ave,3731.11,40.663779,-73.98396846,71,"KEY, CREDITCARD",24,false,5,1,18,0,true,true,true,false,2023-01-26 19:30:58 UTC,3310,14 St & 7 Ave,40.663779,-73.98396846,71,"KEY, CREDITCARD",5,1
4013,Convent Ave & W 151 St,8049.10,40.82831,-73.942924,71,"KEY, CREDITCARD",24,false,0,2,18,0,true,true,true,false,2023-01-26 18:57:30 UTC,4013,Convent Ave & W 151 St,40.82831,-73.942924,71,"KEY, CREDITCARD",0,2
4320,31 St & Ditmars Blvd,7144.02,40.776168,-73.910485,71,"KEY, CREDITCARD",24,false,6,0,18,0,true,true,true,false,2023-01-26 19:19:53 UTC,4320,31 St & Ditmars Blvd,40.776168,-73.910485,71,"KEY, CREDITCARD",6,0
4430,63 St & 5 Ave,2872.02,40.63766,-74.01782,71,"KEY, CREDITCARD",24,false,3,3,18,0,true,true,true,false,2023-01-26 19:26:11 UTC,4430,63 St & 5 Ave,40.63766,-74.01782,71,"KEY, CREDITCARD",3,3
4557,Jerome Ave & W Fordham Rd,8586.09,40.86294,-73.90108,71,"KEY, CREDITCARD",24,false,3,1,18,0,true,true,true,false,2023-01-26 19:21:06 UTC,4557,Jerome Ave & W Fordham Rd,40.86294,-73.90108,71,"KEY, CREDITCARD",3,1
4595,Henry St & Remsen St,4645.04,40.694009648659943,-73.994651287794113,71,"KEY, CREDITCARD",24,false,5,0,18,1,true,true,true,false,2023-01-26 19:32:10 UTC,4595,Henry St & Remsen St,40.694009648659943,-73.994651287794113,71,"KEY, CREDITCARD",5,0
3728,Pierrepont St & Monroe Pl,4718.08,40.695356933202248,-73.993440270423889,71,"KEY, CREDITCARD",24,false,4,0,19,0,true,true,true,false,2023-01-26 19:17:29 UTC,3728,Pierrepont St & Monroe Pl,40.695356933202248,-73.993440270423889,71,"KEY, CREDITCARD",4,0
3829,Central Ave & Decatur St,4432.10,40.6882,-73.90798,71,"KEY, CREDITCARD",24,false,5,0,19,0,true,true,true,false,2023-01-26 16:44:00 UTC,3829,Central Ave & Decatur St,40.6882,-73.90798,71,"KEY, CREDITCARD",5,0
4001,Lenox Ave & W 146 St,7910.10,40.821111,-73.935971,71,"KEY, CREDITCARD",24,false,3,0,19,0,true,true,true,false,2023-01-26 17:13:11 UTC,4001,Lenox Ave & W 146 St,40.821111,-73.935971,71,"KEY, CREDITCARD",3,0
4005,St. Nicholas Terrace & Convent Ave,7937.15,40.821294,-73.947868,71,"KEY, CREDITCARD",24,false,1,0,19,0,true,true,true,false,2023-01-26 19:07:02 UTC,4005,St. Nicholas Terrace & Convent Ave,40.821294,-73.947868,71,"KEY, CREDITCARD",1,0
f417d8da-0f15-49b0-9e3c-3c3e55c2691d,11 St & Washington St,HB502,40.749984909071379,-74.027150273323059,311,"KEY, CREDITCARD",24,false,4,0,20,0,true,true,true,false,2023-01-26 19:32:13 UTC,f417d8da-0f15-49b0-9e3c-3c3e55c2691d,11 St & Washington St,40.749984909071379,-74.027150273323059,311,"KEY, CREDITCARD",4,0
3454,Leonard St & Maujer St,5148.03,40.7103685423523,-73.947059512138367,71,"KEY, CREDITCARD",24,false,1,3,20,0,true,true,true,false,2023-01-26 19:31:33 UTC,3454,Leonard St & Maujer St,40.7103685423523,-73.947059512138367,71,"KEY, CREDITCARD",1,3
3491,E 118 St & 1 Ave,7596.10,40.79747,-73.93504,71,"KEY, CREDITCARD",24,false,4,0,20,0,true,true,true,false,2023-01-26 19:25:09 UTC,3491,E 118 St & 1 Ave,40.79747,-73.93504,71,"KEY, CREDITCARD",4,0
3869,Van Buren St & Broadway,4568.01,40.692,-73.92617,71,"KEY, CREDITCARD",24,false,2,1,20,0,true,true,true,false,2023-01-26 19:29:18 UTC,3869,Van Buren St & Broadway,40.692,-73.92617,71,"KEY, CREDITCARD",2,1
4622,Grand Concourse & E 175 St,8303.06,40.846275929219537,-73.909312784671783,71,"KEY, CREDITCARD",24,false,2,2,20,0,true,true,true,false,2023-01-26 19:32:32 UTC,4622,Grand Concourse & E 175 St,40.846275929219537,-73.909312784671783,71,"KEY, CREDITCARD",2,2
4738,E 106 St & 2 Ave,7482.15,40.790586067792006,-73.941957950592041,71,"KEY, CREDITCARD",24,false,4,0,20,0,true,true,true,false,2023-01-26 19:27:54 UTC,4738,E 106 St & 2 Ave,40.790586067792006,-73.941957950592041,71,"KEY, CREDITCARD",4,0
4746,W 111 St & 5 Ave,7587.16,40.797520781247563,-73.9489397406578,71,"KEY, CREDITCARD",24,false,2,1,20,0,true,true,true,false,2023-01-26 19:28:22 UTC,4746,W 111 St & 5 Ave,40.797520781247563,-73.9489397406578,71,"KEY, CREDITCARD",2,1
4773,43 Ave & 42 St,6251.06,40.745346825809833,-73.9219419658184,71,"KEY, CREDITCARD",24,false,1,2,20,0,true,true,true,false,2023-01-26 19:15:14 UTC,4773,43 Ave & 42 St,40.745346825809833,-73.9219419658184,71,"KEY, CREDITCARD",1,2
4778,44 St & 48 Ave,6058.08,40.739413874984109,-73.92131969332695,71,"KEY, CREDITCARD",24,false,1,3,20,0,true,true,true,false,2023-01-26 19:18:43 UTC,4778,44 St & 48 Ave,40.739413874984109,-73.92131969332695,71,"KEY, CREDITCARD",1,3
5001,Lafayette Ave & Stuyvesant Ave,4576.11,40.6919925157634,-73.9325501024723,71,"KEY, CREDITCARD",24,false,4,0,20,0,true,true,true,false,2023-01-26 19:28:32 UTC,5001,Lafayette Ave & Stuyvesant Ave,40.6919925157634,-73.9325501024723,71,"KEY, CREDITCARD",4,0
3058,Lewis Ave & Kosciuszko St,4617.01,40.69237074,-73.93705428,71,"KEY, CREDITCARD",24,false,1,2,21,0,true,true,true,false,2023-01-26 18:57:00 UTC,3058,Lewis Ave & Kosciuszko St,40.69237074,-73.93705428,71,"KEY, CREDITCARD",1,2
3293,W 92 St & Broadway,7502.01,40.7921,-73.9739,71,"KEY, CREDITCARD",24,false,0,1,21,0,true,true,true,false,2023-01-26 19:19:06 UTC,3293,W 92 St & Broadway,40.7921,-73.9739,71,"KEY, CREDITCARD",0,1
3840,Putnam Ave & Wyckoff Ave,4735.03,40.69811,-73.90904,71,"KEY, CREDITCARD",24,false,2,1,21,0,true,true,true,false,2023-01-26 18:37:52 UTC,3840,Putnam Ave & Wyckoff Ave,40.69811,-73.90904,71,"KEY, CREDITCARD",2,1
4002,W 144 St & Adam Clayton Powell Blvd,7932.10,40.820877,-73.939249,71,"KEY, CREDITCARD",24,false,0,3,21,0,true,true,true,false,2023-01-26 18:17:37 UTC,4002,W 144 St & Adam Clayton Powell Blvd,40.820877,-73.939249,71,"KEY, CREDITCARD",0,3
4010,W 145 St & Amsterdam Ave,7997.08,40.825244,-73.947257,71,"KEY, CREDITCARD",24,false,0,2,21,0,true,true,true,false,2023-01-26 19:30:02 UTC,4010,W 145 St & Amsterdam Ave,40.825244,-73.947257,71,"KEY, CREDITCARD",0,2
4061,Fort Washington Ave & W 173 St,8320.01,40.84522,-73.940493,71,"KEY, CREDITCARD",24,false,0,2,21,0,true,true,true,false,2023-01-26 19:10:11 UTC,4061,Fort Washington Ave & W 173 St,40.84522,-73.940493,71,"KEY, CREDITCARD",0,2
4063,Wadsworth Ave & W 175 St,8299.03,40.846052,-73.937648,71,"KEY, CREDITCARD",24,false,2,1,21,0,true,true,true,false,2023-01-26 19:25:01 UTC,4063,Wadsworth Ave & W 175 St,40.846052,-73.937648,71,"KEY, CREDITCARD",2,1
4069,Cabrini Blvd & W 177 St,8358.10,40.848282,-73.941343,71,"KEY, CREDITCARD",24,false,2,1,21,0,true,true,true,false,2023-01-26 19:09:34 UTC,4069,Cabrini Blvd & W 177 St,40.848282,-73.941343,71,"KEY, CREDITCARD",2,1
4070,W 180 St & Ft Washington Ave,8358.03,40.849972,-73.938423,71,"KEY, CREDITCARD",24,false,1,2,21,0,true,true,true,false,2023-01-26 19:17:59 UTC,4070,W 180 St & Ft Washington Ave,40.849972,-73.938423,71,"KEY, CREDITCARD",1,2
4510,University Ave & W Burnside Ave,8462.09,40.85501,-73.910751,71,"KEY, CREDITCARD",24,false,0,0,21,0,true,true,true,false,2023-01-26 19:25:01 UTC,4510,University Ave & W Burnside Ave,40.85501,-73.910751,71,"KEY, CREDITCARD",0,0
4752,Sharon St & Olive St,5323.06,40.715341620424482,-73.938650786876678,71,"KEY, CREDITCARD",24,false,2,1,21,0,true,true,true,false,2023-01-26 19:25:54 UTC,4752,Sharon St & Olive St,40.715341620424482,-73.938650786876678,71,"KEY, CREDITCARD",2,1
4973,Buffalo Ave & E New York Ave,3814.01,40.66591,-73.92602,71,"KEY, CREDITCARD",24,false,2,1,21,0,true,true,true,false,2023-01-26 18:37:23 UTC,4973,Buffalo Ave & E New York Ave,40.66591,-73.92602,71,"KEY, CREDITCARD",2,1
4978,Knickerbocker Ave & Moffat St,4582.08,40.690434,-73.903737,71,"KEY, CREDITCARD",24,false,2,1,21,0,true,true,true,false,2023-01-26 18:40:21 UTC,4978,Knickerbocker Ave & Moffat St,40.690434,-73.903737,71,"KEY, CREDITCARD",2,1
262,Washington Park,4546.05,40.6917823,-73.9737299,71,"KEY, CREDITCARD",24,false,1,1,22,0,true,true,true,false,2023-01-26 19:28:50 UTC,262,Washington Park,40.6917823,-73.9737299,71,"KEY, CREDITCARD",1,1
3585,Union St & Bedford Ave,3879.04,40.6691783,-73.9554162,71,"KEY, CREDITCARD",24,false,0,2,22,0,true,true,true,false,2023-01-26 19:00:44 UTC,3585,Union St & Bedford Ave,40.6691783,-73.9554162,71,"KEY, CREDITCARD",0,2
3981,Harlem River Dr & W 155 St,8085.13,40.830476,-73.939929,71,"KEY, CREDITCARD",24,false,0,2,22,0,true,true,true,false,2023-01-26 18:54:39 UTC,3981,Harlem River Dr & W 155 St,40.830476,-73.939929,71,"KEY, CREDITCARD",0,2
3996,Lexington Ave & E 128 St,7716.19,40.806414,-73.936085,71,"KEY, CREDITCARD",24,false,2,0,22,0,true,true,true,false,2023-01-26 19:01:08 UTC,3996,Lexington Ave & E 128 St,40.806414,-73.936085,71,"KEY, CREDITCARD",2,0
4056,Broadway & W 165 St,8191.01,40.839137,-73.941409,71,"KEY, CREDITCARD",24,false,1,0,22,0,true,true,true,false,2023-01-26 17:21:41 UTC,4056,Broadway & W 165 St,40.839137,-73.941409,71,"KEY, CREDITCARD",1,0
4128,College Ave & E 170 St,8175.06,40.837576,-73.910489,71,"KEY, CREDITCARD",24,false,1,1,22,0,true,true,true,false,2023-01-26 17:31:15 UTC,4128,College Ave & E 170 St,40.837576,-73.910489,71,"KEY, CREDITCARD",1,1
4229,Sheridan Ave & E 172 St,8229.04,40.840494,-73.911479,71,"KEY, CREDITCARD",24,false,1,1,22,0,true,true,true,false,2023-01-26 18:40:13 UTC,4229,Sheridan Ave & E 172 St,40.840494,-73.911479,71,"KEY, CREDITCARD",1,1
4321,21 Ave & Crescent St,7284.01,40.780478,-73.912212,71,"KEY, CREDITCARD",24,false,2,0,22,0,true,true,true,false,2023-01-26 19:30:51 UTC,4321,21 Ave & Crescent St,40.780478,-73.912212,71,"KEY, CREDITCARD",2,0
4764,36 St & Queens Blvd,6260.04,40.74408,-73.92901,71,"KEY, CREDITCARD",24,false,0,1,22,0,true,true,true,false,2023-01-26 19:30:30 UTC,4764,36 St & Queens Blvd,40.74408,-73.92901,71,"KEY, CREDITCARD",0,1
4911,Thomas S. Boyland St & Fulton St,4138.04,40.67854,-73.91367,71,"KEY, CREDITCARD",24,false,2,0,22,0,true,true,true,false,2023-01-26 17:34:52 UTC,4911,Thomas S. Boyland St & Fulton St,40.67854,-73.91367,71,"KEY, CREDITCARD",2,0
4970,Eastern Pkwy & Troy Ave,3862.07,40.66929,-73.93679,71,"KEY, CREDITCARD",24,false,1,0,22,0,true,true,true,false,2023-01-26 19:27:31 UTC,4970,Eastern Pkwy & Troy Ave,40.66929,-73.93679,71,"KEY, CREDITCARD",1,0
3571,Bedford Ave & Bergen St,4066.15,40.676368,-73.952918,71,"KEY, CREDITCARD",24,false,0,1,23,0,true,true,true,false,2023-01-26 19:16:40 UTC,3571,Bedford Ave & Bergen St,40.676368,-73.952918,71,"KEY, CREDITCARD",0,1
4107,E 170 St & Clay Ave,8156.01,40.837213,-73.908345,71,"KEY, CREDITCARD",24,false,0,0,23,0,true,true,true,false,2023-01-26 10:22:58 UTC,4107,E 170 St & Clay Ave,40.837213,-73.908345,71,"KEY, CREDITCARD",0,0
4210,Grand Concourse & E 166 St,8092.06,40.83196,-73.91956,71,"KEY, CREDITCARD",24,false,1,0,23,0,true,true,true,false,2023-01-26 19:23:58 UTC,4210,Grand Concourse & E 166 St,40.83196,-73.91956,71,"KEY, CREDITCARD",1,0
4419,44 St & 6 Ave,3233.06,40.647105,-74.004483,71,"KEY, CREDITCARD",24,false,0,0,23,0,true,true,true,false,2023-01-26 17:36:27 UTC,4419,44 St & 6 Ave,40.647105,-74.004483,71,"KEY, CREDITCARD",0,0
4421,7 Ave & 40 St,3266.01,40.648169,-74.000057,71,"KEY, CREDITCARD",24,false,0,1,23,0,true,true,true,false,2023-01-26 13:01:12 UTC,4421,7 Ave & 40 St,40.648169,-74.000057,71,"KEY, CREDITCARD",0,1
4951,Brevoort Pl & Bedford Ave,4181.10,40.68012,-73.95362,71,"KEY, CREDITCARD",24,false,1,0,23,0,true,true,true,false,2023-01-26 18:47:52 UTC,4951,Brevoort Pl & Bedford Ave,40.68012,-73.95362,71,"KEY, CREDITCARD",1,0
4984,Eastern Pkwy & Rochester Ave,3853.02,40.66846,-73.9282,71,"KEY, CREDITCARD",24,false,0,1,23,0,true,true,true,false,2023-01-26 19:23:12 UTC,4984,Eastern Pkwy & Rochester Ave,40.66846,-73.9282,71,"KEY, CREDITCARD",0,1
4140,E 163 St & Union Ave,7970.05,40.822545,-73.901824,71,"KEY, CREDITCARD",24,false,0,0,24,0,true,true,true,false,2023-01-26 18:10:26 UTC,4140,E 163 St & Union Ave,40.822545,-73.901824,71,"KEY, CREDITCARD",0,0
417,Barclay St & Church St,5216.04,40.71291224,-74.01020234,71,"KEY, CREDITCARD",25,false,24,1,0,0,true,true,true,false,2023-01-26 18:08:26 UTC,417,Barclay St & Church St,40.71291224,-74.01020234,71,"KEY, CREDITCARD",24,1
3648,Flushing Ave & Vanderbilt Ave,4762.05,40.697950315695437,-73.970775604248047,71,"KEY, CREDITCARD",25,false,21,2,0,0,true,true,true,false,2023-01-26 18:55:26 UTC,3648,Flushing Ave & Vanderbilt Ave,40.697950315695437,-73.970775604248047,71,"KEY, CREDITCARD",21,2
4114,Sunken Meadow Comfort Station,7571.01,40.79558,-73.91906,71,"KEY, CREDITCARD",25,false,22,3,0,0,true,true,true,false,2023-01-26 13:11:57 UTC,4114,Sunken Meadow Comfort Station,40.79558,-73.91906,71,"KEY, CREDITCARD",22,3
4249,E 170 St & Webster Ave,8156.03,40.836179136774753,-73.907301463227654,71,"KEY, CREDITCARD",25,false,24,0,1,0,true,true,true,false,2023-01-26 19:29:11 UTC,4249,E 170 St & Webster Ave,40.836179136774753,-73.907301463227654,71,"KEY, CREDITCARD",24,0
3085,Roebling St & N 4 St,5267.09,40.71469,-73.95739,71,"KEY, CREDITCARD",25,false,22,1,2,0,true,true,true,false,2023-01-26 19:30:18 UTC,3085,Roebling St & N 4 St,40.71469,-73.95739,71,"KEY, CREDITCARD",22,1
4115,Bronx Shore Comfort Station,7618.01,40.80046,-73.92404,71,"KEY, CREDITCARD",25,false,19,4,2,0,true,true,true,false,2023-01-26 18:48:13 UTC,4115,Bronx Shore Comfort Station,40.80046,-73.92404,71,"KEY, CREDITCARD",19,4
4255,42 Pl & Northern Blvd,6520.07,40.753091,-73.920603,71,"KEY, CREDITCARD",25,false,19,4,2,0,true,true,true,false,2023-01-26 18:43:44 UTC,4255,42 Pl & Northern Blvd,40.753091,-73.920603,71,"KEY, CREDITCARD",19,4
4449,Ocean Pkwy & Church Ave,3125.09,40.644718957635753,-73.974514603614807,71,"KEY, CREDITCARD",25,false,20,1,3,0,true,true,true,false,2023-01-26 19:18:42 UTC,4449,Ocean Pkwy & Church Ave,40.644718957635753,-73.974514603614807,71,"KEY, CREDITCARD",20,1
3850,Jefferson St & Cypress Ave,5082.08,40.70907,-73.92157,71,"KEY, CREDITCARD",25,false,19,0,6,0,true,true,true,false,2023-01-26 19:05:25 UTC,3850,Jefferson St & Cypress Ave,40.70907,-73.92157,71,"KEY, CREDITCARD",19,0
481,S 3 St & Bedford Ave,5235.05,40.71260486,-73.96264403,71,"KEY, CREDITCARD",25,false,15,2,8,0,true,true,true,false,2023-01-26 19:29:31 UTC,481,S 3 St & Bedford Ave,40.71260486,-73.96264403,71,"KEY, CREDITCARD",15,2
4813,65 St & 35 Ave,6417.04,40.75053,-73.8977,71,"KEY, CREDITCARD",25,false,16,1,8,0,true,true,true,false,2023-01-26 19:16:56 UTC,4813,65 St & 35 Ave,40.75053,-73.8977,71,"KEY, CREDITCARD",16,1
3322,12 St & 4 Ave,3882.01,40.668603,-73.9904394,71,"KEY, CREDITCARD",25,false,13,3,9,0,true,true,true,false,2023-01-26 19:31:54 UTC,3322,12 St & 4 Ave,40.668603,-73.9904394,71,"KEY, CREDITCARD",13,3
3566,Crescent St & 35 Ave,6688.01,40.7596276,-73.9321455,71,"KEY, CREDITCARD",25,false,13,2,10,0,true,true,true,false,2023-01-26 19:31:53 UTC,3566,Crescent St & 35 Ave,40.7596276,-73.9321455,71,"KEY, CREDITCARD",13,2
3854,Morgan Ave & Maspeth Ave,5354.01,40.716657,-73.93637,71,"KEY, CREDITCARD",25,false,14,1,10,0,true,true,true,false,2023-01-26 19:33:05 UTC,3854,Morgan Ave & Maspeth Ave,40.716657,-73.93637,71,"KEY, CREDITCARD",14,1
3377,Carroll St & Bond St,4184.07,40.6786115,-73.99037292,71,"KEY, CREDITCARD",25,false,13,1,11,0,true,true,true,false,2023-01-26 19:15:42 UTC,3377,Carroll St & Bond St,40.6786115,-73.99037292,71,"KEY, CREDITCARD",13,1
3895,Cypress Ave & Palmetto St,4921.04,40.701573408737922,-73.90876293182373,71,"KEY, CREDITCARD",25,false,13,0,11,0,true,true,true,false,2023-01-26 18:14:40 UTC,3895,Cypress Ave & Palmetto St,40.701573408737922,-73.90876293182373,71,"KEY, CREDITCARD",13,0
460,S 4 St & Wythe Ave,5204.05,40.71285887,-73.96590294,71,"KEY, CREDITCARD",25,false,8,4,12,0,true,true,true,false,2023-01-26 19:32:49 UTC,460,S 4 St & Wythe Ave,40.71285887,-73.96590294,71,"KEY, CREDITCARD",8,4
3082,Hope St & Union Ave,5187.03,40.71167351,-73.95141312,71,"KEY, CREDITCARD",25,false,11,2,12,0,true,true,true,false,2023-01-26 19:29:58 UTC,3082,Hope St & Union Ave,40.71167351,-73.95141312,71,"KEY, CREDITCARD",11,2
3415,Prospect Pl & 6 Ave,4166.08,40.6793307,-73.97519523,71,"KEY, CREDITCARD",25,false,11,1,12,0,true,true,true,false,2023-01-26 19:02:46 UTC,3415,Prospect Pl & 6 Ave,40.6793307,-73.97519523,71,"KEY, CREDITCARD",11,1
3355,E 66 St & Madison Ave,6969.08,40.768008893059474,-73.96845281124115,71,"KEY, CREDITCARD",25,false,10,2,13,0,true,true,true,false,2023-01-26 19:14:13 UTC,3355,E 66 St & Madison Ave,40.768008893059474,-73.96845281124115,71,"KEY, CREDITCARD",10,2
4766,34 St & 48 Ave,6110.01,40.740821207823245,-73.931471854448318,71,"KEY, CREDITCARD",25,false,11,0,13,0,true,true,true,false,2023-01-26 17:11:45 UTC,4766,34 St & 48 Ave,40.740821207823245,-73.931471854448318,71,"KEY, CREDITCARD",11,0
4919,Herkimer St & New York Ave,4172.04,40.67955,-73.94709,71,"KEY, CREDITCARD",25,false,11,1,13,0,true,true,true,false,2023-01-26 19:21:56 UTC,4919,Herkimer St & New York Ave,40.67955,-73.94709,71,"KEY, CREDITCARD",11,1
3324,3 Ave & 14 St,3850.03,40.6685455,-73.99333264,71,"KEY, CREDITCARD",25,false,11,0,14,0,true,true,true,false,2023-01-26 19:23:42 UTC,3324,3 Ave & 14 St,40.6685455,-73.99333264,71,"KEY, CREDITCARD",11,0
508,W 46 St & 11 Ave,6795.01,40.76341379,-73.99667444,71,"KEY, CREDITCARD",25,false,2,4,17,0,true,true,true,false,2023-01-26 19:25:18 UTC,508,W 46 St & 11 Ave,40.76341379,-73.99667444,71,"KEY, CREDITCARD",2,4
3384,Smith St & 3 St,4151.01,40.6787242,-73.99599099,71,"KEY, CREDITCARD",25,false,5,2,17,0,true,true,true,false,2023-01-26 19:23:54 UTC,3384,Smith St & 3 St,40.6787242,-73.99599099,71,"KEY, CREDITCARD",5,2
3499,2 Ave & E 122 St,7622.12,40.8006721,-73.9349,71,"KEY, CREDITCARD",25,false,6,1,17,0,true,true,true,false,2023-01-26 19:19:02 UTC,3499,2 Ave & E 122 St,40.8006721,-73.9349,71,"KEY, CREDITCARD",6,1
3616,Steinway St & 28 Ave,6915.02,40.7656251,-73.9136695,71,"KEY, CREDITCARD",25,false,6,1,17,0,true,true,true,false,2023-01-26 19:16:45 UTC,3616,Steinway St & 28 Ave,40.7656251,-73.9136695,71,"KEY, CREDITCARD",6,1
4254,34 St & 38 Ave,6453.02,40.752443,-73.929737,71,"KEY, CREDITCARD",25,false,7,1,17,0,true,true,true,false,2023-01-26 19:31:23 UTC,4254,34 St & 38 Ave,40.752443,-73.929737,71,"KEY, CREDITCARD",7,1
3299,E 98 St & Park Ave,7443.17,40.78813,-73.95206,71,"KEY, CREDITCARD",25,false,5,1,18,0,true,true,true,false,2023-01-26 19:00:35 UTC,3299,E 98 St & Park Ave,40.78813,-73.95206,71,"KEY, CREDITCARD",5,1
3416,7 Ave & Park Pl,4125.07,40.6776147,-73.97324283,71,"KEY, CREDITCARD",25,false,5,0,18,0,true,true,true,false,2023-01-26 19:26:04 UTC,3416,7 Ave & Park Pl,40.6776147,-73.97324283,71,"KEY, CREDITCARD",5,0
3597,43 St & Broadway,6670.03,40.7577284,-73.9166368,71,"KEY, CREDITCARD",25,false,2,3,18,0,true,true,true,false,2023-01-26 19:31:03 UTC,3597,43 St & Broadway,40.7577284,-73.9166368,71,"KEY, CREDITCARD",2,3
4295,Ditmars Blvd & 79 St,6994.06,40.768728,-73.890745,71,"KEY, CREDITCARD",25,false,6,0,18,0,true,true,true,false,2023-01-26 16:54:57 UTC,4295,Ditmars Blvd & 79 St,40.768728,-73.890745,71,"KEY, CREDITCARD",6,0
4318,Broadway & 49 St,6587.04,40.755389,-73.911517,71,"KEY, CREDITCARD",25,false,7,0,18,0,true,true,true,false,2023-01-26 19:29:17 UTC,4318,Broadway & 49 St,40.755389,-73.911517,71,"KEY, CREDITCARD",7,0
4775,40 St & Queens Blvd,6176.11,40.743540273428685,-73.924351930618286,71,"KEY, CREDITCARD",25,false,5,1,18,0,true,true,true,false,2023-01-26 19:32:32 UTC,4775,40 St & Queens Blvd,40.743540273428685,-73.924351930618286,71,"KEY, CREDITCARD",5,1
3953,W 147 St & Adam Clayton Powell Blvd,7971.07,40.82281,-73.937413,71,"KEY, CREDITCARD",25,false,4,1,19,0,true,true,true,false,2023-01-26 17:51:10 UTC,3953,W 147 St & Adam Clayton Powell Blvd,40.82281,-73.937413,71,"KEY, CREDITCARD",4,1
4006,E 147 St & Bergen Ave,7840.11,40.814673,-73.91839,71,"KEY, CREDITCARD",25,false,5,1,19,0,true,true,true,false,2023-01-26 12:49:13 UTC,4006,E 147 St & Bergen Ave,40.814673,-73.91839,71,"KEY, CREDITCARD",5,1
4259,49 St & 25 Ave,6804.01,40.764496,-73.904632,71,"KEY, CREDITCARD",25,false,3,3,19,0,true,true,true,false,2023-01-26 17:21:55 UTC,4259,49 St & 25 Ave,40.764496,-73.904632,71,"KEY, CREDITCARD",3,3
4316,34 Ave & 48 St,6554.05,40.75388,-73.914952,71,"KEY, CREDITCARD",25,false,5,1,19,0,true,true,true,false,2023-01-26 19:32:47 UTC,4316,34 Ave & 48 St,40.75388,-73.914952,71,"KEY, CREDITCARD",5,1
4555,W Fordham Rd & Loring Pl N,8590.01,40.86295,-73.90741,71,"KEY, CREDITCARD",25,false,2,1,19,0,true,true,true,false,2023-01-26 17:30:04 UTC,4555,W Fordham Rd & Loring Pl N,40.86295,-73.90741,71,"KEY, CREDITCARD",2,1
4782,50 St & Barnett Ave,6435.03,40.750097682094825,-73.913497030735016,71,"KEY, CREDITCARD",25,false,5,0,19,0,true,true,true,false,2023-01-26 19:28:25 UTC,4782,50 St & Barnett Ave,40.750097682094825,-73.913497030735016,71,"KEY, CREDITCARD",5,0
4803,54 St & 37 Ave,6468.01,40.75098,-73.90799,71,"KEY, CREDITCARD",25,false,5,1,19,0,true,true,true,false,2023-01-26 13:14:03 UTC,4803,54 St & 37 Ave,40.75098,-73.90799,71,"KEY, CREDITCARD",5,1
3300,Prospect Park West & 8 St,3722.04,40.66514681533792,-73.976376056671143,71,"KEY, CREDITCARD",25,false,0,5,20,0,true,true,true,false,2023-01-26 18:56:45 UTC,3300,Prospect Park West & 8 St,40.66514681533792,-73.976376056671143,71,"KEY, CREDITCARD",0,5
4085,Grand Concourse & E 171 St,8194.06,40.839549,-73.913004,71,"KEY, CREDITCARD",25,false,5,0,20,0,true,true,true,false,2023-01-26 18:08:31 UTC,4085,Grand Concourse & E 171 St,40.839549,-73.913004,71,"KEY, CREDITCARD",5,0
4907,Ralph Ave & Fulton St,4220.02,40.67922,-73.92192,71,"KEY, CREDITCARD",25,false,4,1,20,0,true,true,true,false,2023-01-26 19:31:50 UTC,4907,Ralph Ave & Fulton St,40.67922,-73.92192,71,"KEY, CREDITCARD",4,1
396,Lefferts Pl & Franklin Ave,4222.02,40.680342423,-73.9557689392,71,"KEY, CREDITCARD",25,false,3,1,21,0,true,true,true,false,2023-01-26 19:17:31 UTC,396,Lefferts Pl & Franklin Ave,40.680342423,-73.9557689392,71,"KEY, CREDITCARD",3,1
3351,E 102 St & 1 Ave,7407.13,40.7869946,-73.94164802,71,"KEY, CREDITCARD",25,false,2,1,21,0,true,true,true,false,2023-01-26 19:31:40 UTC,3351,E 102 St & 1 Ave,40.7869946,-73.94164802,71,"KEY, CREDITCARD",2,1
3383,Cathedral Pkwy & Broadway,7680.03,40.804213,-73.96699104,71,"KEY, CREDITCARD",25,false,0,1,21,0,true,true,true,false,2023-01-26 19:24:42 UTC,3383,Cathedral Pkwy & Broadway,40.804213,-73.96699104,71,"KEY, CREDITCARD",0,1
3387,E 106 St & Madison Ave,7528.31,40.7934337,-73.94945003,71,"KEY, CREDITCARD",25,false,4,0,21,0,true,true,true,false,2023-01-26 19:30:20 UTC,3387,E 106 St & Madison Ave,40.7934337,-73.94945003,71,"KEY, CREDITCARD",4,0
3496,1 Ave & E 110 St,7522.02,40.7923272,-73.9383,71,"KEY, CREDITCARD",25,false,1,1,21,0,true,true,true,false,2023-01-26 19:26:04 UTC,3496,1 Ave & E 110 St,40.7923272,-73.9383,71,"KEY, CREDITCARD",1,1
3847,Cedar St & Evergreen Ave,4721.01,40.69671,-73.92807,71,"KEY, CREDITCARD",25,false,3,1,21,0,true,true,true,false,2023-01-26 18:36:33 UTC,3847,Cedar St & Evergreen Ave,40.69671,-73.92807,71,"KEY, CREDITCARD",3,1
3893,Rockaway Ave & Bainbridge St,4285.09,40.68319988172761,-73.911666423082352,71,"KEY, CREDITCARD",25,false,3,1,21,0,true,true,true,false,2023-01-26 19:31:55 UTC,3893,Rockaway Ave & Bainbridge St,40.68319988172761,-73.911666423082352,71,"KEY, CREDITCARD",3,1
4261,36 St & Ditmars Blvd,7111.10,40.774306,-73.908335,71,"KEY, CREDITCARD",25,false,1,3,21,0,true,true,true,false,2023-01-26 19:09:39 UTC,4261,36 St & Ditmars Blvd,40.774306,-73.908335,71,"KEY, CREDITCARD",1,3
4385,53 St & 4 Ave,3169.07,40.644862,-74.014531,71,"KEY, CREDITCARD",25,false,4,0,21,0,true,true,true,false,2023-01-26 17:46:42 UTC,4385,53 St & 4 Ave,40.644862,-74.014531,71,"KEY, CREDITCARD",4,0
4577,Jerome Ave & Bedford Park Blvd E,8734.02,40.87307,-73.88971,71,"KEY, CREDITCARD",25,false,2,0,21,0,true,true,true,false,2023-01-26 18:06:42 UTC,4577,Jerome Ave & Bedford Park Blvd E,40.87307,-73.88971,71,"KEY, CREDITCARD",2,0
3358,Garfield Pl & 8 Ave,3978.13,40.6711978,-73.97484126,71,"KEY, CREDITCARD",25,false,1,1,22,0,true,true,true,false,2023-01-26 19:29:35 UTC,3358,Garfield Pl & 8 Ave,40.6711978,-73.97484126,71,"KEY, CREDITCARD",1,1
3388,President St & Henry St,4307.13,40.6828003,-73.99990419,71,"KEY, CREDITCARD",25,false,3,0,22,0,true,true,true,false,2023-01-26 19:23:26 UTC,3388,President St & Henry St,40.6828003,-73.99990419,71,"KEY, CREDITCARD",3,0
3430,Richardson St & N Henry St,5433.03,40.719078911795641,-73.94223690032959,71,"KEY, CREDITCARD",25,false,3,0,22,0,true,true,true,false,2023-01-26 19:19:31 UTC,3430,Richardson St & N Henry St,40.719078911795641,-73.94223690032959,71,"KEY, CREDITCARD",3,0
3494,E 115 St & Lexington Ave,7599.09,40.797911,-73.9423,71,"KEY, CREDITCARD",25,false,3,0,22,0,true,true,true,false,2023-01-26 19:11:01 UTC,3494,E 115 St & Lexington Ave,40.797911,-73.9423,71,"KEY, CREDITCARD",3,0
3549,Grand Ave & Bergen St,4190.06,40.678045,-73.962408,71,"KEY, CREDITCARD",25,false,1,2,22,0,true,true,true,false,2023-01-26 18:00:47 UTC,3549,Grand Ave & Bergen St,40.678045,-73.962408,71,"KEY, CREDITCARD",1,2
3841,Menahan St & Central Ave,4672.01,40.69543,-73.9196,71,"KEY, CREDITCARD",25,false,2,1,22,0,true,true,true,false,2023-01-26 18:56:13 UTC,3841,Menahan St & Central Ave,40.69543,-73.9196,71,"KEY, CREDITCARD",2,1
3844,Myrtle Ave & Linden St,4816.02,40.69943,-73.91337,71,"KEY, CREDITCARD",25,false,2,1,22,0,true,true,true,false,2023-01-26 15:54:13 UTC,3844,Myrtle Ave & Linden St,40.69943,-73.91337,71,"KEY, CREDITCARD",2,1
3879,Broadway & Madison St,4483.10,40.68822,-73.91966,71,"KEY, CREDITCARD",25,false,2,1,22,0,true,true,true,false,2023-01-26 19:24:41 UTC,3879,Broadway & Madison St,40.68822,-73.91966,71,"KEY, CREDITCARD",2,1
4350,Prospect Park W & 20 St,3507.04,40.656633,-73.983864,71,"KEY, CREDITCARD",25,false,2,0,22,1,true,true,true,false,2023-01-26 19:28:37 UTC,4350,Prospect Park W & 20 St,40.656633,-73.983864,71,"KEY, CREDITCARD",2,0
4892,Madison St & Malcolm X Blvd,4416.10,40.68713,-73.93008,71,"KEY, CREDITCARD",25,false,3,0,22,0,true,true,true,false,2023-01-26 18:10:05 UTC,4892,Madison St & Malcolm X Blvd,40.68713,-73.93008,71,"KEY, CREDITCARD",3,0
4922,Brooklyn Ave & Prospect Pl,4057.04,40.67412,-73.94447,71,"KEY, CREDITCARD",25,false,2,0,22,0,true,true,true,false,2023-01-26 18:57:07 UTC,4922,Brooklyn Ave & Prospect Pl,40.67412,-73.94447,71,"KEY, CREDITCARD",2,0
4963,Chauncey St & Stuyvesant Ave,4196.05,40.68012,-73.93168,71,"KEY, CREDITCARD",25,false,2,1,22,0,true,true,true,false,2023-01-26 19:16:15 UTC,4963,Chauncey St & Stuyvesant Ave,40.68012,-73.93168,71,"KEY, CREDITCARD",2,1
3370,E 78 St & 2 Ave,7057.07,40.7727966,-73.95577801,71,"KEY, CREDITCARD",25,false,1,0,23,0,true,true,true,false,2023-01-26 19:11:05 UTC,3370,E 78 St & 2 Ave,40.7727966,-73.95577801,71,"KEY, CREDITCARD",1,0
3396,Clinton St & 4 Place,4119.04,40.6783563,-74.00014502,71,"KEY, CREDITCARD",25,false,1,0,23,0,true,true,true,false,2023-01-26 19:12:22 UTC,3396,Clinton St & 4 Place,40.6783563,-74.00014502,71,"KEY, CREDITCARD",1,0
3529,Lenox Ave & W 130 St,7753.13,40.8107922,-73.9430681,71,"KEY, CREDITCARD",25,false,0,2,23,0,true,true,true,false,2023-01-26 19:14:12 UTC,3529,Lenox Ave & W 130 St,40.8107922,-73.9430681,71,"KEY, CREDITCARD",0,2
3573,35 St & 34 Ave,6679.11,40.7580583,-73.9242751,71,"KEY, CREDITCARD",25,false,0,0,23,0,true,true,true,false,2023-01-26 15:26:20 UTC,3573,35 St & 34 Ave,40.7580583,-73.9242751,71,"KEY, CREDITCARD",0,0
3821,Evergreen Ave & Noll St,4873.08,40.70106,-73.93318,71,"KEY, CREDITCARD",25,false,2,0,23,0,true,true,true,false,2023-01-26 17:30:31 UTC,3821,Evergreen Ave & Noll St,40.70106,-73.93318,71,"KEY, CREDITCARD",2,0
3838,Bushwick Ave & Harman St,4640.01,40.69356,-73.92524,71,"KEY, CREDITCARD",25,false,1,0,23,0,true,true,true,false,2023-01-26 19:32:45 UTC,3838,Bushwick Ave & Harman St,40.69356,-73.92524,71,"KEY, CREDITCARD",1,0
3877,Madison St & Forest Ave,5025.02,40.70555,-73.90245,71,"KEY, CREDITCARD",25,false,0,0,23,0,true,true,true,false,2023-01-26 16:45:56 UTC,3877,Madison St & Forest Ave,40.70555,-73.90245,71,"KEY, CREDITCARD",0,0
4346,17 St & 5 Ave,3699.07,40.663493,-73.991007,71,"KEY, CREDITCARD",25,false,2,0,23,0,true,true,true,false,2023-01-26 19:15:36 UTC,4346,17 St & 5 Ave,40.663493,-73.991007,71,"KEY, CREDITCARD",2,0
4472,Margaret Corbin Plz & Ft Washington Ave,8532.03,40.859166,-73.933872,71,"KEY, CREDITCARD",25,false,1,0,23,0,true,true,true,false,2023-01-26 18:35:17 UTC,4472,Margaret Corbin Plz & Ft Washington Ave,40.859166,-73.933872,71,"KEY, CREDITCARD",1,0
4562,Grand Concourse & E 196 St,8635.08,40.86767,-73.89286,71,"KEY, CREDITCARD",25,false,0,2,23,0,true,true,true,false,2023-01-26 17:11:07 UTC,4562,Grand Concourse & E 196 St,40.86767,-73.89286,71,"KEY, CREDITCARD",0,2
3856,Kingsland Ave & Nassau Ave,5613.04,40.72577,-73.94173,71,"KEY, CREDITCARD",25,false,1,0,24,0,true,true,true,false,2023-01-26 19:11:47 UTC,3856,Kingsland Ave & Nassau Ave,40.72577,-73.94173,71,"KEY, CREDITCARD",1,0
4011,Westchester Ave & Jackson Ave,7853.01,40.816124,-73.908116,71,"KEY, CREDITCARD",25,false,0,1,24,0,true,true,true,false,2023-01-26 19:03:21 UTC,4011,Westchester Ave & Jackson Ave,40.816124,-73.908116,71,"KEY, CREDITCARD",0,1
4362,7 Ave & 22 St,3515.01,40.658029,-73.989605,71,"KEY, CREDITCARD",25,false,1,0,24,0,true,true,true,false,2023-01-26 19:28:45 UTC,4362,7 Ave & 22 St,40.658029,-73.989605,71,"KEY, CREDITCARD",1,0
4401,55 St & 7 Ave,2951.05,40.639673,-74.008957,71,"KEY, CREDITCARD",25,false,0,1,24,0,true,true,true,false,2023-01-26 13:10:07 UTC,4401,55 St & 7 Ave,40.639673,-74.008957,71,"KEY, CREDITCARD",0,1
4417,67 St & Erik Pl,2733.03,40.633385,-74.016562,71,"KEY, CREDITCARD",25,false,0,1,24,0,true,true,true,false,2023-01-26 17:46:06 UTC,4417,67 St & Erik Pl,40.633385,-74.016562,71,"KEY, CREDITCARD",0,1
4788,Greenpoint Ave & 47 St,6134.03,40.7424,-73.91808,71,"KEY, CREDITCARD",25,false,0,1,24,0,true,true,true,false,2023-01-26 19:07:52 UTC,4788,Greenpoint Ave & 47 St,40.7424,-73.91808,71,"KEY, CREDITCARD",0,1
4916,Lincoln Pl & Nostrand Ave,3952.07,40.67077,-73.9507,71,"KEY, CREDITCARD",25,false,0,1,24,0,true,true,true,false,2023-01-26 16:35:12 UTC,4916,Lincoln Pl & Nostrand Ave,40.67077,-73.9507,71,"KEY, CREDITCARD",0,1
4917,Sterling Pl & New York Ave,3984.02,40.67234,-73.94763,71,"KEY, CREDITCARD",25,false,1,0,24,0,true,true,true,false,2023-01-26 18:18:16 UTC,4917,Sterling Pl & New York Ave,40.67234,-73.94763,71,"KEY, CREDITCARD",1,0
3579,Sterling Pl & Bedford Ave,3993.03,40.672695,-73.954131,71,"KEY, CREDITCARD",25,false,0,0,25,0,true,true,true,false,2023-01-26 19:04:57 UTC,3579,Sterling Pl & Bedford Ave,40.672695,-73.954131,71,"KEY, CREDITCARD",0,0
3846,Central Ave & Himrod St,4713.01,40.69676,-73.92302,71,"KEY, CREDITCARD",25,false,0,0,25,0,true,true,true,false,2023-01-26 19:12:35 UTC,3846,Central Ave & Himrod St,40.69676,-73.92302,71,"KEY, CREDITCARD",0,0
4284,43 St & 35 Ave,6520.06,40.754139,-73.919543,71,"KEY, CREDITCARD",25,false,0,0,25,0,true,true,true,false,2023-01-26 19:00:12 UTC,4284,43 St & 35 Ave,40.754139,-73.919543,71,"KEY, CREDITCARD",0,0
4420,7 Ave & 41 St,3192.05,40.647379,-74.000911,71,"KEY, CREDITCARD",25,false,0,0,25,0,true,true,true,false,2023-01-26 19:24:05 UTC,4420,7 Ave & 41 St,40.647379,-74.000911,71,"KEY, CREDITCARD",0,0
4820,72 St & 41 Ave,6258.03,40.7448,-73.89377,71,"KEY, CREDITCARD",26,false,24,1,1,0,true,true,true,false,2023-01-26 19:17:44 UTC,4820,72 St & 41 Ave,40.7448,-73.89377,71,"KEY, CREDITCARD",24,1
4477,Bay St & Court St,3931.09,40.671409,-74.001328,71,"KEY, CREDITCARD",26,false,22,1,2,0,true,true,true,false,2023-01-26 16:56:16 UTC,4477,Bay St & Court St,40.671409,-74.001328,71,"KEY, CREDITCARD",22,1
66dd7cab-0aca-11e7-82f6-3863bb44ef7c,Hilltop,JC019,40.7311689,-74.0575736,70,"KEY, CREDITCARD",26,false,23,0,3,0,true,true,true,false,2023-01-26 19:32:53 UTC,66dd7cab-0aca-11e7-82f6-3863bb44ef7c,Hilltop,40.7311689,-74.0575736,70,"KEY, CREDITCARD",23,0
3668,Leonard St & Nassau Ave,5550.09,40.7239567849954,-73.949843645095825,71,"KEY, CREDITCARD",26,false,19,2,5,0,true,true,true,false,2023-01-26 19:16:23 UTC,3668,Leonard St & Nassau Ave,40.7239567849954,-73.949843645095825,71,"KEY, CREDITCARD",19,2
3095,Graham Ave & Herbert St,5403.05,40.71929301,-73.94500379,71,"KEY, CREDITCARD",26,false,18,0,8,0,true,true,true,false,2023-01-26 18:37:42 UTC,3095,Graham Ave & Herbert St,40.71929301,-73.94500379,71,"KEY, CREDITCARD",18,0
3561,37 Ave & 35 St,6529.02,40.7531106,-73.9279917,71,"KEY, CREDITCARD",26,false,12,1,10,0,true,true,true,false,2023-01-26 19:28:05 UTC,3561,37 Ave & 35 St,40.7531106,-73.9279917,71,"KEY, CREDITCARD",12,1
fadf00cf-d84a-49e8-9607-c67154915412,Columbus Park - Clinton St & 9 St,HB501,40.74816121065146,-74.0324530005455,311,"KEY, CREDITCARD",26,false,10,1,15,0,true,true,true,false,2023-01-26 19:31:47 UTC,fadf00cf-d84a-49e8-9607-c67154915412,Columbus Park - Clinton St & 9 St,40.74816121065146,-74.0324530005455,311,"KEY, CREDITCARD",10,1
66dd7f10-0aca-11e7-82f6-3863bb44ef7c,Oakland Ave,JC022,40.7376037,-74.0524783,70,"KEY, CREDITCARD",26,false,9,1,16,0,true,true,true,false,2023-01-26 19:32:35 UTC,66dd7f10-0aca-11e7-82f6-3863bb44ef7c,Oakland Ave,40.7376037,-74.0524783,70,"KEY, CREDITCARD",9,1
3646,35 Ave & 10 St,6806.06,40.763154819103733,-73.939855098724365,71,"KEY, CREDITCARD",26,false,7,2,17,0,true,true,true,false,2023-01-26 19:21:53 UTC,3646,35 Ave & 10 St,40.763154819103733,-73.939855098724365,71,"KEY, CREDITCARD",7,2
3495,E 114 St & 1 Ave,7540.02,40.7945663,-73.9362541,71,"KEY, CREDITCARD",26,false,0,3,19,0,true,true,true,false,2023-01-26 18:36:43 UTC,3495,E 114 St & 1 Ave,40.7945663,-73.9362541,71,"KEY, CREDITCARD",0,3
3973,St Nicholas Ave & W 150 St,8013.07,40.827212,-73.942722,71,"KEY, CREDITCARD",26,false,0,3,20,0,true,true,true,false,2023-01-26 08:11:39 UTC,3973,St Nicholas Ave & W 150 St,40.827212,-73.942722,71,"KEY, CREDITCARD",0,3
3391,E 106 St & 1 Ave,7456.03,40.7892529,-73.93956237,71,"KEY, CREDITCARD",26,false,0,3,21,0,true,true,true,false,2023-01-26 17:30:39 UTC,3391,E 106 St & 1 Ave,40.7892529,-73.93956237,71,"KEY, CREDITCARD",0,3
4438,W 186 St & St. Nicholas Ave,8416.10,40.852253,-73.931308,71,"KEY, CREDITCARD",26,false,0,1,21,0,true,true,true,false,2023-01-26 16:24:45 UTC,4438,W 186 St & St. Nicholas Ave,40.852253,-73.931308,71,"KEY, CREDITCARD",0,1
66dddc98-0aca-11e7-82f6-3863bb44ef7c,Marin Light Rail,JC013,40.714584035358932,-74.042817056179047,70,"KEY, CREDITCARD",26,false,4,0,22,0,true,true,true,false,2023-01-26 19:32:12 UTC,66dddc98-0aca-11e7-82f6-3863bb44ef7c,Marin Light Rail,40.714584035358932,-74.042817056179047,70,"KEY, CREDITCARD",4,0
3924,Lincoln Ave & E 138 St,7744.06,40.810893,-73.927311,71,"KEY, CREDITCARD",26,false,2,1,22,0,true,true,true,false,2023-01-26 19:05:03 UTC,3924,Lincoln Ave & E 138 St,40.810893,-73.927311,71,"KEY, CREDITCARD",2,1
66dd7b37-0aca-11e7-82f6-3863bb44ef7c,Hamilton Park,JC009,40.727595966,-74.044247311,70,"KEY, CREDITCARD",26,false,2,1,23,0,true,true,true,false,2023-01-26 19:32:16 UTC,66dd7b37-0aca-11e7-82f6-3863bb44ef7c,Hamilton Park,40.727595966,-74.044247311,70,"KEY, CREDITCARD",2,1
4051,W 160 St & St. Nicholas Ave,8138.07,40.834468,-73.939865,71,"KEY, CREDITCARD",26,false,1,0,24,0,true,true,true,false,2023-01-26 19:18:33 UTC,4051,W 160 St & St. Nicholas Ave,40.834468,-73.939865,71,"KEY, CREDITCARD",1,0
4579,Grand Concourse & E 203 St,8734.04,40.87382,-73.88661,71,"KEY, CREDITCARD",26,false,1,0,24,0,true,true,true,false,2023-01-26 19:14:24 UTC,4579,Grand Concourse & E 203 St,40.87382,-73.88661,71,"KEY, CREDITCARD",1,0
3860,Wilson Ave & Troutman St,4864.09,40.70166,-73.92754,71,"KEY, CREDITCARD",26,false,0,1,25,0,true,true,true,false,2023-01-26 18:20:10 UTC,3860,Wilson Ave & Troutman St,40.70166,-73.92754,71,"KEY, CREDITCARD",0,1
4624,Ryer Ave & E 182 St,8494.06,40.8558,-73.89956,71,"KEY, CREDITCARD",26,false,1,0,25,0,true,true,true,false,2023-01-26 16:33:33 UTC,4624,Ryer Ave & E 182 St,40.8558,-73.89956,71,"KEY, CREDITCARD",1,0
3092,Berry St & N 8 St,5379.09,40.7190095,-73.95852515,71,"KEY, CREDITCARD",27,false,26,1,0,0,true,true,true,false,2023-01-26 19:32:05 UTC,3092,Berry St & N 8 St,40.7190095,-73.95852515,71,"KEY, CREDITCARD",26,1
3101,N 12 St & Bedford Ave,5450.04,40.72079821,-73.95484712,71,"KEY, CREDITCARD",27,false,25,0,0,0,true,true,true,false,2023-01-26 19:29:37 UTC,3101,N 12 St & Bedford Ave,40.72079821,-73.95484712,71,"KEY, CREDITCARD",25,0
3102,Driggs Ave & Lorimer St,5481.04,40.72179134,-73.9504154,71,"KEY, CREDITCARD",27,false,27,0,0,0,true,true,true,false,2023-01-26 18:23:09 UTC,3102,Driggs Ave & Lorimer St,40.72179134,-73.9504154,71,"KEY, CREDITCARD",27,0
3221,47 Ave & 31 St,6151.03,40.743,-73.93561,71,"KEY, CREDITCARD",27,false,25,0,0,0,true,true,true,false,2023-01-26 19:29:31 UTC,3221,47 Ave & 31 St,40.743,-73.93561,71,"KEY, CREDITCARD",25,0
3674,Jay St & York St,4895.09,40.701403172577251,-73.986726701259613,71,"KEY, CREDITCARD",27,false,27,0,0,0,true,true,true,false,2023-01-26 19:32:37 UTC,3674,Jay St & York St,40.701403172577251,-73.986726701259613,71,"KEY, CREDITCARD",27,0
4418,2 Ave & 32 St,3532.02,40.659176,-74.006584,71,"KEY, CREDITCARD",27,false,26,1,0,0,true,true,true,false,2023-01-26 17:54:43 UTC,4418,2 Ave & 32 St,40.659176,-74.006584,71,"KEY, CREDITCARD",26,1
4561,Bainbridge Ave & E 193 St,8582.02,40.86389,-73.89246,71,"KEY, CREDITCARD",27,false,26,1,0,0,true,true,true,false,2023-01-26 12:40:39 UTC,4561,Bainbridge Ave & E 193 St,40.86389,-73.89246,71,"KEY, CREDITCARD",26,1
4821,61 St & Queens Blvd,6116.03,40.74091,-73.90273,71,"KEY, CREDITCARD",27,false,23,3,0,0,true,true,true,false,2023-01-26 19:11:39 UTC,4821,61 St & Queens Blvd,40.74091,-73.90273,71,"KEY, CREDITCARD",23,3
82,St James Pl & Pearl St,5167.06,40.71117416,-74.00016545,71,"KEY, CREDITCARD",27,false,21,4,1,0,true,true,true,false,2023-01-26 19:25:22 UTC,82,St James Pl & Pearl St,40.71117416,-74.00016545,71,"KEY, CREDITCARD",21,4
249,Harrison St & Hudson St,5400.05,40.71870987,-74.0090009,71,"KEY, CREDITCARD",27,false,26,0,1,0,true,true,true,false,2023-01-26 19:33:14 UTC,249,Harrison St & Hudson St,40.71870987,-74.0090009,71,"KEY, CREDITCARD",26,0
268,Howard St & Lafayette St,5422.04,40.71910537,-73.99973337,71,"KEY, CREDITCARD",27,false,25,0,1,0,true,true,true,false,2023-01-26 19:29:43 UTC,268,Howard St & Lafayette St,40.71910537,-73.99973337,71,"KEY, CREDITCARD",25,0
3128,21 St & 43 Ave,6395.01,40.75052534,-73.94594845,71,"KEY, CREDITCARD",27,false,26,0,1,0,true,true,true,false,2023-01-26 16:25:04 UTC,3128,21 St & 43 Ave,40.75052534,-73.94594845,71,"KEY, CREDITCARD",26,0
3762,3 Ave & Carroll St,4143.04,40.677027,-73.9865,71,"KEY, CREDITCARD",27,false,24,2,1,0,true,true,true,false,2023-01-26 19:23:08 UTC,3762,3 Ave & Carroll St,40.677027,-73.9865,71,"KEY, CREDITCARD",24,2
4137,3 Ave & E 163 St,7974.01,40.823872,-73.908699,71,"KEY, CREDITCARD",27,false,19,3,1,0,true,true,true,false,2023-01-26 17:12:15 UTC,4137,3 Ave & E 163 St,40.823872,-73.908699,71,"KEY, CREDITCARD",19,3
4166,River Ave & E 153 St,8005.08,40.82441,-73.92818,71,"KEY, CREDITCARD",27,false,25,1,1,0,true,true,true,false,2023-01-26 19:22:41 UTC,4166,River Ave & E 153 St,40.82441,-73.92818,71,"KEY, CREDITCARD",25,1
4386,57 St & 1 Ave,3178.02,40.646377,-74.023087,71,"KEY, CREDITCARD",27,false,25,1,1,0,true,true,true,false,2023-01-26 17:59:41 UTC,4386,57 St & 1 Ave,40.646377,-74.023087,71,"KEY, CREDITCARD",25,1
3693,N 11 St & Kent Ave,5489.04,40.722481886382191,-73.959219306707382,71,"KEY, CREDITCARD",27,false,23,2,2,0,true,true,true,false,2023-01-26 19:27:22 UTC,3693,N 11 St & Kent Ave,40.722481886382191,-73.959219306707382,71,"KEY, CREDITCARD",23,2
3113,Greenpoint Ave & Manhattan Ave,5785.05,40.73026,-73.95394,71,"KEY, CREDITCARD",27,false,23,1,3,0,true,true,true,false,2023-01-26 19:21:27 UTC,3113,Greenpoint Ave & Manhattan Ave,40.73026,-73.95394,71,"KEY, CREDITCARD",23,1
4993,Vernon Blvd & Queens Plaza S,6514.03,40.754082206155708,-73.949422538280487,71,"KEY, CREDITCARD",27,false,23,1,3,0,true,true,true,false,2023-01-26 19:32:15 UTC,4993,Vernon Blvd & Queens Plaza S,40.754082206155708,-73.949422538280487,71,"KEY, CREDITCARD",23,1
3121,Jackson Ave & 46 Rd,6203.02,40.74524768,-73.94733276,71,"KEY, CREDITCARD",27,false,21,1,4,0,true,true,true,false,2023-01-26 19:11:14 UTC,3121,Jackson Ave & 46 Rd,40.74524768,-73.94733276,71,"KEY, CREDITCARD",21,1
3763,Wyckoff Av & Jefferson St,5051.01,40.707165,-73.923711,71,"KEY, CREDITCARD",27,false,23,0,4,0,true,true,true,false,2023-01-26 19:10:05 UTC,3763,Wyckoff Av & Jefferson St,40.707165,-73.923711,71,"KEY, CREDITCARD",23,0
335,Washington Pl & Broadway,5755.01,40.72903917,-73.99404649,71,"KEY, CREDITCARD",27,false,18,2,5,0,true,true,true,false,2023-01-26 19:30:39 UTC,335,Washington Pl & Broadway,40.72903917,-73.99404649,71,"KEY, CREDITCARD",18,2
3613,Center Blvd & 48 Ave,6254.06,40.745038,-73.957539,71,"KEY, CREDITCARD",27,false,20,2,5,0,true,true,true,false,2023-01-26 19:07:02 UTC,3613,Center Blvd & 48 Ave,40.745038,-73.957539,71,"KEY, CREDITCARD",20,2
346,Bank St & Hudson St,5922.08,40.73652889,-74.00618026,71,"KEY, CREDITCARD",27,false,19,2,6,0,true,true,true,false,2023-01-26 19:32:01 UTC,346,Bank St & Hudson St,40.73652889,-74.00618026,71,"KEY, CREDITCARD",19,2
3067,Broadway & Whipple St,4883.03,40.7016657,-73.9437303,71,"KEY, CREDITCARD",27,false,18,2,7,0,true,true,true,false,2023-01-26 19:23:26 UTC,3067,Broadway & Whipple St,40.7016657,-73.9437303,71,"KEY, CREDITCARD",18,2
3778,Irving Ave & DeKalb Ave,4898.02,40.7027,-73.92095,71,"KEY, CREDITCARD",27,false,18,2,7,0,true,true,true,false,2023-01-26 19:32:10 UTC,3778,Irving Ave & DeKalb Ave,40.7027,-73.92095,71,"KEY, CREDITCARD",18,2
4476,St Marks Pl & 4 Ave,4249.10,40.68177810928762,-73.979889750480652,71,"KEY, CREDITCARD",27,false,18,2,7,0,true,true,true,false,2023-01-26 19:22:33 UTC,4476,St Marks Pl & 4 Ave,40.68177810928762,-73.979889750480652,71,"KEY, CREDITCARD",18,2
4685,Sterling Pl & 5 Ave,4208.01,40.678970070475735,-73.978552669286714,71,"KEY, CREDITCARD",27,false,18,0,8,0,true,true,true,false,2023-01-26 19:04:02 UTC,4685,Sterling Pl & 5 Ave,40.678970070475735,-73.978552669286714,71,"KEY, CREDITCARD",18,0
331,Pike St & Monroe St,5159.04,40.71173107,-73.99193043,71,"KEY, CREDITCARD",27,false,13,3,9,0,true,true,true,false,2023-01-26 19:29:06 UTC,331,Pike St & Monroe St,40.71173107,-73.99193043,71,"KEY, CREDITCARD",13,3
3775,Suydam St & Knickerbocker Ave,4939.07,40.702013,-73.923769,71,"KEY, CREDITCARD",27,false,18,0,9,0,true,true,true,false,2023-01-26 18:45:23 UTC,3775,Suydam St & Knickerbocker Ave,40.702013,-73.923769,71,"KEY, CREDITCARD",18,0
4186,E 149 St & Park Ave,7884.04,40.818154,-73.925294,71,"KEY, CREDITCARD",27,false,17,0,9,0,true,true,true,false,2023-01-26 19:25:22 UTC,4186,E 149 St & Park Ave,40.818154,-73.925294,71,"KEY, CREDITCARD",17,0
3332,Degraw St & Hoyt St,4258.07,40.681990442707033,-73.990790247917175,71,"KEY, CREDITCARD",27,false,15,1,10,0,true,true,true,false,2023-01-26 19:25:00 UTC,3332,Degraw St & Hoyt St,40.681990442707033,-73.990790247917175,71,"KEY, CREDITCARD",15,1
4206,Southern Blvd & E 149 St,7788.13,40.811892,-73.904192,71,"KEY, CREDITCARD",27,false,16,0,10,0,true,true,true,false,2023-01-26 18:47:50 UTC,4206,Southern Blvd & E 149 St,40.811892,-73.904192,71,"KEY, CREDITCARD",16,0
3526,31 St & 23 Ave,7144.01,40.7747878,-73.9125551,71,"KEY, CREDITCARD",27,false,10,5,11,0,true,true,true,false,2023-01-26 19:32:57 UTC,3526,31 St & 23 Ave,40.7747878,-73.9125551,71,"KEY, CREDITCARD",10,5
3880,Willoughby Ave & Onderdonk Ave,5115.05,40.7098,-73.91727,71,"KEY, CREDITCARD",27,false,13,3,11,0,true,true,true,false,2023-01-26 18:50:57 UTC,3880,Willoughby Ave & Onderdonk Ave,40.7098,-73.91727,71,"KEY, CREDITCARD",13,3
4502,W 218 St & Broadway,8715.06,40.87139,-73.914318,71,"KEY, CREDITCARD",27,false,16,0,11,0,true,true,true,false,2023-01-26 18:09:46 UTC,4502,W 218 St & Broadway,40.87139,-73.914318,71,"KEY, CREDITCARD",16,0
3555,28 St & 41 Ave,6462.19,40.751047,-73.93797,71,"KEY, CREDITCARD",27,false,13,2,12,0,true,true,true,false,2023-01-26 19:30:38 UTC,3555,28 St & 41 Ave,40.751047,-73.93797,71,"KEY, CREDITCARD",13,2
4268,50 St & Northern Blvd,6511.03,40.753441,-73.912402,71,"KEY, CREDITCARD",27,false,14,1,12,0,true,true,true,false,2023-01-26 18:55:36 UTC,4268,50 St & Northern Blvd,40.753441,-73.912402,71,"KEY, CREDITCARD",14,1
4779,44 St & Greenpoint Ave,6134.13,40.741119944681465,-73.921036720275879,71,"KEY, CREDITCARD",27,false,13,1,13,0,true,true,true,false,2023-01-26 16:36:22 UTC,4779,44 St & Greenpoint Ave,40.741119944681465,-73.921036720275879,71,"KEY, CREDITCARD",13,1
3411,Bond St & Bergen St,4404.10,40.6849668,-73.98620772,71,"KEY, CREDITCARD",27,false,10,1,14,0,true,true,true,false,2023-01-26 19:28:53 UTC,3411,Bond St & Bergen St,40.6849668,-73.98620772,71,"KEY, CREDITCARD",10,1
4222,River Ave & E 151 St,7967.04,40.822217,-73.928939,71,"KEY, CREDITCARD",27,false,10,1,14,0,true,true,true,false,2023-01-26 19:24:27 UTC,4222,River Ave & E 151 St,40.822217,-73.928939,71,"KEY, CREDITCARD",10,1
4269,Broadway & 51 St,6545.07,40.754164,-73.908906,71,"KEY, CREDITCARD",27,false,12,0,14,0,true,true,true,false,2023-01-26 18:38:49 UTC,4269,Broadway & 51 St,40.754164,-73.908906,71,"KEY, CREDITCARD",12,0
4270,62 St & Northern Blvd,6536.02,40.754176,-73.900318,71,"KEY, CREDITCARD",27,false,12,1,14,0,true,true,true,false,2023-01-26 11:28:22 UTC,4270,62 St & Northern Blvd,40.754176,-73.900318,71,"KEY, CREDITCARD",12,1
4117,Sullivan Pl & Franklin Ave,3704.08,40.66407983678161,-73.960251286666789,71,"KEY, CREDITCARD",27,false,11,1,15,0,true,true,true,false,2023-01-26 17:52:30 UTC,4117,Sullivan Pl & Franklin Ave,40.66407983678161,-73.960251286666789,71,"KEY, CREDITCARD",11,1
3078,Broadway & Roebling St,5125.07,40.709248262761569,-73.960631489753723,71,"KEY, CREDITCARD",27,false,7,4,16,0,true,true,true,false,2023-01-26 19:09:47 UTC,3078,Broadway & Roebling St,40.709248262761569,-73.960631489753723,71,"KEY, CREDITCARD",7,4
448,W 37 St & 10 Ave,6611.02,40.75660359,-73.9979009,71,"KEY, CREDITCARD",27,false,1,5,17,0,true,true,true,false,2023-01-26 19:00:45 UTC,448,W 37 St & 10 Ave,40.75660359,-73.9979009,71,"KEY, CREDITCARD",1,5
3117,Franklin St & Dupont St,5944.01,40.73564,-73.95866,71,"KEY, CREDITCARD",27,false,7,2,17,0,true,true,true,false,2023-01-26 19:26:46 UTC,3117,Franklin St & Dupont St,40.73564,-73.95866,71,"KEY, CREDITCARD",7,2
3745,36 Ave & 31 St,6572.08,40.756512729849547,-73.929574862122521,71,"KEY, CREDITCARD",27,false,6,3,18,0,true,true,true,false,2023-01-26 19:14:21 UTC,3745,36 Ave & 31 St,40.756512729849547,-73.929574862122521,71,"KEY, CREDITCARD",6,3
3504,E 123 St & Lexington Ave,7636.05,40.8029263,-73.9379,71,"KEY, CREDITCARD",27,false,7,1,19,0,true,true,true,false,2023-01-26 19:19:16 UTC,3504,E 123 St & Lexington Ave,40.8029263,-73.9379,71,"KEY, CREDITCARD",7,1
3558,Bergen St & Vanderbilt Ave,4157.10,40.6794388,-73.9680438,71,"KEY, CREDITCARD",27,false,7,0,19,0,true,true,true,false,2023-01-26 19:24:24 UTC,3558,Bergen St & Vanderbilt Ave,40.6794388,-73.9680438,71,"KEY, CREDITCARD",7,0
4148,Intervale Ave & Westchester Ave,7948.10,40.821967,-73.896752,71,"KEY, CREDITCARD",27,false,8,0,19,0,true,true,true,false,2023-01-26 18:05:28 UTC,4148,Intervale Ave & Westchester Ave,40.821967,-73.896752,71,"KEY, CREDITCARD",8,0
545,E 23 St & 1 Ave,5929.01,40.736502,-73.97809472,71,"KEY, CREDITCARD",27,false,3,2,20,0,true,true,true,false,2023-01-26 19:25:22 UTC,545,E 23 St & 1 Ave,40.736502,-73.97809472,71,"KEY, CREDITCARD",3,2
3535,Mt Morris Park W & W 120 St,7685.14,40.804038,-73.945925,71,"KEY, CREDITCARD",27,false,3,3,20,0,true,true,true,false,2023-01-26 19:31:09 UTC,3535,Mt Morris Park W & W 120 St,40.804038,-73.945925,71,"KEY, CREDITCARD",3,3
3927,Lenox Ave & W 133 St,7790.04,40.81296,-73.941878,71,"KEY, CREDITCARD",27,false,1,2,20,0,true,true,true,false,2023-01-26 18:56:29 UTC,3927,Lenox Ave & W 133 St,40.81296,-73.941878,71,"KEY, CREDITCARD",1,2
4635,Grand Concourse & E 161 St,8021.11,40.827133804235558,-73.9227358996868,71,"KEY, CREDITCARD",27,false,4,3,20,0,true,true,true,false,2023-01-26 19:25:52 UTC,4635,Grand Concourse & E 161 St,40.827133804235558,-73.9227358996868,71,"KEY, CREDITCARD",4,3
4831,Broadway & W 138 St,7942.07,40.82182,-73.95353,71,"KEY, CREDITCARD",27,false,1,6,20,0,true,true,true,false,2023-01-26 19:14:17 UTC,4831,Broadway & W 138 St,40.82182,-73.95353,71,"KEY, CREDITCARD",1,6
3044,Albany Ave & Fulton St,4237.02,40.6800105,-73.938475,71,"KEY, CREDITCARD",27,false,5,1,21,0,true,true,true,false,2023-01-26 18:28:32 UTC,3044,Albany Ave & Fulton St,40.6800105,-73.938475,71,"KEY, CREDITCARD",5,1
3308,Kane St & Clinton St,4455.11,40.6861758,-73.99645295,71,"KEY, CREDITCARD",27,false,5,0,21,0,true,true,true,false,2023-01-26 19:29:03 UTC,3308,Kane St & Clinton St,40.6861758,-73.99645295,71,"KEY, CREDITCARD",5,0
4184,Southern Blvd & E 174 St,8163.05,40.836733,-73.887931,71,"KEY, CREDITCARD",27,false,4,2,21,0,true,true,true,false,2023-01-26 19:28:43 UTC,4184,Southern Blvd & E 174 St,40.836733,-73.887931,71,"KEY, CREDITCARD",4,2
4272,Ditmars Blvd & 43 St,7039.03,40.771203,-73.903865,71,"KEY, CREDITCARD",27,false,3,2,21,0,true,true,true,false,2023-01-26 17:06:06 UTC,4272,Ditmars Blvd & 43 St,40.771203,-73.903865,71,"KEY, CREDITCARD",3,2
353,S Portland Ave & Hanson Pl,4354.05,40.68539567,-73.97431458,71,"KEY, CREDITCARD",27,false,5,0,22,0,true,true,true,false,2023-01-26 19:07:53 UTC,353,S Portland Ave & Hanson Pl,40.68539567,-73.97431458,71,"KEY, CREDITCARD",5,0
372,Franklin Ave & Myrtle Ave,4715.01,40.694546087246025,-73.958013653755188,71,"KEY, CREDITCARD",27,false,2,1,22,0,true,true,true,false,2023-01-26 19:03:32 UTC,372,Franklin Ave & Myrtle Ave,40.694546087246025,-73.958013653755188,71,"KEY, CREDITCARD",2,1
3157,East End Ave & E 86 St,7113.08,40.77518615,-73.94446054,71,"KEY, CREDITCARD",27,false,0,0,22,0,true,true,true,false,2023-01-26 16:42:56 UTC,3157,East End Ave & E 86 St,40.77518615,-73.94446054,71,"KEY, CREDITCARD",0,0
3172,W 74 St & Columbus Ave,7230.10,40.7785669,-73.97754961,71,"KEY, CREDITCARD",27,false,0,2,22,0,true,true,true,false,2023-01-26 19:09:33 UTC,3172,W 74 St & Columbus Ave,40.7785669,-73.97754961,71,"KEY, CREDITCARD",0,2
3404,7 St & 5 Ave,3914.02,40.6704922,-73.98541675,71,"KEY, CREDITCARD",27,false,4,1,22,0,true,true,true,false,2023-01-26 19:24:32 UTC,3404,7 St & 5 Ave,40.6704922,-73.98541675,71,"KEY, CREDITCARD",4,1
3520,Adam Clayton Powell Blvd & W 118 St,7670.09,40.804372,-73.951475,71,"KEY, CREDITCARD",27,false,5,0,22,0,true,true,true,false,2023-01-26 18:39:53 UTC,3520,Adam Clayton Powell Blvd & W 118 St,40.804372,-73.951475,71,"KEY, CREDITCARD",5,0
3587,Carroll St & Washington Ave,3887.03,40.6686744,-73.9618148,71,"KEY, CREDITCARD",27,false,2,2,22,0,true,true,true,false,2023-01-26 19:15:44 UTC,3587,Carroll St & Washington Ave,40.6686744,-73.9618148,71,"KEY, CREDITCARD",2,2
3934,St Nicholas Ave & W 134 St,7837.30,40.816234,-73.948222,71,"KEY, CREDITCARD",27,false,2,1,22,0,true,true,true,false,2023-01-26 18:25:47 UTC,3934,St Nicholas Ave & W 134 St,40.816234,-73.948222,71,"KEY, CREDITCARD",2,1
4153,E 165 St & Fox St,7966.02,40.82394,-73.894025,71,"KEY, CREDITCARD",27,false,4,1,22,0,true,true,true,false,2023-01-26 08:31:56 UTC,4153,E 165 St & Fox St,40.82394,-73.894025,71,"KEY, CREDITCARD",4,1
4283,38 St & 30 Ave,6850.01,40.764174520197685,-73.915839940309525,71,"KEY, CREDITCARD",27,false,4,1,22,0,true,true,true,false,2023-01-26 19:25:16 UTC,4283,38 St & 30 Ave,40.764174520197685,-73.915839940309525,71,"KEY, CREDITCARD",4,1
4348,6 Ave & 21 St,3628.11,40.66016,-73.990974,71,"KEY, CREDITCARD",27,false,1,0,22,2,true,true,true,false,2023-01-26 19:28:01 UTC,4348,6 Ave & 21 St,40.66016,-73.990974,71,"KEY, CREDITCARD",1,0
4617,5 Ave & W 126 St,7701.21,40.80722,-73.9418,71,"KEY, CREDITCARD",27,false,3,1,22,0,true,true,true,false,2023-01-26 19:32:00 UTC,4617,5 Ave & W 126 St,40.80722,-73.9418,71,"KEY, CREDITCARD",3,1
3365,3 St & 7 Ave,3905.15,40.6703837,-73.97839676,71,"KEY, CREDITCARD",27,false,1,2,23,0,true,true,true,false,2023-01-26 19:26:03 UTC,3365,3 St & 7 Ave,40.6703837,-73.97839676,71,"KEY, CREDITCARD",1,2
3424,E 106 St & Lexington Ave,7504.18,40.791976,-73.945993,71,"KEY, CREDITCARD",27,false,1,1,23,0,true,true,true,false,2023-01-26 19:11:02 UTC,3424,E 106 St & Lexington Ave,40.791976,-73.945993,71,"KEY, CREDITCARD",1,1
3531,Frederick Douglass Blvd & W 129 St,7795.09,40.8125511,-73.9492286,71,"KEY, CREDITCARD",27,false,1,2,23,0,true,true,true,false,2023-01-26 17:27:15 UTC,3531,Frederick Douglass Blvd & W 129 St,40.8125511,-73.9492286,71,"KEY, CREDITCARD",1,2
3619,Newtown Ave & 23 St,7026.08,40.7713615,-73.9246145,71,"KEY, CREDITCARD",27,false,3,0,23,0,true,true,true,false,2023-01-26 19:23:21 UTC,3619,Newtown Ave & 23 St,40.7713615,-73.9246145,71,"KEY, CREDITCARD",3,0
4289,31 St & 21 Ave,7202.07,40.77813,-73.90842,71,"KEY, CREDITCARD",27,false,1,2,23,0,true,true,true,false,2023-01-26 16:53:49 UTC,4289,31 St & 21 Ave,40.77813,-73.90842,71,"KEY, CREDITCARD",1,2
4843,71 Ave & Myrtle Ave,4871.02,40.70067,-73.89907,71,"KEY, CREDITCARD",27,false,3,1,23,0,true,true,true,false,2023-01-26 18:40:13 UTC,4843,71 Ave & Myrtle Ave,40.70067,-73.89907,71,"KEY, CREDITCARD",3,1
364,Lafayette Ave & Classon Ave,4452.01,40.68900443,-73.96023854,71,"KEY, CREDITCARD",27,false,1,2,24,0,true,true,true,false,2023-01-26 19:23:00 UTC,364,Lafayette Ave & Classon Ave,40.68900443,-73.96023854,71,"KEY, CREDITCARD",1,2
3304,6 Ave & 9 St,3803.09,40.668127,-73.98377641,71,"KEY, CREDITCARD",27,false,2,0,24,0,true,true,true,false,2023-01-26 19:27:21 UTC,3304,6 Ave & 9 St,40.668127,-73.98377641,71,"KEY, CREDITCARD",2,0
3327,3 Ave & E 100 St,7414.17,40.7877214,-73.94728331,71,"KEY, CREDITCARD",27,false,2,0,24,0,true,true,true,false,2023-01-26 19:25:32 UTC,3327,3 Ave & E 100 St,40.7877214,-73.94728331,71,"KEY, CREDITCARD",2,0
3329,Degraw St & Smith St,4298.05,40.6829151,-73.99318208,71,"KEY, CREDITCARD",27,false,1,1,24,0,true,true,true,false,2023-01-26 19:09:49 UTC,3329,Degraw St & Smith St,40.6829151,-73.99318208,71,"KEY, CREDITCARD",1,1
3761,Cedar St & Myrtle Ave,4751.01,40.697842,-73.926241,71,"KEY, CREDITCARD",27,false,1,2,24,0,true,true,true,false,2023-01-26 18:43:09 UTC,3761,Cedar St & Myrtle Ave,40.697842,-73.926241,71,"KEY, CREDITCARD",1,2
4052,Amsterdam Ave & W 162 St,8172.07,40.83618,-73.939789,71,"KEY, CREDITCARD",27,false,0,1,24,0,true,true,true,false,2023-01-26 15:22:18 UTC,4052,Amsterdam Ave & W 162 St,40.83618,-73.939789,71,"KEY, CREDITCARD",0,1
4200,E 174 St & Walton Ave,8285.09,40.844811,-73.912042,71,"KEY, CREDITCARD",27,false,0,2,24,0,true,true,true,false,2023-01-26 14:14:06 UTC,4200,E 174 St & Walton Ave,40.844811,-73.912042,71,"KEY, CREDITCARD",0,2
4220,Frederick Douglass Blvd & W 145 St,7954.12,40.823061,-73.941928,71,"KEY, CREDITCARD",27,false,2,0,24,0,true,true,true,false,2023-01-26 18:56:56 UTC,4220,Frederick Douglass Blvd & W 145 St,40.823061,-73.941928,71,"KEY, CREDITCARD",2,0
4404,3 Ave & Wakeman Pl,2883.03,40.638246,-74.024714,71,"KEY, CREDITCARD",27,false,3,0,24,0,true,true,true,false,2023-01-26 19:20:53 UTC,4404,3 Ave & Wakeman Pl,40.638246,-74.024714,71,"KEY, CREDITCARD",3,0
4792,51 St & 43 Ave,6242.10,40.74451,-73.91412,71,"KEY, CREDITCARD",27,false,0,0,24,0,true,true,true,false,2023-01-26 16:42:23 UTC,4792,51 St & 43 Ave,40.74451,-73.91412,71,"KEY, CREDITCARD",0,0
4945,Carlton Ave & St Marks Ave,4199.13,40.679118560821649,-73.971762657165527,71,"KEY, CREDITCARD",27,false,1,2,24,0,true,true,true,false,2023-01-26 18:59:19 UTC,4945,Carlton Ave & St Marks Ave,40.679118560821649,-73.971762657165527,71,"KEY, CREDITCARD",1,2
5000,Classon Ave & St Marks Ave,4074.14,40.676513,-73.959431,71,"KEY, CREDITCARD",27,false,3,0,24,0,true,true,true,false,2023-01-26 19:33:06 UTC,5000,Classon Ave & St Marks Ave,40.676513,-73.959431,71,"KEY, CREDITCARD",3,0
3492,E 118 St & Park Ave,7625.18,40.8005385,-73.9419949,71,"KEY, CREDITCARD",27,false,2,0,25,0,true,true,true,false,2023-01-26 19:10:46 UTC,3492,E 118 St & Park Ave,40.8005385,-73.9419949,71,"KEY, CREDITCARD",2,0
3532,Ditmars Blvd & 19 St,7291.06,40.78145,-73.9183302,71,"KEY, CREDITCARD",27,false,1,1,25,0,true,true,true,false,2023-01-26 19:08:07 UTC,3532,Ditmars Blvd & 19 St,40.78145,-73.9183302,71,"KEY, CREDITCARD",1,1
3544,Underhill Ave & Pacific St,4231.04,40.6804836,-73.9646795,71,"KEY, CREDITCARD",27,false,1,1,25,0,true,true,true,false,2023-01-26 19:30:38 UTC,3544,Underhill Ave & Pacific St,40.6804836,-73.9646795,71,"KEY, CREDITCARD",1,1
4047,Amsterdam Ave & W 156 St,8104.10,40.832081,-73.942386,71,"KEY, CREDITCARD",27,false,1,0,25,0,true,true,true,false,2023-01-26 17:07:40 UTC,4047,Amsterdam Ave & W 156 St,40.832081,-73.942386,71,"KEY, CREDITCARD",1,0
4055,W 165 St & Fort Washington Ave,8226.05,40.84004,-73.942939,71,"KEY, CREDITCARD",27,false,0,2,25,0,true,true,true,false,2023-01-26 19:12:19 UTC,4055,W 165 St & Fort Washington Ave,40.84004,-73.942939,71,"KEY, CREDITCARD",0,2
416,Cumberland St & Lafayette Ave,4428.02,40.68753406,-73.97265183,71,"KEY, CREDITCARD",27,false,1,0,26,0,true,true,true,false,2023-01-26 19:17:58 UTC,416,Cumberland St & Lafayette Ave,40.68753406,-73.97265183,71,"KEY, CREDITCARD",1,0
3364,Carroll St & 5 Ave,4060.09,40.6751622,-73.9814832,71,"KEY, CREDITCARD",27,false,0,1,26,0,true,true,true,false,2023-01-26 19:26:21 UTC,3364,Carroll St & 5 Ave,40.6751622,-73.9814832,71,"KEY, CREDITCARD",0,1
3575,Crescent St & 34 Ave,6759.15,40.76108,-73.930562,71,"KEY, CREDITCARD",27,false,0,1,26,0,true,true,true,false,2023-01-26 18:48:13 UTC,3575,Crescent St & 34 Ave,40.76108,-73.930562,71,"KEY, CREDITCARD",0,1
3581,Underhill Ave & Lincoln Pl,4042.08,40.6740123,-73.9671457,71,"KEY, CREDITCARD",27,false,1,0,26,0,true,true,true,false,2023-01-26 19:12:52 UTC,3581,Underhill Ave & Lincoln Pl,40.6740123,-73.9671457,71,"KEY, CREDITCARD",1,0
3617,28 Ave & 35 St,6951.03,40.7671,-73.9169858,71,"KEY, CREDITCARD",27,false,1,0,26,0,true,true,true,false,2023-01-26 19:23:28 UTC,3617,28 Ave & 35 St,40.7671,-73.9169858,71,"KEY, CREDITCARD",1,0
3803,Bedford Ave & Montgomery St,3736.03,40.665816,-73.956934,71,"KEY, CREDITCARD",27,false,1,0,26,0,true,true,true,false,2023-01-26 19:31:52 UTC,3803,Bedford Ave & Montgomery St,40.665816,-73.956934,71,"KEY, CREDITCARD",1,0
4411,48 St & 5 Ave,3202.06,40.646351,-74.009271,71,"KEY, CREDITCARD",27,false,0,0,26,0,true,true,true,false,2023-01-26 14:03:44 UTC,4411,48 St & 5 Ave,40.646351,-74.009271,71,"KEY, CREDITCARD",0,0
436,Hancock St & Bedford Ave,4255.05,40.68216564,-73.95399026,71,"KEY, CREDITCARD",27,false,0,0,27,0,true,true,true,false,2023-01-26 17:07:05 UTC,436,Hancock St & Bedford Ave,40.68216564,-73.95399026,71,"KEY, CREDITCARD",0,0
3600,31 Ave & Steinway St,6782.01,40.7611488,-73.9170071,71,"KEY, CREDITCARD",27,false,0,0,27,0,true,true,true,false,2023-01-26 17:48:49 UTC,3600,31 Ave & Steinway St,40.7611488,-73.9170071,71,"KEY, CREDITCARD",0,0
4886,Stuyvesant Ave & Hart St,4689.08,40.69465,-73.9343,71,"KEY, CREDITCARD",27,false,0,0,27,0,true,true,true,false,2023-01-26 19:02:07 UTC,4886,Stuyvesant Ave & Hart St,40.69465,-73.9343,71,"KEY, CREDITCARD",0,0
3110,Meserole Ave & Manhattan Ave,5666.04,40.72708584,-73.95299117,71,"KEY, CREDITCARD",28,false,25,3,0,0,true,true,true,false,2023-01-26 19:25:57 UTC,3110,Meserole Ave & Manhattan Ave,40.72708584,-73.95299117,71,"KEY, CREDITCARD",25,3
4663,Nevins St & Schermerhorn St,4437.09,40.687372476507193,-73.981760591268539,71,"KEY, CREDITCARD",28,false,27,1,0,0,true,true,true,false,2023-01-26 18:50:42 UTC,4663,Nevins St & Schermerhorn St,40.687372476507193,-73.981760591268539,71,"KEY, CREDITCARD",27,1
3093,N 6 St & Bedford Ave,5379.10,40.71745169,-73.95850939,71,"KEY, CREDITCARD",28,false,25,1,1,0,true,true,true,false,2023-01-26 19:25:59 UTC,3093,N 6 St & Bedford Ave,40.71745169,-73.95850939,71,"KEY, CREDITCARD",25,1
3620,11 St & 43 Ave,6438.04,40.7519071,-73.9479119,71,"KEY, CREDITCARD",28,false,26,1,1,0,true,true,true,false,2023-01-26 16:55:09 UTC,3620,11 St & 43 Ave,40.7519071,-73.9479119,71,"KEY, CREDITCARD",26,1
4215,Hudson St & W 13 St,6115.06,40.740057085672852,-74.0052741765976,71,"KEY, CREDITCARD",28,false,22,2,3,0,true,true,true,false,2023-01-26 19:25:14 UTC,4215,Hudson St & W 13 St,40.740057085672852,-74.0052741765976,71,"KEY, CREDITCARD",22,2
3335,Union St & 4 Ave,4175.15,40.6772744,-73.98282002,71,"KEY, CREDITCARD",28,false,17,3,8,0,true,true,true,false,2023-01-26 19:21:56 UTC,3335,Union St & 4 Ave,40.6772744,-73.98282002,71,"KEY, CREDITCARD",17,3
bd6f422b-d7ae-4d7e-9261-653fdd8e6888,12 St & Sinatra Dr N,HB201,40.750604142368957,-74.024020135402679,311,"KEY, CREDITCARD",28,false,10,1,17,0,true,true,true,false,2023-01-26 19:32:32 UTC,bd6f422b-d7ae-4d7e-9261-653fdd8e6888,12 St & Sinatra Dr N,40.750604142368957,-74.024020135402679,311,"KEY, CREDITCARD",10,1
4341,Market St & Henry St,5270.09,40.713107023059081,-73.994463533163071,71,"KEY, CREDITCARD",28,false,8,0,20,0,true,true,true,false,2023-01-26 19:29:40 UTC,4341,Market St & Henry St,40.713107023059081,-73.994463533163071,71,"KEY, CREDITCARD",8,0
270,Adelphi St & Myrtle Ave,4620.02,40.69308257,-73.97178913,71,"KEY, CREDITCARD",28,false,3,2,23,0,true,true,true,false,2023-01-26 19:23:33 UTC,270,Adelphi St & Myrtle Ave,40.69308257,-73.97178913,71,"KEY, CREDITCARD",3,2
3378,E 76 St & Park Ave,7128.08,40.773763,-73.96222088,71,"KEY, CREDITCARD",28,false,4,0,24,0,true,true,true,false,2023-01-26 19:33:12 UTC,3378,E 76 St & Park Ave,40.773763,-73.96222088,71,"KEY, CREDITCARD",4,0
4639,Creston Ave & E 178 St,8379.07,40.850885,-73.906469,71,"KEY, CREDITCARD",28,false,2,2,24,0,true,true,true,false,2023-01-26 19:07:19 UTC,4639,Creston Ave & E 178 St,40.850885,-73.906469,71,"KEY, CREDITCARD",2,2
4306,35 St & 23 Ave,7047.07,40.773015082913822,-73.911190330982208,71,"KEY, CREDITCARD",28,false,1,1,25,0,true,true,true,false,2023-01-26 19:11:53 UTC,4306,35 St & 23 Ave,40.773015082913822,-73.911190330982208,71,"KEY, CREDITCARD",1,1
4393,55 St & 5 Ave,3050.03,40.642408,-74.013318,71,"KEY, CREDITCARD",28,false,2,1,25,0,true,true,true,false,2023-01-26 19:30:35 UTC,4393,55 St & 5 Ave,40.642408,-74.013318,71,"KEY, CREDITCARD",2,1
4434,W 190 St & St. Nicholas Ave,8453.14,40.854788,-73.929513,71,"KEY, CREDITCARD",28,false,2,0,25,0,true,true,true,false,2023-01-26 16:34:25 UTC,4434,W 190 St & St. Nicholas Ave,40.854788,-73.929513,71,"KEY, CREDITCARD",2,0
3582,Lincoln Pl & Classon Ave,3960.01,40.6721683,-73.9609,71,"KEY, CREDITCARD",28,false,0,0,26,0,true,true,true,false,2023-01-26 19:24:36 UTC,3582,Lincoln Pl & Classon Ave,40.6721683,-73.9609,71,"KEY, CREDITCARD",0,0
264,Maiden Ln & Pearl St,5065.10,40.70706456,-74.00731853,71,"KEY, CREDITCARD",29,false,28,1,0,0,true,true,true,false,2023-01-26 19:25:13 UTC,264,Maiden Ln & Pearl St,40.70706456,-74.00731853,71,"KEY, CREDITCARD",28,1
3664,North Moore St & Greenwich St,5470.12,40.720195214374648,-74.0103006362915,71,"KEY, CREDITCARD",29,false,9,0,0,29,true,true,true,false,2023-01-26 19:28:45 UTC,3664,North Moore St & Greenwich St,40.720195214374648,-74.0103006362915,71,"KEY, CREDITCARD",9,0
4376,Church Ave & McDonald Ave,3090.06,40.642809,-73.979239,71,"KEY, CREDITCARD",29,false,28,1,0,0,true,true,true,false,2023-01-26 13:29:10 UTC,4376,Church Ave & McDonald Ave,40.642809,-73.979239,71,"KEY, CREDITCARD",28,1
4979,30 St & 48 Ave,6076.02,40.7413272,-73.937999,71,"KEY, CREDITCARD",29,false,28,1,0,0,true,true,true,false,2023-01-26 14:04:35 UTC,4979,30 St & 48 Ave,40.7413272,-73.937999,71,"KEY, CREDITCARD",28,1
3087,Metropolitan Ave & Meeker Ave,5300.05,40.71413311,-73.95234386,71,"KEY, CREDITCARD",29,false,27,1,1,0,true,true,true,false,2023-01-26 19:28:08 UTC,3087,Metropolitan Ave & Meeker Ave,40.71413311,-73.95234386,71,"KEY, CREDITCARD",27,1
3502,Lexington Ave & E 111 St,7567.06,40.7954121,-73.9441232,71,"KEY, CREDITCARD",29,false,0,16,2,11,true,true,true,false,2023-01-26 19:29:18 UTC,3502,Lexington Ave & E 111 St,40.7954121,-73.9441232,71,"KEY, CREDITCARD",0,16
4290,20 Ave & 38 St,7196.04,40.777112,-73.902382,71,"KEY, CREDITCARD",29,false,25,1,3,0,true,true,true,false,2023-01-26 19:17:20 UTC,4290,20 Ave & 38 St,40.777112,-73.902382,71,"KEY, CREDITCARD",25,1
4591,Dock St & Front St,4903.09,40.702709,-73.99253,71,"KEY, CREDITCARD",29,false,25,0,3,0,true,true,true,false,2023-01-26 19:23:27 UTC,4591,Dock St & Front St,40.702709,-73.99253,71,"KEY, CREDITCARD",25,0
4436,Park Cir & East Dr,3344.02,40.651566,-73.972212,71,"KEY, CREDITCARD",29,false,20,4,5,0,true,true,true,false,2023-01-26 19:05:00 UTC,4436,Park Cir & East Dr,40.651566,-73.972212,71,"KEY, CREDITCARD",20,4
3069,Lorimer St & Broadway,4965.01,40.70411791,-73.94818595,71,"KEY, CREDITCARD",29,false,22,1,6,0,true,true,true,false,2023-01-26 19:02:06 UTC,3069,Lorimer St & Broadway,40.70411791,-73.94818595,71,"KEY, CREDITCARD",22,1
385,E 55 St & 2 Ave,6650.07,40.75797322,-73.96603308,71,"KEY, CREDITCARD",29,false,17,3,7,0,true,true,true,false,2023-01-26 19:28:04 UTC,385,E 55 St & 2 Ave,40.75797322,-73.96603308,71,"KEY, CREDITCARD",17,3
4076,E 150 St & Gerard Ave,7906.13,40.820089,-73.928947,71,"KEY, CREDITCARD",29,false,19,3,7,0,true,true,true,false,2023-01-26 18:55:51 UTC,4076,E 150 St & Gerard Ave,40.820089,-73.928947,71,"KEY, CREDITCARD",19,3
4447,Isham St & Broadway,8665.09,40.86788,-73.919685,71,"KEY, CREDITCARD",29,false,15,3,10,0,true,true,true,false,2023-01-26 19:06:34 UTC,4447,Isham St & Broadway,40.86788,-73.919685,71,"KEY, CREDITCARD",15,3
3254,Soissons Landing,4590.01,40.69231660719192,-74.014865756034851,71,"KEY, CREDITCARD",29,false,18,0,11,0,true,true,true,false,2023-01-26 17:31:00 UTC,3254,Soissons Landing,40.69231660719192,-74.014865756034851,71,"KEY, CREDITCARD",18,0
412,Forsyth St & Canal St,5270.07,40.7158155,-73.99422366,71,"KEY, CREDITCARD",29,false,9,1,17,0,true,true,true,false,2023-01-26 19:32:22 UTC,412,Forsyth St & Canal St,40.7158155,-73.99422366,71,"KEY, CREDITCARD",9,1
4331,48 St & 37 Ave,6435.02,40.751555,-73.915026,71,"KEY, CREDITCARD",29,false,8,3,18,0,true,true,true,false,2023-01-26 19:27:24 UTC,4331,48 St & 37 Ave,40.751555,-73.915026,71,"KEY, CREDITCARD",8,3
3837,Broadway & Kosciuszko St,4608.01,40.69329,-73.92852,71,"KEY, CREDITCARD",29,false,7,1,19,0,true,true,true,false,2023-01-26 19:19:50 UTC,3837,Broadway & Kosciuszko St,40.69329,-73.92852,71,"KEY, CREDITCARD",7,1
480,W 53 St & 10 Ave,6890.01,40.76669671,-73.99061728,71,"KEY, CREDITCARD",29,false,4,3,21,0,true,true,true,false,2023-01-26 19:29:05 UTC,480,W 53 St & 10 Ave,40.76669671,-73.99061728,71,"KEY, CREDITCARD",4,3
3998,W 135 St & Lenox Terrace Pl,7832.04,40.813619,-73.939336,71,"KEY, CREDITCARD",29,false,5,2,21,0,true,true,true,false,2023-01-26 19:27:06 UTC,3998,W 135 St & Lenox Terrace Pl,40.813619,-73.939336,71,"KEY, CREDITCARD",5,2
3569,Franklin Ave & St Marks Ave,4107.05,40.6758324,-73.9561677,71,"KEY, CREDITCARD",29,false,1,5,22,0,true,true,true,false,2023-01-26 19:32:53 UTC,3569,Franklin Ave & St Marks Ave,40.6758324,-73.9561677,71,"KEY, CREDITCARD",1,5
3825,Broadway & Furman Ave,4244.06,40.68139,-73.90756,71,"KEY, CREDITCARD",29,false,7,0,22,0,true,true,true,false,2023-01-26 12:01:16 UTC,3825,Broadway & Furman Ave,40.68139,-73.90756,71,"KEY, CREDITCARD",7,0
4496,Jerome Ave & W 177 St,8362.09,40.850121,-73.910765,71,"KEY, CREDITCARD",29,false,4,1,22,0,true,true,true,false,2023-01-26 09:12:29 UTC,4496,Jerome Ave & W 177 St,40.850121,-73.910765,71,"KEY, CREDITCARD",4,1
4501,Walton Ave & E 183 St,8514.05,40.858472,-73.90266,71,"KEY, CREDITCARD",29,false,1,3,22,0,true,true,true,false,2023-01-26 18:59:15 UTC,4501,Walton Ave & E 183 St,40.858472,-73.90266,71,"KEY, CREDITCARD",1,3
512,W 29 St & 9 Ave,6416.06,40.7500727,-73.99839279,71,"KEY, CREDITCARD",29,false,2,2,24,0,true,true,true,false,2023-01-26 19:25:04 UTC,512,W 29 St & 9 Ave,40.7500727,-73.99839279,71,"KEY, CREDITCARD",2,2
3346,Berkeley Pl & 7 Ave,4051.01,40.675146838709786,-73.975232094526291,71,"KEY, CREDITCARD",29,false,1,2,24,0,true,true,true,false,2023-01-26 19:26:54 UTC,3346,Berkeley Pl & 7 Ave,40.675146838709786,-73.975232094526291,71,"KEY, CREDITCARD",1,2
3369,E 82 St & East End Ave,7049.04,40.7724607,-73.9468208,71,"KEY, CREDITCARD",29,false,1,1,24,0,true,true,true,false,2023-01-26 19:02:06 UTC,3369,E 82 St & East End Ave,40.7724607,-73.9468208,71,"KEY, CREDITCARD",1,1
4329,35 St & 30 Ave,6887.03,40.765475692449527,-73.918115794658661,71,"KEY, CREDITCARD",29,false,3,2,24,0,true,true,true,false,2023-01-26 19:11:23 UTC,4329,35 St & 30 Ave,40.765475692449527,-73.918115794658661,71,"KEY, CREDITCARD",3,2
3501,E 118 St & Madison Ave,7640.04,40.8014866,-73.9442507,71,"KEY, CREDITCARD",29,false,0,1,25,0,true,true,true,false,2023-01-26 18:01:04 UTC,3501,E 118 St & Madison Ave,40.8014866,-73.9442507,71,"KEY, CREDITCARD",0,1
3506,Lexington Ave & E 120 St,7652.04,40.8013066,-73.9398167,71,"KEY, CREDITCARD",29,false,1,2,25,0,true,true,true,false,2023-01-26 18:27:47 UTC,3506,Lexington Ave & E 120 St,40.8013066,-73.9398167,71,"KEY, CREDITCARD",1,2
3563,28 St & 36 Ave,6614.01,40.757186,-73.932719,71,"KEY, CREDITCARD",29,false,2,0,25,0,true,true,true,false,2023-01-26 19:20:44 UTC,3563,28 St & 36 Ave,40.757186,-73.932719,71,"KEY, CREDITCARD",2,0
3313,6 Ave & 12 St,3803.05,40.6663181,-73.9854617,71,"KEY, CREDITCARD",29,false,1,2,26,0,true,true,true,false,2023-01-26 18:34:23 UTC,3313,6 Ave & 12 St,40.6663181,-73.9854617,71,"KEY, CREDITCARD",1,2
3537,Carlton Ave & Dean St,4199.12,40.6809741,-73.9710097,71,"KEY, CREDITCARD",29,false,3,0,26,0,true,true,true,false,2023-01-26 19:31:44 UTC,3537,Carlton Ave & Dean St,40.6809741,-73.9710097,71,"KEY, CREDITCARD",3,0
3542,Amsterdam Ave & W 119 St,7727.07,40.8086249,-73.9596214,71,"KEY, CREDITCARD",29,false,0,1,26,0,true,true,true,false,2023-01-26 19:23:46 UTC,3542,Amsterdam Ave & W 119 St,40.8086249,-73.9596214,71,"KEY, CREDITCARD",0,1
3243,E 58 St & 1 Ave (NE Corner),6682.03,40.75892386377695,-73.962262272834778,71,"KEY, CREDITCARD",29,false,1,0,27,0,true,true,true,false,2023-01-26 19:22:57 UTC,3243,E 58 St & 1 Ave (NE Corner),40.75892386377695,-73.962262272834778,71,"KEY, CREDITCARD",1,0
3836,Bushwick Ave & Linden St,4600.09,40.69146,-73.92146,71,"KEY, CREDITCARD",29,false,1,1,27,0,true,true,true,false,2023-01-26 19:22:19 UTC,3836,Bushwick Ave & Linden St,40.69146,-73.92146,71,"KEY, CREDITCARD",1,1
3839,Putnam Ave & Knickerbocker Ave,4663.06,40.69545,-73.91164,71,"KEY, CREDITCARD",29,false,2,0,27,0,true,false,false,false,2023-01-26 01:25:01 UTC,3839,Putnam Ave & Knickerbocker Ave,40.69545,-73.91164,71,"KEY, CREDITCARD",2,0
3867,Somers St & Broadway,4203.04,40.67945,-73.90474,71,"KEY, CREDITCARD",29,false,2,0,27,0,true,true,true,false,2023-01-26 09:25:39 UTC,3867,Somers St & Broadway,40.67945,-73.90474,71,"KEY, CREDITCARD",2,0
3081,Graham Ave & Grand St,5178.06,40.711863,-73.944024,71,"KEY, CREDITCARD",29,false,1,0,28,0,true,true,true,false,2023-01-26 19:27:05 UTC,3081,Graham Ave & Grand St,40.711863,-73.944024,71,"KEY, CREDITCARD",1,0
3842,Bushwick Ave & Dekalb Ave,4680.05,40.69502,-73.92825,71,"KEY, CREDITCARD",29,false,1,0,28,0,true,true,true,false,2023-01-26 18:39:38 UTC,3842,Bushwick Ave & Dekalb Ave,40.69502,-73.92825,71,"KEY, CREDITCARD",1,0
3423,West Drive & Prospect Park West,3651.04,40.6610633719006,-73.979452550411224,71,"KEY, CREDITCARD",29,false,0,0,29,0,true,true,true,false,2023-01-26 18:51:11 UTC,3423,West Drive & Prospect Park West,40.6610633719006,-73.979452550411224,71,"KEY, CREDITCARD",0,0
3977,Prospect Ave & Longwood Ave,7870.02,40.81899,-73.90202,71,"KEY, CREDITCARD",29,false,0,0,29,0,true,true,true,false,2023-01-26 08:31:52 UTC,3977,Prospect Ave & Longwood Ave,40.81899,-73.90202,71,"KEY, CREDITCARD",0,0
3771,McKibbin St & Bogart St,5059.02,40.706237,-73.933871,71,"KEY, CREDITCARD",30,false,29,1,0,0,true,true,true,false,2023-01-26 19:14:13 UTC,3771,McKibbin St & Bogart St,40.706237,-73.933871,71,"KEY, CREDITCARD",29,1
4194,Plaza Dr & W 170 St,8213.01,40.840484,-73.917946,71,"KEY, CREDITCARD",30,false,28,0,0,0,true,true,true,false,2023-01-26 18:34:38 UTC,4194,Plaza Dr & W 170 St,40.840484,-73.917946,71,"KEY, CREDITCARD",28,0
4195,E 167 St & Clay Ave,8088.01,40.83094,-73.91125,71,"KEY, CREDITCARD",30,false,27,2,0,0,true,true,true,false,2023-01-26 08:31:54 UTC,4195,E 167 St & Clay Ave,40.83094,-73.91125,71,"KEY, CREDITCARD",27,2
4409,36 St & 4 Ave,3420.01,40.654144,-74.00422,71,"KEY, CREDITCARD",30,false,26,3,0,0,true,true,true,false,2023-01-26 19:04:08 UTC,4409,36 St & 4 Ave,40.654144,-74.00422,71,"KEY, CREDITCARD",26,3
2de92329-48d0-4cf7-85df-172f91bbb320,Harborside,JC104,40.7192517,-74.034234,70,"KEY, CREDITCARD",30,false,28,1,1,0,true,true,true,false,2023-01-26 19:33:14 UTC,2de92329-48d0-4cf7-85df-172f91bbb320,Harborside,40.7192517,-74.034234,70,"KEY, CREDITCARD",28,1
0bb12c94-efdb-40ac-98fe-9521ba373b57,South Waterfront Walkway - Sinatra Dr & 1 St,HB103,40.736982218187158,-74.027780592441559,311,"KEY, CREDITCARD",30,false,29,0,1,0,true,true,true,false,2023-01-26 19:32:37 UTC,0bb12c94-efdb-40ac-98fe-9521ba373b57,South Waterfront Walkway - Sinatra Dr & 1 St,40.736982218187158,-74.027780592441559,311,"KEY, CREDITCARD",29,0
4359,Parade Pl & Crooke Ave,3376.02,40.651847,-73.965248,71,"KEY, CREDITCARD",30,false,27,1,1,0,true,true,true,false,2023-01-26 19:33:03 UTC,4359,Parade Pl & Crooke Ave,40.651847,-73.965248,71,"KEY, CREDITCARD",27,1
4361,Caton Ave & E 10 St,3230.01,40.648481,-73.97058,71,"KEY, CREDITCARD",30,false,28,0,2,0,true,true,true,false,2023-01-26 18:45:33 UTC,4361,Caton Ave & E 10 St,40.648481,-73.97058,71,"KEY, CREDITCARD",28,0
4363,E 8 St & Caton Ave,3272.01,40.648055,-73.972432,71,"KEY, CREDITCARD",30,false,28,0,2,0,true,true,true,false,2023-01-26 17:52:42 UTC,4363,E 8 St & Caton Ave,40.648055,-73.972432,71,"KEY, CREDITCARD",28,0
4380,5 Ave & 37 St,3379.03,40.652657,-74.002356,71,"KEY, CREDITCARD",30,false,27,1,2,0,true,true,true,false,2023-01-26 08:52:12 UTC,4380,5 Ave & 37 St,40.652657,-74.002356,71,"KEY, CREDITCARD",27,1
4412,53 St & 2 Ave,3211.06,40.64744,-74.018846,71,"KEY, CREDITCARD",30,false,26,2,2,0,true,true,true,false,2023-01-26 15:38:08 UTC,4412,53 St & 2 Ave,40.64744,-74.018846,71,"KEY, CREDITCARD",26,2
4416,36 St & 3 Ave,3460.02,40.655716,-74.006664,71,"KEY, CREDITCARD",30,false,27,1,2,0,true,true,true,false,2023-01-26 19:28:15 UTC,4416,36 St & 3 Ave,40.655716,-74.006664,71,"KEY, CREDITCARD",27,1
4429,Prospect Park SW & Greenwood Ave,3385.06,40.652563,-73.972573,71,"KEY, CREDITCARD",30,false,25,2,3,0,true,true,true,false,2023-01-26 18:08:24 UTC,4429,Prospect Park SW & Greenwood Ave,40.652563,-73.972573,71,"KEY, CREDITCARD",25,2
4684,Railroad Ave & Kay Ave,4990.02,40.70514807698391,-73.970780968666077,71,"KEY, CREDITCARD",30,false,27,0,3,0,true,true,true,false,2023-01-26 19:15:46 UTC,4684,Railroad Ave & Kay Ave,40.70514807698391,-73.970780968666077,71,"KEY, CREDITCARD",27,0
3086,Graham Ave & Conselyea St,5291.05,40.715143,-73.944507,71,"KEY, CREDITCARD",30,false,22,0,8,0,true,true,true,false,2023-01-26 19:09:38 UTC,3086,Graham Ave & Conselyea St,40.715143,-73.944507,71,"KEY, CREDITCARD",22,0
3823,Beaver St & Fayette St,4840.06,40.70099,-73.93921,71,"KEY, CREDITCARD",30,false,20,1,8,0,true,true,true,false,2023-01-26 19:18:25 UTC,3823,Beaver St & Fayette St,40.70099,-73.93921,71,"KEY, CREDITCARD",20,1
4808,61 St & 39 Ave,6307.07,40.7471,-73.9028,71,"KEY, CREDITCARD",30,false,18,3,8,0,true,true,true,false,2023-01-26 19:09:13 UTC,4808,61 St & 39 Ave,40.7471,-73.9028,71,"KEY, CREDITCARD",18,3
3900,Morgan Ave & Lombardy St,5503.01,40.72226,-73.93889,71,"KEY, CREDITCARD",30,false,20,1,9,0,true,true,true,false,2023-01-26 19:28:40 UTC,3900,Morgan Ave & Lombardy St,40.72226,-73.93889,71,"KEY, CREDITCARD",20,1
4814,65 St & Roosevelt Ave,6267.08,40.74589,-73.89915,71,"KEY, CREDITCARD",30,false,18,1,11,0,true,true,true,false,2023-01-26 09:32:52 UTC,4814,65 St & Roosevelt Ave,40.74589,-73.89915,71,"KEY, CREDITCARD",18,1
4960,7 Ave & 62 St,2821.05,40.63556,-74.01298,71,"KEY, CREDITCARD",30,false,17,2,11,0,true,true,true,false,2023-01-26 19:11:47 UTC,4960,7 Ave & 62 St,40.63556,-74.01298,71,"KEY, CREDITCARD",17,2
3699,W 50 St & 9 Ave,6854.05,40.763604677958632,-73.989179581403732,71,"KEY, CREDITCARD",30,false,6,2,21,0,true,true,true,false,2023-01-26 19:30:19 UTC,3699,W 50 St & 9 Ave,40.763604677958632,-73.989179581403732,71,"KEY, CREDITCARD",6,2
3994,2 Ave & E 125 St,7648.16,40.802554,-73.933509,71,"KEY, CREDITCARD",30,false,6,1,21,1,true,true,true,false,2023-01-26 19:31:05 UTC,3994,2 Ave & E 125 St,40.802554,-73.933509,71,"KEY, CREDITCARD",6,1
4384,53 St & 5 Ave,3129.08,40.643371,-74.011884,71,"KEY, CREDITCARD",30,false,9,0,21,0,true,true,true,false,2023-01-26 14:07:01 UTC,4384,53 St & 5 Ave,40.643371,-74.011884,71,"KEY, CREDITCARD",9,0
4342,16th St & 4th Ave,3811.05,40.666197,-73.992466,71,"KEY, CREDITCARD",30,false,8,0,22,0,true,true,true,false,2023-01-26 19:24:16 UTC,4342,16th St & 4th Ave,40.666197,-73.992466,71,"KEY, CREDITCARD",8,0
4373,5 Ave & 41 St,3306.03,40.649983,-74.005144,71,"KEY, CREDITCARD",30,false,3,3,24,0,true,true,true,false,2023-01-26 18:36:01 UTC,4373,5 Ave & 41 St,40.649983,-74.005144,71,"KEY, CREDITCARD",3,3
3871,Bushwick Ave & Furman Ave,4317.05,40.68281,-73.90623,71,"KEY, CREDITCARD",30,false,4,0,25,0,true,true,true,false,2023-01-26 15:16:07 UTC,3871,Bushwick Ave & Furman Ave,40.68281,-73.90623,71,"KEY, CREDITCARD",4,0
3368,5 Ave & 3 St,3987.06,40.6728155,-73.98352355,71,"KEY, CREDITCARD",30,false,2,2,26,0,true,true,true,false,2023-01-26 19:19:41 UTC,3368,5 Ave & 3 St,40.6728155,-73.98352355,71,"KEY, CREDITCARD",2,2
3580,St Johns Pl & Washington Ave,4001.09,40.6737236,-73.9631611,71,"KEY, CREDITCARD",30,false,2,2,26,0,true,true,true,false,2023-01-26 19:31:41 UTC,3580,St Johns Pl & Washington Ave,40.6737236,-73.9631611,71,"KEY, CREDITCARD",2,2
3649,W 129 St & Convent Ave,7818.17,40.814394437915816,-73.953247368335724,71,"KEY, CREDITCARD",30,false,1,1,26,0,true,true,true,false,2023-01-26 17:40:10 UTC,3649,W 129 St & Convent Ave,40.814394437915816,-73.953247368335724,71,"KEY, CREDITCARD",1,1
4007,Riverside Dr & W 138 St,7942.21,40.823168,-73.955857,71,"KEY, CREDITCARD",30,false,1,1,26,0,true,true,true,false,2023-01-26 18:26:56 UTC,4007,Riverside Dr & W 138 St,40.823168,-73.955857,71,"KEY, CREDITCARD",1,1
4068,Fort Washington Ave & W 183 St,8399.06,40.852252,-73.937854,71,"KEY, CREDITCARD",30,false,0,1,26,0,true,true,true,false,2023-01-26 12:42:19 UTC,4068,Fort Washington Ave & W 183 St,40.852252,-73.937854,71,"KEY, CREDITCARD",0,1
4082,Gerard Ave & McClellan St,8145.03,40.833909,-73.92112,71,"KEY, CREDITCARD",30,false,4,0,26,0,true,true,true,false,2023-01-26 13:11:17 UTC,4082,Gerard Ave & McClellan St,40.833909,-73.92112,71,"KEY, CREDITCARD",4,0
4096,Grand Concourse & E 167 St,8126.07,40.834263,-73.917641,71,"KEY, CREDITCARD",30,false,4,0,26,0,true,true,true,false,2023-01-26 18:55:08 UTC,4096,Grand Concourse & E 167 St,40.834263,-73.917641,71,"KEY, CREDITCARD",4,0
4853,67 Ave & Fresh Pond Rd,5057.07,40.70575,-73.89676,71,"KEY, CREDITCARD",30,false,3,1,26,0,true,true,true,false,2023-01-26 19:08:48 UTC,4853,67 Ave & Fresh Pond Rd,40.70575,-73.89676,71,"KEY, CREDITCARD",3,1
4968,Eastern Pkwy & Kingston Ave,3902.06,40.66959,-73.94237,71,"KEY, CREDITCARD",30,false,4,0,26,0,true,true,true,false,2023-01-26 18:11:01 UTC,4968,Eastern Pkwy & Kingston Ave,40.66959,-73.94237,71,"KEY, CREDITCARD",4,0
3503,Madison Ave & E 120 St,7667.04,40.80295,-73.942954,71,"KEY, CREDITCARD",30,false,1,1,27,0,true,true,true,false,2023-01-26 19:01:27 UTC,3503,Madison Ave & E 120 St,40.80295,-73.942954,71,"KEY, CREDITCARD",1,1
3864,Central Ave & Covert St,4550.05,40.68929,-73.90951,71,"KEY, CREDITCARD",30,false,3,0,27,0,true,true,true,false,2023-01-26 18:22:43 UTC,3864,Central Ave & Covert St,40.68929,-73.90951,71,"KEY, CREDITCARD",3,0
4110,Avenue D & E 10 St,5575.13,40.725065510154749,-73.975158333778381,71,"KEY, CREDITCARD",30,false,1,2,27,0,true,true,true,false,2023-01-26 19:27:49 UTC,4110,Avenue D & E 10 St,40.725065510154749,-73.975158333778381,71,"KEY, CREDITCARD",1,2
4146,Garrison Ave & Manida St,7905.05,40.818743,-73.890247,71,"KEY, CREDITCARD",30,false,1,2,27,0,true,true,true,false,2023-01-26 19:16:21 UTC,4146,Garrison Ave & Manida St,40.818743,-73.890247,71,"KEY, CREDITCARD",1,2
4308,E 170 St & Sheridan Ave,8194.07,40.838315,-73.912604,71,"KEY, CREDITCARD",30,false,0,2,27,0,true,true,true,false,2023-01-26 12:38:37 UTC,4308,E 170 St & Sheridan Ave,40.838315,-73.912604,71,"KEY, CREDITCARD",0,2
3781,Greene Av & Myrtle Av,4784.02,40.698568,-73.918877,71,"KEY, CREDITCARD",30,false,0,1,28,0,true,true,true,false,2023-01-26 18:26:58 UTC,3781,Greene Av & Myrtle Av,40.698568,-73.918877,71,"KEY, CREDITCARD",0,1
3944,Convent Ave & W 135 St,7860.08,40.818215,-73.950988,71,"KEY, CREDITCARD",30,false,0,1,28,0,true,true,true,false,2023-01-26 19:14:38 UTC,3944,Convent Ave & W 135 St,40.818215,-73.950988,71,"KEY, CREDITCARD",0,1
3967,W 146 St & Broadway,8018.09,40.826969,-73.949738,71,"KEY, CREDITCARD",30,false,0,0,28,0,true,true,true,false,2023-01-26 18:29:56 UTC,3967,W 146 St & Broadway,40.826969,-73.949738,71,"KEY, CREDITCARD",0,0
4304,34th Ave & Vernon Blvd,6873.01,40.765353803858659,-73.93986314535141,71,"KEY, CREDITCARD",30,false,2,0,28,0,true,true,true,false,2023-01-26 19:13:01 UTC,4304,34th Ave & Vernon Blvd,40.765353803858659,-73.93986314535141,71,"KEY, CREDITCARD",2,0
4484,59 St & 5 Ave,2961.05,40.640125,-74.015726,71,"KEY, CREDITCARD",30,false,1,0,28,0,true,true,true,false,2023-01-26 19:25:42 UTC,4484,59 St & 5 Ave,40.640125,-74.015726,71,"KEY, CREDITCARD",1,0
4657,Flatbush Ave & Eastern Pkwy,3856.03,40.668757,-73.966438,71,"KEY, CREDITCARD",30,false,0,1,28,0,true,true,true,false,2023-01-26 17:33:41 UTC,4657,Flatbush Ave & Eastern Pkwy,40.668757,-73.966438,71,"KEY, CREDITCARD",0,1
266,Ave D & E 8 St,5506.10,40.72368361,-73.97574813,71,"KEY, CREDITCARD",30,false,0,1,29,0,true,true,true,false,2023-01-26 19:32:40 UTC,266,Ave D & E 8 St,40.72368361,-73.97574813,71,"KEY, CREDITCARD",0,1
3309,E 97 St & 3 Ave,7365.08,40.7859201,-73.94860294,71,"KEY, CREDITCARD",30,false,0,1,29,0,true,true,true,false,2023-01-26 17:47:08 UTC,3309,E 97 St & 3 Ave,40.7859201,-73.94860294,71,"KEY, CREDITCARD",0,1
4428,Prospect Park SW & 10 Ave,3611.02,40.659945,-73.977504,71,"KEY, CREDITCARD",30,false,0,0,30,0,true,true,true,false,2023-01-26 19:24:48 UTC,4428,Prospect Park SW & 10 Ave,40.659945,-73.977504,71,"KEY, CREDITCARD",0,0
539,Metropolitan Ave & Bedford Ave,5308.04,40.71534825,-73.96024116,71,"KEY, CREDITCARD",31,false,28,3,0,0,true,true,true,false,2023-01-26 19:25:40 UTC,539,Metropolitan Ave & Bedford Ave,40.71534825,-73.96024116,71,"KEY, CREDITCARD",28,3
3109,Banker St & Meserole Ave,5633.04,40.72606,-73.95621,71,"KEY, CREDITCARD",31,false,30,1,0,0,true,true,true,false,2023-01-26 18:54:02 UTC,3109,Banker St & Meserole Ave,40.72606,-73.95621,71,"KEY, CREDITCARD",30,1
3715,Driggs Ave & N 9 St,5411.08,40.718169694542077,-73.955201357603073,71,"KEY, CREDITCARD",31,false,29,2,0,0,true,true,true,false,2023-01-26 19:21:43 UTC,3715,Driggs Ave & N 9 St,40.718169694542077,-73.955201357603073,71,"KEY, CREDITCARD",29,2
4415,2 Av & 37 St,3460.04,40.656326,-74.009627,71,"KEY, CREDITCARD",31,false,30,1,0,0,true,true,true,false,2023-01-26 08:52:12 UTC,4415,2 Av & 37 St,40.656326,-74.009627,71,"KEY, CREDITCARD",30,1
4514,President St & 4 Ave,4101.17,40.676757,-73.983262,71,"KEY, CREDITCARD",31,false,28,1,0,0,true,true,true,false,2023-01-26 19:19:05 UTC,4514,President St & 4 Ave,40.676757,-73.983262,71,"KEY, CREDITCARD",28,1
4748,South St & Broad St,4920.13,40.701888589133659,-74.010898768901825,71,"KEY, CREDITCARD",31,false,28,3,0,0,true,true,true,false,2023-01-26 18:19:20 UTC,4748,South St & Broad St,40.701888589133659,-74.010898768901825,71,"KEY, CREDITCARD",28,3
471,Grand St & Havemeyer St,5267.08,40.71286844,-73.95698119,71,"KEY, CREDITCARD",31,false,30,0,1,0,true,true,true,false,2023-01-26 19:31:58 UTC,471,Grand St & Havemeyer St,40.71286844,-73.95698119,71,"KEY, CREDITCARD",30,0
4548,58 St & Pier 4,3220.01,40.646475,-74.026081,71,"KEY, CREDITCARD",31,false,29,1,1,0,true,true,true,false,2023-01-26 19:25:31 UTC,4548,58 St & Pier 4,40.646475,-74.026081,71,"KEY, CREDITCARD",29,1
3611,Vernon Blvd & 47 Rd,6212.08,40.7449067,-73.9534573,71,"KEY, CREDITCARD",31,false,28,1,2,0,true,true,true,false,2023-01-26 19:30:51 UTC,3611,Vernon Blvd & 47 Rd,40.7449067,-73.9534573,71,"KEY, CREDITCARD",28,1
3738,Delancey St & Eldridge St,5414.07,40.719383,-73.991479,71,"KEY, CREDITCARD",31,false,28,1,2,0,true,true,true,false,2023-01-26 19:03:37 UTC,3738,Delancey St & Eldridge St,40.719383,-73.991479,71,"KEY, CREDITCARD",28,1
238,Bank St & Washington St,5964.01,40.7361967,-74.00859207,71,"KEY, CREDITCARD",31,false,24,3,3,1,true,true,true,false,2023-01-26 19:32:07 UTC,238,Bank St & Washington St,40.7361967,-74.00859207,71,"KEY, CREDITCARD",24,3
3917,Willoughby St & Ashland Pl,4587.02,40.69178,-73.97877,71,"KEY, CREDITCARD",31,false,28,0,3,0,true,true,true,false,2023-01-26 19:01:24 UTC,3917,Willoughby St & Ashland Pl,40.69178,-73.97877,71,"KEY, CREDITCARD",28,0
4545,Tiebout Ave & E Fordham Road,8546.06,40.861915,-73.894831,71,"KEY, CREDITCARD",31,false,22,2,3,0,true,true,true,false,2023-01-26 19:23:48 UTC,4545,Tiebout Ave & E Fordham Road,40.861915,-73.894831,71,"KEY, CREDITCARD",22,2
3782,Brooklyn Bridge Park - Pier 2,4756.04,40.698458,-73.997178,71,"KEY, CREDITCARD",31,false,24,2,5,0,true,true,true,false,2023-01-26 19:13:16 UTC,3782,Brooklyn Bridge Park - Pier 2,40.698458,-73.997178,71,"KEY, CREDITCARD",24,2
4281,Morton St & Washington St,5772.05,40.73115,-74.00887,71,"KEY, CREDITCARD",31,false,26,0,5,0,true,true,true,false,2023-01-26 19:30:15 UTC,4281,Morton St & Washington St,40.73115,-74.00887,71,"KEY, CREDITCARD",26,0
4643,E 39 St & 2 Ave,6345.08,40.748033194287672,-73.973827958107,71,"KEY, CREDITCARD",31,false,17,2,11,0,true,false,false,false,2023-01-26 19:31:24 UTC,4643,E 39 St & 2 Ave,40.748033194287672,-73.973827958107,71,"KEY, CREDITCARD",17,2
3065,Union Ave & Wallabout St,4818.03,40.70029511,-73.95032283,71,"KEY, CREDITCARD",31,false,16,3,12,0,true,true,true,false,2023-01-26 19:19:26 UTC,3065,Union Ave & Wallabout St,40.70029511,-73.95032283,71,"KEY, CREDITCARD",16,3
4078,Concourse Village East & E 158 St,8000.02,40.823732,-73.919379,71,"KEY, CREDITCARD",31,false,15,3,12,0,true,true,true,false,2023-01-26 17:50:49 UTC,4078,Concourse Village East & E 158 St,40.823732,-73.919379,71,"KEY, CREDITCARD",15,3
4695,Orchard St & Grand St,5343.11,40.717318403855785,-73.99067759513855,71,"KEY, CREDITCARD",31,false,18,1,12,0,true,true,true,false,2023-01-26 19:15:27 UTC,4695,Orchard St & Grand St,40.717318403855785,-73.99067759513855,71,"KEY, CREDITCARD",18,1
3298,Warren St & Court St,4413.08,40.686371,-73.99383324,71,"KEY, CREDITCARD",31,false,14,0,17,0,true,true,true,false,2023-01-26 19:18:01 UTC,3298,Warren St & Court St,40.686371,-73.99383324,71,"KEY, CREDITCARD",14,0
3959,Edgecombe Ave & W 145 St,7976.08,40.823498,-73.94386,71,"KEY, CREDITCARD",31,false,2,6,19,0,true,true,true,false,2023-01-26 19:24:29 UTC,3959,Edgecombe Ave & W 145 St,40.823498,-73.94386,71,"KEY, CREDITCARD",2,6
479,9 Ave & W 45 St,6717.06,40.76019252,-73.9912551,71,"KEY, CREDITCARD",31,false,3,5,20,0,true,true,true,false,2023-01-26 19:32:12 UTC,479,9 Ave & W 45 St,40.76019252,-73.9912551,71,"KEY, CREDITCARD",3,5
411,E 6 St & Avenue D,5506.14,40.72228087,-73.97668709,71,"KEY, CREDITCARD",31,false,8,0,21,0,true,true,true,false,2023-01-26 19:29:52 UTC,411,E 6 St & Avenue D,40.72228087,-73.97668709,71,"KEY, CREDITCARD",8,0
3508,St Nicholas Ave & Manhattan Ave,7723.01,40.809725,-73.953149,71,"KEY, CREDITCARD",31,false,3,3,21,0,true,true,true,false,2023-01-26 19:31:40 UTC,3508,St Nicholas Ave & Manhattan Ave,40.809725,-73.953149,71,"KEY, CREDITCARD",3,3
3628,Lenox Ave & W 117 St,7655.22,40.8025566,-73.9490782,71,"KEY, CREDITCARD",31,false,7,2,21,0,true,true,true,false,2023-01-26 19:31:34 UTC,3628,Lenox Ave & W 117 St,40.8025566,-73.9490782,71,"KEY, CREDITCARD",7,2
4015,W 155 St & Frederick Douglass Blvd,8065.13,40.82923,-73.936996,71,"KEY, CREDITCARD",31,false,9,1,21,0,true,true,true,false,2023-01-26 19:28:14 UTC,4015,W 155 St & Frederick Douglass Blvd,40.82923,-73.936996,71,"KEY, CREDITCARD",9,1
3403,4 Ave & 9 St,3955.05,40.6705135,-73.98876585,71,"KEY, CREDITCARD",31,false,8,1,22,0,true,true,true,false,2023-01-26 19:15:36 UTC,3403,4 Ave & 9 St,40.6705135,-73.98876585,71,"KEY, CREDITCARD",8,1
3570,35 Ave & 37 St,6563.12,40.7557327,-73.9236611,71,"KEY, CREDITCARD",31,false,8,0,22,0,true,true,true,false,2023-01-26 19:24:14 UTC,3570,35 Ave & 37 St,40.7557327,-73.9236611,71,"KEY, CREDITCARD",8,0
3963,Melrose Ave & E 150 St,7879.01,40.816827,-73.917338,71,"KEY, CREDITCARD",31,false,6,0,22,0,true,true,true,false,2023-01-26 18:36:24 UTC,3963,Melrose Ave & E 150 St,40.816827,-73.917338,71,"KEY, CREDITCARD",6,0
3516,31 St & Astoria Blvd,6989.07,40.7699176,-73.9184057,71,"KEY, CREDITCARD",31,false,7,1,23,0,true,true,true,false,2023-01-26 18:49:33 UTC,3516,31 St & Astoria Blvd,40.7699176,-73.9184057,71,"KEY, CREDITCARD",7,1
3589,Broadway & 12 St,6901.01,40.7668,-73.9347774,71,"KEY, CREDITCARD",31,false,6,1,23,0,true,true,true,false,2023-01-26 19:24:13 UTC,3589,Broadway & 12 St,40.7668,-73.9347774,71,"KEY, CREDITCARD",6,1
3148,E 84 St & 1 Ave,7180.02,40.77565541,-73.95068615,71,"KEY, CREDITCARD",31,false,4,2,24,0,true,true,true,false,2023-01-26 19:16:39 UTC,3148,E 84 St & 1 Ave,40.77565541,-73.95068615,71,"KEY, CREDITCARD",4,2
3158,W 63 St & Broadway,7052.01,40.77163851,-73.98261428,71,"KEY, CREDITCARD",31,false,3,3,24,0,true,true,true,false,2023-01-26 19:30:40 UTC,3158,W 63 St & Broadway,40.77163851,-73.98261428,71,"KEY, CREDITCARD",3,3
3500,E 115 St & Madison Ave,7599.02,40.7989445,-73.944846,71,"KEY, CREDITCARD",31,false,3,2,24,0,true,true,true,false,2023-01-26 18:11:02 UTC,3500,E 115 St & Madison Ave,40.7989445,-73.944846,71,"KEY, CREDITCARD",3,2
3137,5 Ave & E 72 St,7100.07,40.77282817,-73.96685276,71,"KEY, CREDITCARD",31,false,0,2,25,0,true,true,true,false,2023-01-26 19:15:43 UTC,3137,5 Ave & E 72 St,40.77282817,-73.96685276,71,"KEY, CREDITCARD",0,2
3159,W 67 St & Broadway,7116.04,40.77492513,-73.98266566,71,"KEY, CREDITCARD",31,false,0,4,25,0,true,true,true,false,2023-01-26 19:27:49 UTC,3159,W 67 St & Broadway,40.77492513,-73.98266566,71,"KEY, CREDITCARD",0,4
3338,2 Ave & E 99 St,7386.10,40.7862586,-73.94552579,71,"KEY, CREDITCARD",31,false,2,1,25,0,true,true,true,false,2023-01-26 19:32:15 UTC,3338,2 Ave & E 99 St,40.7862586,-73.94552579,71,"KEY, CREDITCARD",2,1
3509,Lenox Ave & W 115 St,7627.10,40.8011939,-73.9500739,71,"KEY, CREDITCARD",31,false,5,1,25,0,true,true,true,false,2023-01-26 19:29:10 UTC,3509,Lenox Ave & W 115 St,40.8011939,-73.9500739,71,"KEY, CREDITCARD",5,1
3789,Fulton St & Irving Pl,4263.12,40.68186,-73.959432,71,"KEY, CREDITCARD",31,false,5,0,25,0,true,true,true,false,2023-01-26 19:26:25 UTC,3789,Fulton St & Irving Pl,40.68186,-73.959432,71,"KEY, CREDITCARD",5,0
3493,E 118 St & 3 Ave,7611.02,40.799139,-73.9389152,71,"KEY, CREDITCARD",31,false,3,1,26,0,true,true,true,false,2023-01-26 19:22:33 UTC,3493,E 118 St & 3 Ave,40.799139,-73.9389152,71,"KEY, CREDITCARD",3,1
3510,Adam Clayton Powell Blvd & W 123 St,7704.04,40.8078316,-73.949373,71,"KEY, CREDITCARD",31,false,2,0,26,0,true,true,true,false,2023-01-26 18:42:02 UTC,3510,Adam Clayton Powell Blvd & W 123 St,40.8078316,-73.949373,71,"KEY, CREDITCARD",2,0
447,8 Ave & W 52 St,6816.07,40.76370739,-73.9851615,71,"KEY, CREDITCARD",31,false,0,4,27,0,true,true,true,false,2023-01-26 19:24:32 UTC,447,8 Ave & W 52 St,40.76370739,-73.9851615,71,"KEY, CREDITCARD",0,4
3325,E 95 St & 3 Ave,7365.13,40.7849032,-73.950503,71,"KEY, CREDITCARD",31,false,1,2,27,0,true,true,true,false,2023-01-26 19:22:19 UTC,3325,E 95 St & 3 Ave,40.7849032,-73.950503,71,"KEY, CREDITCARD",1,2
3583,Eastern Pkwy & Washington Ave,3928.08,40.6716493,-73.9631145,71,"KEY, CREDITCARD",31,false,1,3,27,0,true,true,true,false,2023-01-26 19:15:33 UTC,3583,Eastern Pkwy & Washington Ave,40.6716493,-73.9631145,71,"KEY, CREDITCARD",1,3
4188,Broadway & W 155 St,8123.02,40.83299,-73.94592,71,"KEY, CREDITCARD",31,false,2,1,27,0,true,true,true,false,2023-01-26 19:14:28 UTC,4188,Broadway & W 155 St,40.83299,-73.94592,71,"KEY, CREDITCARD",2,1
4059,W 171 St & St. Nicholas Ave,8262.07,40.842941,-73.938631,71,"KEY, CREDITCARD",31,false,0,0,28,0,true,true,true,false,2023-01-26 15:33:25 UTC,4059,W 171 St & St. Nicholas Ave,40.842941,-73.938631,71,"KEY, CREDITCARD",0,0
4264,48 St & Broadway,6629.06,40.755763,-73.912715,71,"KEY, CREDITCARD",31,false,2,1,28,0,true,true,true,false,2023-01-26 18:50:45 UTC,4264,48 St & Broadway,40.755763,-73.912715,71,"KEY, CREDITCARD",2,1
4486,Broadway & W 168 St,8226.06,40.840896031930413,-73.939720988273621,71,"KEY, CREDITCARD",31,false,0,1,28,0,true,true,true,false,2023-01-26 16:08:18 UTC,4486,Broadway & W 168 St,40.840896031930413,-73.939720988273621,71,"KEY, CREDITCARD",0,1
3307,West End Ave & W 94 St,7524.09,40.7941654,-73.974124,71,"KEY, CREDITCARD",31,false,0,0,29,0,true,true,true,false,2023-01-26 19:30:53 UTC,3307,West End Ave & W 94 St,40.7941654,-73.974124,71,"KEY, CREDITCARD",0,0
3637,Fulton St & Waverly Ave,4345.11,40.683238654603407,-73.965995907783508,71,"KEY, CREDITCARD",31,false,0,1,29,0,true,true,true,false,2023-01-26 19:28:41 UTC,3637,Fulton St & Waverly Ave,40.683238654603407,-73.965995907783508,71,"KEY, CREDITCARD",0,1
3366,West End Ave & W 107 St,7650.05,40.8021174,-73.9681805305,71,"KEY, CREDITCARD",31,false,0,1,30,0,true,true,true,false,2023-01-26 18:59:39 UTC,3366,West End Ave & W 107 St,40.8021174,-73.9681805305,71,"KEY, CREDITCARD",0,1
3490,E 116 St & 2 Ave,7563.06,40.796879,-73.937261,71,"KEY, CREDITCARD",31,false,0,1,30,0,true,true,true,false,2023-01-26 14:41:27 UTC,3490,E 116 St & 2 Ave,40.796879,-73.937261,71,"KEY, CREDITCARD",0,1
3354,3 St & Prospect Park West,3865.05,40.668132,-73.97363831,71,"KEY, CREDITCARD",31,false,0,0,31,0,true,true,true,false,2023-01-26 18:49:28 UTC,3354,3 St & Prospect Park West,40.668132,-73.97363831,71,"KEY, CREDITCARD",0,0
3890,Grove St & Broadway,4526.01,40.69047,-73.923511,71,"KEY, CREDITCARD",31,false,0,0,31,0,true,true,true,false,2023-01-26 19:19:40 UTC,3890,Grove St & Broadway,40.69047,-73.923511,71,"KEY, CREDITCARD",0,0
3906,West St & Liberty St,5184.08,40.711444,-74.014847,71,"KEY, CREDITCARD",32,false,28,2,0,0,true,true,true,false,2023-01-26 19:28:49 UTC,3906,West St & Liberty St,40.711444,-74.014847,71,"KEY, CREDITCARD",28,2
440,E 45 St & 3 Ave,6464.08,40.75255434,-73.97282625,71,"KEY, CREDITCARD",32,false,29,1,2,0,true,true,true,false,2023-01-26 19:26:53 UTC,440,E 45 St & 3 Ave,40.75255434,-73.97282625,71,"KEY, CREDITCARD",29,1
3348,Coffey St & Conover St,4137.10,40.677236,-74.015665,71,"KEY, CREDITCARD",32,false,27,1,3,0,true,true,true,false,2023-01-26 18:25:42 UTC,3348,Coffey St & Conover St,40.677236,-74.015665,71,"KEY, CREDITCARD",27,1
3402,Court St & State St,4488.08,40.6902375,-73.99203074,71,"KEY, CREDITCARD",32,false,24,1,7,0,true,true,true,false,2023-01-26 19:26:41 UTC,3402,Court St & State St,40.6902375,-73.99203074,71,"KEY, CREDITCARD",24,1
5faf99b8-9046-450f-9d2a-d13279b3d016,Hoboken Ave at Monmouth St,JC105,40.735208380453571,-74.046963751316071,70,"KEY, CREDITCARD",32,false,21,2,8,0,true,true,true,false,2023-01-26 19:33:01 UTC,5faf99b8-9046-450f-9d2a-d13279b3d016,Hoboken Ave at Monmouth St,40.735208380453571,-74.046963751316071,70,"KEY, CREDITCARD",21,2
4219,W 35 St & 9 Ave,6569.09,40.754145192635193,-73.9960889518261,71,"KEY, CREDITCARD",32,false,20,2,9,0,true,true,true,false,2023-01-26 19:30:01 UTC,4219,W 35 St & 9 Ave,40.754145192635193,-73.9960889518261,71,"KEY, CREDITCARD",20,2
4a48175b-c239-4d5e-b1b8-03eda4239678,14 St Ferry - 14 St & Shipyard Ln,HB202,40.752960630464962,-74.024352729320526,311,"KEY, CREDITCARD",32,false,17,1,13,0,true,true,true,false,2023-01-26 19:33:06 UTC,4a48175b-c239-4d5e-b1b8-03eda4239678,14 St Ferry - 14 St & Shipyard Ln,40.752960630464962,-74.024352729320526,311,"KEY, CREDITCARD",17,1
3083,Bushwick Ave & Powers St,5250.05,40.71247661,-73.94100005,71,"KEY, CREDITCARD",32,false,16,0,16,0,true,true,true,false,2023-01-26 19:07:51 UTC,3083,Bushwick Ave & Powers St,40.71247661,-73.94100005,71,"KEY, CREDITCARD",16,0
4568,Botanical Sq & Webster Ave,8646.02,40.86814,-73.88145,71,"KEY, CREDITCARD",32,false,13,2,17,0,true,true,true,false,2023-01-26 18:54:32 UTC,4568,Botanical Sq & Webster Ave,40.86814,-73.88145,71,"KEY, CREDITCARD",13,2
4303,Steinway St & Broadway,6711.13,40.759057954185863,-73.918975442647934,71,"KEY, CREDITCARD",32,false,10,1,19,0,true,true,true,false,2023-01-26 19:32:05 UTC,4303,Steinway St & Broadway,40.759057954185863,-73.918975442647934,71,"KEY, CREDITCARD",10,1
3866,Wilson Ave & Moffat St,4507.07,40.68906,-73.90506,71,"KEY, CREDITCARD",32,false,7,0,25,0,true,true,true,false,2023-01-26 18:39:16 UTC,3866,Wilson Ave & Moffat St,40.68906,-73.90506,71,"KEY, CREDITCARD",7,0
4509,Davidson Ave & W Burnside Ave,8441.05,40.853646,-73.908731,71,"KEY, CREDITCARD",32,false,3,0,28,0,true,true,true,false,2023-01-26 19:32:07 UTC,4509,Davidson Ave & W Burnside Ave,40.853646,-73.908731,71,"KEY, CREDITCARD",3,0
3848,Suydam St & Broadway,4689.03,40.69544,-73.93223,71,"KEY, CREDITCARD",32,false,1,1,30,0,true,true,true,false,2023-01-26 19:01:44 UTC,3848,Suydam St & Broadway,40.69544,-73.93223,71,"KEY, CREDITCARD",1,1
4607,Jerome Ave & W 195 St,8653.09,40.86874,-73.89657,71,"KEY, CREDITCARD",32,false,1,1,30,0,true,true,true,false,2023-01-26 19:00:57 UTC,4607,Jerome Ave & W 195 St,40.86874,-73.89657,71,"KEY, CREDITCARD",1,1
5024,Ave C & E 16 St,5769.06,40.729848303465289,-73.974552154541016,71,"KEY, CREDITCARD",32,false,1,1,30,0,true,true,true,false,2023-01-26 18:10:33 UTC,5024,Ave C & E 16 St,40.729848303465289,-73.974552154541016,71,"KEY, CREDITCARD",1,1
3289,W 90 St & Amsterdam Ave,7432.04,40.790179480950812,-73.972889184951782,71,"KEY, CREDITCARD",32,false,0,0,31,0,true,true,true,false,2023-01-26 18:45:42 UTC,3289,W 90 St & Amsterdam Ave,40.790179480950812,-73.972889184951782,71,"KEY, CREDITCARD",0,0
3314,W 95 St & Broadway,7541.01,40.7937704,-73.971888,71,"KEY, CREDITCARD",32,false,0,0,31,0,true,true,true,false,2023-01-26 19:09:05 UTC,3314,W 95 St & Broadway,40.7937704,-73.971888,71,"KEY, CREDITCARD",0,0
581211b2-4e42-48f2-8a8f-5f968cb1c5df,Bergen Ave & Sip Ave,JC109,40.73100888698729,-74.064437001943588,70,"KEY, CREDITCARD",33,false,31,2,0,0,true,true,true,false,2023-01-26 19:32:17 UTC,581211b2-4e42-48f2-8a8f-5f968cb1c5df,Bergen Ave & Sip Ave,40.73100888698729,-74.064437001943588,70,"KEY, CREDITCARD",31,2
79,Franklin St & W Broadway,5430.08,40.71911552,-74.00666661,71,"KEY, CREDITCARD",33,false,30,3,0,0,true,true,true,false,2023-01-26 19:12:25 UTC,79,Franklin St & W Broadway,40.71911552,-74.00666661,71,"KEY, CREDITCARD",30,3
252,MacDougal St & Washington Sq,5797.01,40.73226398,-73.99852205,71,"KEY, CREDITCARD",33,false,32,1,0,0,true,true,true,false,2023-01-26 19:10:16 UTC,252,MacDougal St & Washington Sq,40.73226398,-73.99852205,71,"KEY, CREDITCARD",32,1
3461,Murray St & Greenwich St,5288.12,40.714851505262523,-74.011223316192627,71,"KEY, CREDITCARD",33,false,31,2,0,0,true,true,true,false,2023-01-26 19:14:10 UTC,3461,Murray St & Greenwich St,40.714851505262523,-74.011223316192627,71,"KEY, CREDITCARD",31,2
3112,Milton St & Franklin St,5752.07,40.72906,-73.95779,71,"KEY, CREDITCARD",33,false,28,1,4,0,true,true,true,false,2023-01-26 19:27:00 UTC,3112,Milton St & Franklin St,40.72906,-73.95779,71,"KEY, CREDITCARD",28,1
3618,27 St & Hunter St,6310.06,40.7485,-73.941275,71,"KEY, CREDITCARD",33,false,27,2,4,0,true,true,true,false,2023-01-26 18:59:27 UTC,3618,27 St & Hunter St,40.7485,-73.941275,71,"KEY, CREDITCARD",27,2
151,Cleveland Pl & Spring St,5492.05,40.722103786686034,-73.997249007225037,71,"KEY, CREDITCARD",33,false,25,3,5,0,true,true,true,false,2023-01-26 19:28:44 UTC,151,Cleveland Pl & Spring St,40.722103786686034,-73.997249007225037,71,"KEY, CREDITCARD",25,3
4482,Warren St & Smith St,4371.01,40.685424009970177,-73.991277739405632,71,"KEY, CREDITCARD",33,false,28,0,5,0,true,true,true,false,2023-01-26 19:31:31 UTC,4482,Warren St & Smith St,40.685424009970177,-73.991277739405632,71,"KEY, CREDITCARD",28,0
3814,E 56 St & Madison Ave,6732.01,40.761573,-73.972628,71,"KEY, CREDITCARD",33,false,24,0,7,0,true,true,true,false,2023-01-26 19:31:37 UTC,3814,E 56 St & Madison Ave,40.761573,-73.972628,71,"KEY, CREDITCARD",24,0
4312,Shore Blvd & Astoria Park,7271.01,40.77977,-73.923162,71,"KEY, CREDITCARD",33,false,20,1,11,0,true,true,true,false,2023-01-26 19:05:14 UTC,4312,Shore Blvd & Astoria Park,40.77977,-73.923162,71,"KEY, CREDITCARD",20,1
4301,8 Ave & W 27 St,6297.07,40.747968,-73.996637,71,"KEY, CREDITCARD",33,false,13,0,17,0,true,true,true,false,2023-01-26 19:14:31 UTC,4301,8 Ave & W 27 St,40.747968,-73.996637,71,"KEY, CREDITCARD",13,0
3075,Division Ave & Marcy Ave,5084.03,40.70708701,-73.95796783,71,"KEY, CREDITCARD",33,false,14,1,18,0,true,true,true,false,2023-01-26 19:28:15 UTC,3075,Division Ave & Marcy Ave,40.70708701,-73.95796783,71,"KEY, CREDITCARD",14,1
3363,E 102 St & Park Ave,7488.24,40.7904828,-73.95033068,71,"KEY, CREDITCARD",33,false,14,0,18,0,true,true,true,false,2023-01-26 19:30:44 UTC,3363,E 102 St & Park Ave,40.7904828,-73.95033068,71,"KEY, CREDITCARD",14,0
3397,Court St & Nelson St,4077.07,40.6763947,-73.99869893,71,"KEY, CREDITCARD",33,false,10,0,21,0,true,true,true,false,2023-01-26 18:44:48 UTC,3397,Court St & Nelson St,40.6763947,-73.99869893,71,"KEY, CREDITCARD",10,0
3505,Lexington Ave & E 127 St,7662.13,40.805726,-73.936322,71,"KEY, CREDITCARD",33,false,12,0,21,0,true,true,true,false,2023-01-26 19:04:02 UTC,3505,Lexington Ave & E 127 St,40.805726,-73.936322,71,"KEY, CREDITCARD",12,0
4785,46 St & Queens Blvd,6209.08,40.743497598369707,-73.918605297803879,71,"KEY, CREDITCARD",33,false,9,2,21,0,true,true,true,false,2023-01-26 19:28:48 UTC,4785,46 St & Queens Blvd,40.743497598369707,-73.918605297803879,71,"KEY, CREDITCARD",9,2
3414,Bergen St & Flatbush Ave,4281.08,40.680944723477296,-73.975673317909227,71,"KEY, CREDITCARD",33,false,10,1,22,0,true,true,true,false,2023-01-26 18:59:58 UTC,3414,Bergen St & Flatbush Ave,40.680944723477296,-73.975673317909227,71,"KEY, CREDITCARD",10,1
4340,Clinton St & Cherry St,5190.09,40.711471394469264,-73.986726030707359,71,"KEY, CREDITCARD",33,false,8,1,23,0,true,true,true,false,2023-01-26 19:27:53 UTC,4340,Clinton St & Cherry St,40.711471394469264,-73.986726030707359,71,"KEY, CREDITCARD",8,1
4485,Prospect Park SW & 16 St,3498.09,40.657265,-73.974165,71,"KEY, CREDITCARD",33,false,6,2,24,0,true,true,true,false,2023-01-26 19:22:06 UTC,4485,Prospect Park SW & 16 St,40.657265,-73.974165,71,"KEY, CREDITCARD",6,2
2022,E 60 St & York Ave,6682.08,40.759107,-73.959223,71,"KEY, CREDITCARD",33,false,3,5,25,0,true,true,true,false,2023-01-26 19:18:26 UTC,2022,E 60 St & York Ave,40.759107,-73.959223,71,"KEY, CREDITCARD",3,5
3572,34 Ave & 38 St,6638.01,40.756913,-73.921631,71,"KEY, CREDITCARD",33,false,7,1,25,0,true,true,true,false,2023-01-26 19:19:20 UTC,3572,34 Ave & 38 St,40.756913,-73.921631,71,"KEY, CREDITCARD",7,1
4544,E 188 St & Creston Ave,8566.05,40.861669,-73.898589,71,"KEY, CREDITCARD",33,false,3,5,25,0,true,true,true,false,2023-01-26 19:12:36 UTC,4544,E 188 St & Creston Ave,40.861669,-73.898589,71,"KEY, CREDITCARD",3,5
3077,Stagg St & Union Ave,5117.05,40.70877084,-73.95095259,71,"KEY, CREDITCARD",33,false,3,1,27,0,true,true,true,false,2023-01-26 19:23:14 UTC,3077,Stagg St & Union Ave,40.70877084,-73.95095259,71,"KEY, CREDITCARD",3,1
3514,Astoria Park S & Shore Blvd,7159.08,40.7767,-73.927631,71,"KEY, CREDITCARD",33,false,4,1,28,0,true,true,true,false,2023-01-26 19:18:05 UTC,3514,Astoria Park S & Shore Blvd,40.7767,-73.927631,71,"KEY, CREDITCARD",4,1
3418,Plaza St West & Flatbush Ave,4010.13,40.6750207,-73.97111473,71,"KEY, CREDITCARD",33,false,1,3,29,0,true,true,true,false,2023-01-26 19:33:07 UTC,3418,Plaza St West & Flatbush Ave,40.6750207,-73.97111473,71,"KEY, CREDITCARD",1,3
3513,21 St & Hoyt Ave S,7126.01,40.774645,-73.923706,71,"KEY, CREDITCARD",33,false,3,1,29,0,true,true,true,false,2023-01-26 19:00:01 UTC,3513,21 St & Hoyt Ave S,40.774645,-73.923706,71,"KEY, CREDITCARD",3,1
3545,Broadway & W 122 St,7783.18,40.8120562,-73.9612547,71,"KEY, CREDITCARD",33,false,3,0,29,0,true,true,true,false,2023-01-26 19:30:50 UTC,3545,Broadway & W 122 St,40.8120562,-73.9612547,71,"KEY, CREDITCARD",3,0
356,Bialystoker Pl & Delancey St,5335.03,40.71622644,-73.98261206,71,"KEY, CREDITCARD",33,false,3,0,30,0,true,true,true,false,2023-01-26 19:22:51 UTC,356,Bialystoker Pl & Delancey St,40.71622644,-73.98261206,71,"KEY, CREDITCARD",3,0
366,Clinton Ave & Myrtle Ave,4651.02,40.693261,-73.968896,71,"KEY, CREDITCARD",33,false,1,1,30,0,true,true,true,false,2023-01-26 19:29:05 UTC,366,Clinton Ave & Myrtle Ave,40.693261,-73.968896,71,"KEY, CREDITCARD",1,1
3236,W 42 St & Dyer Ave,6644.07,40.758984813996342,-73.993799686431885,71,"KEY, CREDITCARD",33,false,1,1,30,0,true,true,true,false,2023-01-26 19:31:34 UTC,3236,W 42 St & Dyer Ave,40.758984813996342,-73.993799686431885,71,"KEY, CREDITCARD",1,1
3425,2 Ave & E 104 St,7436.11,40.7892105,-73.94370784,71,"KEY, CREDITCARD",33,false,0,2,30,0,true,true,true,false,2023-01-26 18:29:26 UTC,3425,2 Ave & E 104 St,40.7892105,-73.94370784,71,"KEY, CREDITCARD",0,2
4784,43 Ave & 47 St,6209.05,40.7448062877224,-73.917289674282074,71,"KEY, CREDITCARD",33,false,2,1,30,0,true,true,true,false,2023-01-26 19:30:31 UTC,4784,43 Ave & 47 St,40.7448062877224,-73.917289674282074,71,"KEY, CREDITCARD",2,1
3630,Frederick Douglass Blvd & W 115 St,7658.13,40.8038654,-73.9559308,71,"KEY, CREDITCARD",33,false,0,2,31,0,true,true,true,false,2023-01-26 19:24:01 UTC,3630,Frederick Douglass Blvd & W 115 St,40.8038654,-73.9559308,71,"KEY, CREDITCARD",0,2
4225,Clinton St & Tillary St,4748.07,40.696232971293163,-73.991420567035675,71,"KEY, CREDITCARD",33,false,1,1,31,0,true,true,true,false,2023-01-26 19:30:33 UTC,4225,Clinton St & Tillary St,40.696232971293163,-73.991420567035675,71,"KEY, CREDITCARD",1,1
4834,30 Ave & 12 St,7034.09,40.771717105208282,-73.931592553853989,71,"KEY, CREDITCARD",33,false,1,0,31,0,true,true,true,false,2023-01-26 17:36:43 UTC,4834,30 Ave & 12 St,40.771717105208282,-73.931592553853989,71,"KEY, CREDITCARD",1,0
3629,Adam Clayton Powell Blvd & W 126 St,7738.04,40.809495347779482,-73.947764933109283,71,"KEY, CREDITCARD",33,false,1,0,32,0,true,true,true,false,2023-01-26 19:14:41 UTC,3629,Adam Clayton Powell Blvd & W 126 St,40.809495347779482,-73.947764933109283,71,"KEY, CREDITCARD",1,0
4024,Macombs Pl & W 152 St,8029.28,40.826406,-73.937948,71,"KEY, CREDITCARD",33,false,1,0,32,0,true,true,true,false,2023-01-26 15:23:29 UTC,4024,Macombs Pl & W 152 St,40.826406,-73.937948,71,"KEY, CREDITCARD",1,0
224,Spruce St & Nassau St,5137.10,40.71146364,-74.00552427,71,"KEY, CREDITCARD",34,false,30,3,1,0,true,true,true,false,2023-01-26 19:29:51 UTC,224,Spruce St & Nassau St,40.71146364,-74.00552427,71,"KEY, CREDITCARD",30,3
3127,9 St & 44 Rd,6361.03,40.74966,-73.9521,71,"KEY, CREDITCARD",34,false,33,0,1,0,true,true,true,false,2023-01-26 19:00:19 UTC,3127,9 St & 44 Rd,40.74966,-73.9521,71,"KEY, CREDITCARD",33,0
3126,44 Dr & Jackson Ave,6352.01,40.74718234,-73.9432635,71,"KEY, CREDITCARD",34,false,28,1,5,0,true,true,true,false,2023-01-26 18:58:06 UTC,3126,44 Dr & Jackson Ave,40.74718234,-73.9432635,71,"KEY, CREDITCARD",28,1
4442,Nagle Ave & Thayer St,8563.06,40.861382,-73.925591,71,"KEY, CREDITCARD",34,false,25,1,8,0,true,true,true,false,2023-01-26 19:30:07 UTC,4442,Nagle Ave & Thayer St,40.861382,-73.925591,71,"KEY, CREDITCARD",25,1
295,Pike St & E Broadway,5270.05,40.71406667,-73.99293911,71,"KEY, CREDITCARD",34,false,23,1,9,0,true,true,true,false,2023-01-26 19:30:11 UTC,295,Pike St & E Broadway,40.71406667,-73.99293911,71,"KEY, CREDITCARD",23,1
4431,Bergen St & 4 Ave,4322.06,40.682564257596937,-73.9798977971077,71,"KEY, CREDITCARD",34,false,23,2,9,0,true,true,true,false,2023-01-26 19:30:52 UTC,4431,Bergen St & 4 Ave,40.682564257596937,-73.9798977971077,71,"KEY, CREDITCARD",23,2
3235,E 41 St & Madison Ave (SW corner),6474.12,40.752165280621966,-73.979921936988816,71,"KEY, CREDITCARD",34,false,14,4,11,0,true,true,true,false,2023-01-26 19:23:42 UTC,3235,E 41 St & Madison Ave (SW corner),40.752165280621966,-73.979921936988816,71,"KEY, CREDITCARD",14,4
3518,Lenox Ave & W 126 St,7720.03,40.808442,-73.9452087,71,"KEY, CREDITCARD",34,false,4,4,26,0,true,true,true,false,2023-01-26 19:28:17 UTC,3518,Lenox Ave & W 126 St,40.808442,-73.9452087,71,"KEY, CREDITCARD",4,4
3362,Madison Ave & E 82 St,7188.13,40.7781314,-73.96069399,71,"KEY, CREDITCARD",34,false,2,5,27,0,true,true,true,false,2023-01-26 19:31:35 UTC,3362,Madison Ave & E 82 St,40.7781314,-73.96069399,71,"KEY, CREDITCARD",2,5
3533,St. Nicholas Ave & W 126 St,7756.10,40.8114323,-73.9518776,71,"KEY, CREDITCARD",34,false,4,2,28,0,true,true,true,false,2023-01-26 19:30:52 UTC,3533,St. Nicholas Ave & W 126 St,40.8114323,-73.9518776,71,"KEY, CREDITCARD",4,2
394,E 9 St & Avenue C,5616.01,40.72521311,-73.97768752,71,"KEY, CREDITCARD",34,false,4,1,29,0,true,true,true,false,2023-01-26 19:25:21 UTC,394,E 9 St & Avenue C,40.72521311,-73.97768752,71,"KEY, CREDITCARD",4,1
4884,Broadway & Berry St,5164.05,40.710361299225809,-73.965303897857666,71,"KEY, CREDITCARD",34,false,3,2,29,0,true,true,true,false,2023-01-26 19:32:05 UTC,4884,Broadway & Berry St,40.710361299225809,-73.965303897857666,71,"KEY, CREDITCARD",3,2
3386,1 Pl & Clinton St,4193.14,40.6809591,-73.99905709,71,"KEY, CREDITCARD",34,false,2,1,31,0,true,true,true,false,2023-01-26 19:29:43 UTC,3386,1 Pl & Clinton St,40.6809591,-73.99905709,71,"KEY, CREDITCARD",2,1
4703,E 14 St & 1 Ave,5779.10,40.73139303364151,-73.982867002487183,71,"KEY, CREDITCARD",34,false,2,0,31,0,true,true,true,false,2023-01-26 19:32:51 UTC,4703,E 14 St & 1 Ave,40.73139303364151,-73.982867002487183,71,"KEY, CREDITCARD",2,0
161,LaGuardia Pl & W 3 St,5721.14,40.72917025,-73.99810231,71,"KEY, CREDITCARD",35,false,35,0,0,0,true,true,true,false,2023-01-26 19:31:02 UTC,161,LaGuardia Pl & W 3 St,40.72917025,-73.99810231,71,"KEY, CREDITCARD",35,0
3436,Greenwich St & Hubert St,5470.10,40.721319,-74.010065,71,"KEY, CREDITCARD",35,false,10,0,0,35,true,true,true,false,2023-01-26 19:27:47 UTC,3436,Greenwich St & Hubert St,40.721319,-74.010065,71,"KEY, CREDITCARD",10,0
4387,58 St & 2 Ave,3138.09,40.644512,-74.021506,71,"KEY, CREDITCARD",35,false,32,2,0,0,true,true,true,false,2023-01-26 19:27:08 UTC,4387,58 St & 2 Ave,40.644512,-74.021506,71,"KEY, CREDITCARD",32,2
4549,Keegan Rd & 2 Ave,3019.03,40.642431397060918,-74.0255355834961,71,"KEY, CREDITCARD",35,false,33,2,0,0,true,true,true,false,2023-01-26 14:55:47 UTC,4549,Keegan Rd & 2 Ave,40.642431397060918,-74.0255355834961,71,"KEY, CREDITCARD",33,2
2008,Little West St & 1 Pl,5001.08,40.70569254,-74.01677685,71,"KEY, CREDITCARD",35,false,33,1,1,0,true,true,true,false,2023-01-26 19:25:19 UTC,2008,Little West St & 1 Pl,40.70569254,-74.01677685,71,"KEY, CREDITCARD",33,1
3130,21 St & Queens Plaza North,6471.02,40.75325964,-73.94335788,71,"KEY, CREDITCARD",35,false,33,0,1,0,true,true,true,false,2023-01-26 19:24:24 UTC,3130,21 St & Queens Plaza North,40.75325964,-73.94335788,71,"KEY, CREDITCARD",33,0
3420,Douglass St & 3 Ave,4217.02,40.6802133,-73.98432695,71,"KEY, CREDITCARD",35,false,34,0,1,0,true,true,true,false,2023-01-26 19:12:02 UTC,3420,Douglass St & 3 Ave,40.6802133,-73.98432695,71,"KEY, CREDITCARD",34,0
3986,E 149 St & Morris Ave,7863.03,40.81734,-73.922962,71,"KEY, CREDITCARD",35,false,29,5,1,0,true,true,true,false,2023-01-26 19:10:15 UTC,3986,E 149 St & Morris Ave,40.81734,-73.922962,71,"KEY, CREDITCARD",29,5
392,Jay St & Tech Pl,4710.06,40.695065,-73.987167,71,"KEY, CREDITCARD",35,false,27,4,3,0,true,true,true,false,2023-01-26 19:33:14 UTC,392,Jay St & Tech Pl,40.695065,-73.987167,71,"KEY, CREDITCARD",27,4
328,Watts St & Greenwich St,5578.02,40.72405549,-74.00965965,71,"KEY, CREDITCARD",35,false,31,0,4,0,true,true,true,false,2023-01-26 19:29:52 UTC,328,Watts St & Greenwich St,40.72405549,-74.00965965,71,"KEY, CREDITCARD",31,0
3407,Union St & Nevins St,4143.03,40.679097997216843,-73.987654745578766,71,"KEY, CREDITCARD",35,false,29,2,4,0,true,true,true,false,2023-01-26 19:31:20 UTC,3407,Union St & Nevins St,40.679097997216843,-73.987654745578766,71,"KEY, CREDITCARD",29,2
4073,W 51 St & Rockefeller Plaza,6700.14,40.75973805251143,-73.978116139769554,71,"KEY, CREDITCARD",35,false,30,0,4,0,true,true,true,false,2023-01-26 19:28:12 UTC,4073,W 51 St & Rockefeller Plaza,40.75973805251143,-73.978116139769554,71,"KEY, CREDITCARD",30,0
298,3 Ave & Schermerhorn St,4437.01,40.68683208,-73.9796772,71,"KEY, CREDITCARD",35,false,28,2,5,0,true,true,true,false,2023-01-26 19:30:10 UTC,298,3 Ave & Schermerhorn St,40.68683208,-73.9796772,71,"KEY, CREDITCARD",28,2
4605,E Fordham Rd & Webster Ave,8582.09,40.861748,-73.89105,71,"KEY, CREDITCARD",35,false,27,2,5,0,true,true,true,false,2023-01-26 18:59:20 UTC,4605,E Fordham Rd & Webster Ave,40.861748,-73.89105,71,"KEY, CREDITCARD",27,2
3116,Huron St & Franklin St,5869.04,40.73266,-73.95826,71,"KEY, CREDITCARD",35,false,29,0,6,0,true,true,true,false,2023-01-26 19:13:35 UTC,3116,Huron St & Franklin St,40.73266,-73.95826,71,"KEY, CREDITCARD",29,0
466,W 25 St & 6 Ave,6215.04,40.74395411,-73.99144871,71,"KEY, CREDITCARD",35,false,25,1,7,0,true,true,true,false,2023-01-26 19:22:50 UTC,466,W 25 St & 6 Ave,40.74395411,-73.99144871,71,"KEY, CREDITCARD",25,1
3421,Hoyt St & Warren St,4330.09,40.6843549,-73.98901629,71,"KEY, CREDITCARD",35,false,27,0,7,1,true,true,true,false,2023-01-26 19:33:11 UTC,3421,Hoyt St & Warren St,40.6843549,-73.98901629,71,"KEY, CREDITCARD",27,0
4694,South St & Pike St,5159.07,40.709918069215327,-73.991611003875732,71,"KEY, CREDITCARD",35,false,24,1,10,0,true,true,true,false,2023-01-26 19:12:03 UTC,4694,South St & Pike St,40.709918069215327,-73.991611003875732,71,"KEY, CREDITCARD",24,1
2009,Catherine St & Monroe St,5128.04,40.71117444,-73.99682619,71,"KEY, CREDITCARD",35,false,23,1,11,0,true,true,true,false,2023-01-26 19:32:07 UTC,2009,Catherine St & Monroe St,40.71117444,-73.99682619,71,"KEY, CREDITCARD",23,1
4696,E Houston St & Columbia St,5436.11,40.719786354528217,-73.978716284036636,71,"KEY, CREDITCARD",35,false,14,6,11,0,true,true,true,false,2023-01-26 19:21:39 UTC,4696,E Houston St & Columbia St,40.719786354528217,-73.978716284036636,71,"KEY, CREDITCARD",14,6
3303,Butler St & Court St,4339.01,40.6849894,-73.99440329,71,"KEY, CREDITCARD",35,false,21,1,13,0,true,true,true,false,2023-01-26 19:23:54 UTC,3303,Butler St & Court St,40.6849894,-73.99440329,71,"KEY, CREDITCARD",21,1
3345,Madison Ave & E 99 St,7443.01,40.789485415532148,-73.952429294586182,71,"KEY, CREDITCARD",35,false,20,2,13,0,true,true,true,false,2023-01-26 19:01:52 UTC,3345,Madison Ave & E 99 St,40.789485415532148,-73.952429294586182,71,"KEY, CREDITCARD",20,2
3593,31 St & Broadway,6789.04,40.761584,-73.925921,71,"KEY, CREDITCARD",35,false,17,3,13,0,true,true,true,false,2023-01-26 19:09:07 UTC,3593,31 St & Broadway,40.761584,-73.925921,71,"KEY, CREDITCARD",17,3
174,E 25 St & 1 Ave,6004.07,40.7381765,-73.97738662,71,"KEY, CREDITCARD",35,false,13,6,16,0,true,true,true,false,2023-01-26 19:32:03 UTC,174,E 25 St & 1 Ave,40.7381765,-73.97738662,71,"KEY, CREDITCARD",13,6
4480,Congress St & Hicks St,4497.09,40.6893952,-73.9995126,71,"KEY, CREDITCARD",35,false,12,0,21,0,true,true,true,false,2023-01-26 19:29:04 UTC,4480,Congress St & Hicks St,40.6893952,-73.9995126,71,"KEY, CREDITCARD",12,0
325,E 19 St & 3 Ave,5938.01,40.73624527,-73.98473765,71,"KEY, CREDITCARD",35,false,10,3,22,0,true,true,true,false,2023-01-26 19:24:14 UTC,325,E 19 St & 3 Ave,40.73624527,-73.98473765,71,"KEY, CREDITCARD",10,3
4397,64 St & 3 Ave,2971.02,40.639978,-74.02324,71,"KEY, CREDITCARD",35,false,10,1,24,0,true,true,true,false,2023-01-26 19:14:07 UTC,4397,64 St & 3 Ave,40.639978,-74.02324,71,"KEY, CREDITCARD",10,1
3540,Morningside Ave & W 123 St,7741.01,40.81,-73.9551508,71,"KEY, CREDITCARD",35,false,9,0,26,0,true,true,true,false,2023-01-26 19:16:50 UTC,3540,Morningside Ave & W 123 St,40.81,-73.9551508,71,"KEY, CREDITCARD",9,0
3379,E 103 St & Lexington Ave,7463.09,40.7903051,-73.94755757,71,"KEY, CREDITCARD",35,false,3,3,27,0,true,true,true,false,2023-01-26 19:30:13 UTC,3379,E 103 St & Lexington Ave,40.7903051,-73.94755757,71,"KEY, CREDITCARD",3,3
3517,31 St & Hoyt Ave N,7018.01,40.7711528,-73.9170074,71,"KEY, CREDITCARD",35,false,7,1,27,0,true,true,true,false,2023-01-26 18:56:17 UTC,3517,31 St & Hoyt Ave N,40.7711528,-73.9170074,71,"KEY, CREDITCARD",7,1
3290,E 89 St & York Ave,7204.08,40.7779453,-73.946041,71,"KEY, CREDITCARD",35,false,0,4,29,0,true,true,true,false,2023-01-26 19:26:15 UTC,3290,E 89 St & York Ave,40.7779453,-73.946041,71,"KEY, CREDITCARD",0,4
3543,Morningside Dr & Amsterdam Ave,7741.04,40.810285063060029,-73.957364559173584,71,"KEY, CREDITCARD",35,false,0,3,30,0,true,true,true,false,2023-01-26 19:33:14 UTC,3543,Morningside Dr & Amsterdam Ave,40.810285063060029,-73.957364559173584,71,"KEY, CREDITCARD",0,3
4065,Wadsworth Ave & W 179 St,8336.02,40.848467,-73.936064,71,"KEY, CREDITCARD",35,false,0,2,30,0,true,true,true,false,2023-01-26 19:17:17 UTC,4065,Wadsworth Ave & W 179 St,40.848467,-73.936064,71,"KEY, CREDITCARD",0,2
454,E 51 St & 1 Ave,6532.06,40.75455731,-73.96592976,71,"KEY, CREDITCARD",35,false,3,1,31,0,true,true,true,false,2023-01-26 19:33:13 UTC,454,E 51 St & 1 Ave,40.75455731,-73.96592976,71,"KEY, CREDITCARD",3,1
3238,E 80 St & 2 Ave,7121.02,40.773913902381182,-73.9543953537941,71,"KEY, CREDITCARD",35,false,2,1,31,0,true,true,true,false,2023-01-26 19:25:46 UTC,3238,E 80 St & 2 Ave,40.773913902381182,-73.9543953537941,71,"KEY, CREDITCARD",2,1
3294,E 91 St & Park Ave,7344.05,40.7835016,-73.955327,71,"KEY, CREDITCARD",35,false,1,2,31,0,true,true,true,false,2023-01-26 19:12:32 UTC,3294,E 91 St & Park Ave,40.7835016,-73.955327,71,"KEY, CREDITCARD",1,2
3357,W 106 St & Amsterdam Ave,7634.01,40.8008363,-73.9664492472,71,"KEY, CREDITCARD",35,false,1,2,31,0,true,true,true,false,2023-01-26 19:14:24 UTC,3357,W 106 St & Amsterdam Ave,40.8008363,-73.9664492472,71,"KEY, CREDITCARD",1,2
3170,W 84 St & Columbus Ave,7382.04,40.78499979,-73.97283406,71,"KEY, CREDITCARD",35,false,0,1,32,0,true,true,true,false,2023-01-26 19:24:05 UTC,3170,W 84 St & Columbus Ave,40.78499979,-73.97283406,71,"KEY, CREDITCARD",0,1
3375,3 Ave & E 72 St,7028.04,40.7699426,-73.96060712,71,"KEY, CREDITCARD",35,false,2,1,32,0,true,true,true,false,2023-01-26 19:19:40 UTC,3375,3 Ave & E 72 St,40.7699426,-73.96060712,71,"KEY, CREDITCARD",2,1
3831,Broadway & Hancock St,4441.06,40.68663,-73.9168,71,"KEY, CREDITCARD",35,false,2,1,32,0,true,true,true,false,2023-01-26 18:30:04 UTC,3831,Broadway & Hancock St,40.68663,-73.9168,71,"KEY, CREDITCARD",2,1
4009,Riverside Dr & W 145 St,8018.04,40.827305,-73.951989,71,"KEY, CREDITCARD",35,false,0,2,32,0,true,true,true,false,2023-01-26 16:56:48 UTC,4009,Riverside Dr & W 145 St,40.827305,-73.951989,71,"KEY, CREDITCARD",0,2
4161,3 Ave & E 174 St,8241.07,40.84224,-73.8985,71,"KEY, CREDITCARD",35,false,1,2,32,0,true,true,true,false,2023-01-26 12:47:11 UTC,4161,3 Ave & E 174 St,40.84224,-73.8985,71,"KEY, CREDITCARD",1,2
4403,59 St & 4 Ave,3011.03,40.641269,-74.017651,71,"KEY, CREDITCARD",35,false,0,0,33,0,true,true,true,false,2023-01-26 17:18:36 UTC,4403,59 St & 4 Ave,40.641269,-74.017651,71,"KEY, CREDITCARD",0,0
4475,1 St & 6 Ave,3946.07,40.672784,-73.979826,71,"KEY, CREDITCARD",35,false,1,0,33,0,true,true,true,false,2023-01-26 19:31:58 UTC,4475,1 St & 6 Ave,40.672784,-73.979826,71,"KEY, CREDITCARD",1,0
3654,31 St & Northern Blvd,6495.17,40.751869514218747,-73.933492898941026,71,"KEY, CREDITCARD",35,false,0,0,35,0,true,true,true,false,2023-01-26 17:27:00 UTC,3654,31 St & Northern Blvd,40.751869514218747,-73.933492898941026,71,"KEY, CREDITCARD",0,0
3347,Van Brunt St & Wolcott St,4095.03,40.6773429,-74.01275056,71,"KEY, CREDITCARD",36,false,32,3,0,0,true,true,true,false,2023-01-26 18:32:22 UTC,3347,Van Brunt St & Wolcott St,40.6773429,-74.01275056,71,"KEY, CREDITCARD",32,3
3690,Park Pl & Church St,5288.08,40.713341842759071,-74.009355157613754,71,"KEY, CREDITCARD",36,false,31,4,0,0,true,true,true,false,2023-01-26 18:33:13 UTC,3690,Park Pl & Church St,40.713341842759071,-74.009355157613754,71,"KEY, CREDITCARD",31,4
4298,King St & Varick St,5687.11,40.727897014090232,-74.005362689495072,71,"KEY, CREDITCARD",36,false,35,0,0,0,true,true,true,false,2023-01-26 19:20:19 UTC,4298,King St & Varick St,40.727897014090232,-74.005362689495072,71,"KEY, CREDITCARD",35,0
3894,8 Ave & W 16 St,6072.11,40.740983,-74.001702,71,"KEY, CREDITCARD",36,false,27,2,5,1,true,true,true,false,2023-01-26 19:31:37 UTC,3894,8 Ave & W 16 St,40.740983,-74.001702,71,"KEY, CREDITCARD",27,2
352,W 56 St & 6 Ave,6809.07,40.76340613,-73.97722479,71,"KEY, CREDITCARD",36,false,25,2,7,0,true,true,true,false,2023-01-26 19:29:25 UTC,352,W 56 St & 6 Ave,40.76340613,-73.97722479,71,"KEY, CREDITCARD",25,2
4665,Lafayette Ave & Ft Greene Pl,4470.09,40.68700231292619,-73.976649641990662,71,"KEY, CREDITCARD",36,false,24,1,11,0,true,true,true,false,2023-01-26 19:30:27 UTC,4665,Lafayette Ave & Ft Greene Pl,40.68700231292619,-73.976649641990662,71,"KEY, CREDITCARD",24,1
3904,Wyckoff Ave & Gates Ave,4847.03,40.699871408829885,-73.911718726158142,71,"KEY, CREDITCARD",36,false,11,1,23,0,true,true,true,false,2023-01-26 19:22:51 UTC,3904,Wyckoff Ave & Gates Ave,40.699871408829885,-73.911718726158142,71,"KEY, CREDITCARD",11,1
3507,Park Ave & E 124 St,7682.01,40.8045555,-73.9396861,71,"KEY, CREDITCARD",36,false,6,2,26,0,true,true,true,false,2023-01-26 19:32:00 UTC,3507,Park Ave & E 124 St,40.8045555,-73.9396861,71,"KEY, CREDITCARD",6,2
4036,Motorgate,6814.01,40.7639089,-73.9477213,71,"KEY, CREDITCARD",36,false,5,3,27,0,true,true,true,false,2023-01-26 19:00:58 UTC,4036,Motorgate,40.7639089,-73.9477213,71,"KEY, CREDITCARD",5,3
3374,Central Park North & Adam Clayton Powell Blvd,7617.07,40.799484,-73.955613,71,"KEY, CREDITCARD",36,false,5,2,28,0,true,true,true,false,2023-01-26 19:31:10 UTC,3374,Central Park North & Adam Clayton Powell Blvd,40.799484,-73.955613,71,"KEY, CREDITCARD",5,2
4990,9 Ave & W 39 St,6644.08,40.756403523272496,-73.99410143494606,71,"KEY, CREDITCARD",36,false,6,1,28,0,true,true,true,false,2023-01-26 19:10:23 UTC,4990,9 Ave & W 39 St,40.756403523272496,-73.99410143494606,71,"KEY, CREDITCARD",6,1
3076,Scholes St & Manhattan Ave,5108.01,40.70870368,-73.9448625,71,"KEY, CREDITCARD",36,false,7,0,29,0,true,true,true,false,2023-01-26 19:09:02 UTC,3076,Scholes St & Manhattan Ave,40.70870368,-73.9448625,71,"KEY, CREDITCARD",7,0
502,Henry St & Grand St,5294.04,40.714211,-73.981095,71,"KEY, CREDITCARD",36,false,4,1,31,0,true,true,true,false,2023-01-26 19:31:48 UTC,502,Henry St & Grand St,40.714211,-73.981095,71,"KEY, CREDITCARD",4,1
3131,E 68 St & 3 Ave,6896.16,40.76712840349542,-73.962246179580688,71,"KEY, CREDITCARD",36,false,0,3,32,0,true,true,true,false,2023-01-26 19:26:16 UTC,3131,E 68 St & 3 Ave,40.76712840349542,-73.962246179580688,71,"KEY, CREDITCARD",0,3
332,Cherry St,5181.04,40.71219906,-73.97948148,71,"KEY, CREDITCARD",36,false,1,1,34,0,true,true,true,false,2023-01-26 19:30:53 UTC,332,Cherry St,40.71219906,-73.97948148,71,"KEY, CREDITCARD",1,1
3521,Lenox Ave & W 111 St,7602.05,40.7987859,-73.9523,71,"KEY, CREDITCARD",36,false,0,1,34,0,true,true,true,false,2023-01-26 19:27:04 UTC,3521,Lenox Ave & W 111 St,40.7987859,-73.9523,71,"KEY, CREDITCARD",0,1
4038,Southpoint Park,6566.01,40.75370225419114,-73.958652019500718,71,"KEY, CREDITCARD",36,false,2,0,34,0,true,true,true,false,2023-01-26 17:47:31 UTC,4038,Southpoint Park,40.75370225419114,-73.958652019500718,71,"KEY, CREDITCARD",2,0
418,Front St & Gold St,4927.04,40.70224,-73.982578,71,"KEY, CREDITCARD",37,false,34,3,0,0,true,true,true,false,2023-01-26 18:54:05 UTC,418,Front St & Gold St,40.70224,-73.982578,71,"KEY, CREDITCARD",34,3
3333,Columbia St & Lorraine St,4013.08,40.6747055,-74.0075572,71,"KEY, CREDITCARD",37,false,36,1,0,0,true,true,true,false,2023-01-26 09:40:06 UTC,3333,Columbia St & Lorraine St,40.6747055,-74.0075572,71,"KEY, CREDITCARD",36,1
4583,W Mosholu Pkwy S & Sedgwick Ave,8841.03,40.88226,-73.88702,71,"KEY, CREDITCARD",37,false,4,31,0,0,true,true,true,false,2023-01-26 19:28:57 UTC,4583,W Mosholu Pkwy S & Sedgwick Ave,40.88226,-73.88702,71,"KEY, CREDITCARD",4,31
4660,Water St & Gouverneur Ln,4993.15,40.704696678949681,-74.00803416967392,71,"KEY, CREDITCARD",37,false,36,0,0,0,true,true,true,false,2023-01-26 19:26:02 UTC,4660,Water St & Gouverneur Ln,40.704696678949681,-74.00803416967392,71,"KEY, CREDITCARD",36,0
398,Atlantic Ave & Furman St,4614.04,40.69165183,-73.9999786,71,"KEY, CREDITCARD",37,false,34,2,1,0,true,true,true,false,2023-01-26 19:28:17 UTC,398,Atlantic Ave & Furman St,40.69165183,-73.9999786,71,"KEY, CREDITCARD",34,2
4677,State St & Smith St,4522.07,40.68917,-73.9886,71,"KEY, CREDITCARD",37,false,35,1,1,0,true,true,true,false,2023-01-26 19:27:31 UTC,4677,State St & Smith St,40.68917,-73.9886,71,"KEY, CREDITCARD",35,1
4239,E 50 St & Park Ave,6659.10,40.757334,-73.974235,71,"KEY, CREDITCARD",37,false,31,0,2,0,true,true,true,false,2023-01-26 19:30:57 UTC,4239,E 50 St & Park Ave,40.757334,-73.974235,71,"KEY, CREDITCARD",31,0
4708,Kenmare St & Elizabeth St,5453.06,40.72054,-73.9949,71,"KEY, CREDITCARD",37,false,33,0,3,0,true,true,true,false,2023-01-26 19:24:50 UTC,4708,Kenmare St & Elizabeth St,40.72054,-73.9949,71,"KEY, CREDITCARD",33,0
3790,Henry St & Middagh St,4861.05,40.7003,-73.991581,71,"KEY, CREDITCARD",37,false,17,3,16,0,true,true,true,false,2023-01-26 19:26:57 UTC,3790,Henry St & Middagh St,40.7003,-73.991581,71,"KEY, CREDITCARD",17,3
4483,Prospect Park SW & Vanderbilt St,3457.03,40.65482,-73.973217,71,"KEY, CREDITCARD",37,false,12,1,23,0,true,true,true,false,2023-01-26 18:11:17 UTC,4483,Prospect Park SW & Vanderbilt St,40.65482,-73.973217,71,"KEY, CREDITCARD",12,1
3721,31 St & Newtown Ave,6923.20,40.7675487799971,-73.9209334552288,71,"KEY, CREDITCARD",37,false,8,1,28,0,true,true,true,false,2023-01-26 18:52:27 UTC,3721,31 St & Newtown Ave,40.7675487799971,-73.9209334552288,71,"KEY, CREDITCARD",8,1
216,Columbia Heights & Cranberry St,4829.01,40.70037867,-73.99548059,71,"KEY, CREDITCARD",37,false,6,0,31,0,true,true,true,false,2023-01-26 19:31:06 UTC,216,Columbia Heights & Cranberry St,40.70037867,-73.99548059,71,"KEY, CREDITCARD",6,0
3553,Frederick Douglass Blvd & W 112 St,7631.23,40.801694,-73.957145,71,"KEY, CREDITCARD",37,false,0,0,34,0,true,true,true,false,2023-01-26 19:23:21 UTC,3553,Frederick Douglass Blvd & W 112 St,40.801694,-73.957145,71,"KEY, CREDITCARD",0,0
3156,E 72 St & York Ave,6889.12,40.76663814,-73.95348296,71,"KEY, CREDITCARD",37,false,0,1,35,0,true,true,true,false,2023-01-26 19:32:09 UTC,3156,E 72 St & York Ave,40.76663814,-73.95348296,71,"KEY, CREDITCARD",0,1
4698,E 4 St & Ave B,5515.08,40.723346832180162,-73.982659131288528,71,"KEY, CREDITCARD",37,false,0,1,36,0,true,true,true,false,2023-01-26 19:31:37 UTC,4698,E 4 St & Ave B,40.723346832180162,-73.982659131288528,71,"KEY, CREDITCARD",0,1
3727,Frost St & Meeker Ave,5371.07,40.717661970839941,-73.948800265789032,71,"KEY, CREDITCARD",38,false,33,2,3,0,true,true,true,false,2023-01-26 19:06:05 UTC,3727,Frost St & Meeker Ave,40.717661970839941,-73.948800265789032,71,"KEY, CREDITCARD",33,2
4125,E 161 St & River Ave,8041.07,40.827883,-73.927111,71,"KEY, CREDITCARD",38,false,27,1,9,0,true,true,true,false,2023-01-26 19:28:47 UTC,4125,E 161 St & River Ave,40.827883,-73.927111,71,"KEY, CREDITCARD",27,1
536,1 Ave & E 30 St,6079.03,40.74144387,-73.97536082,71,"KEY, CREDITCARD",38,false,12,2,24,0,true,true,true,false,2023-01-26 19:30:05 UTC,536,1 Ave & E 30 St,40.74144387,-73.97536082,71,"KEY, CREDITCARD",12,2
4244,W 36 St & 7 Ave,6483.06,40.752149,-73.989539,71,"KEY, CREDITCARD",38,false,6,3,29,0,true,true,true,false,2023-01-26 19:29:46 UTC,4244,W 36 St & 7 Ave,40.752149,-73.989539,71,"KEY, CREDITCARD",6,3
4645,5 Ave & E 87 St,7323.09,40.782322607308807,-73.959875106811523,71,"KEY, CREDITCARD",38,false,3,2,31,0,true,true,true,false,2023-01-26 19:25:00 UTC,4645,5 Ave & E 87 St,40.782322607308807,-73.959875106811523,71,"KEY, CREDITCARD",3,2
4700,E 7 St & Ave C,5545.01,40.724129440900931,-73.979012668132782,71,"KEY, CREDITCARD",38,false,0,1,33,0,true,true,true,false,2023-01-26 18:46:34 UTC,4700,E 7 St & Ave C,40.724129440900931,-73.979012668132782,71,"KEY, CREDITCARD",0,1
4075,Central Park West & W 85 St,7354.01,40.78476,-73.969862,71,"KEY, CREDITCARD",38,false,1,0,37,0,true,true,true,false,2023-01-26 19:11:09 UTC,4075,Central Park West & W 85 St,40.78476,-73.969862,71,"KEY, CREDITCARD",1,0
3284,E 88 St & Park Ave,7293.10,40.781410700190015,-73.95595908164978,71,"KEY, CREDITCARD",38,false,0,0,38,0,true,true,true,false,2023-01-26 19:25:59 UTC,3284,E 88 St & Park Ave,40.781410700190015,-73.95595908164978,71,"KEY, CREDITCARD",0,0
3321,Clinton St & Union St,4266.03,40.6831164,-73.99785267,71,"KEY, CREDITCARD",38,false,0,0,38,0,true,true,true,false,2023-01-26 19:14:23 UTC,3321,Clinton St & Union St,40.6831164,-73.99785267,71,"KEY, CREDITCARD",0,0
323,Lawrence St & Willoughby St,4596.09,40.69236178,-73.98631746,71,"KEY, CREDITCARD",39,false,38,0,0,0,true,true,true,false,2023-01-26 19:12:15 UTC,323,Lawrence St & Willoughby St,40.69236178,-73.98631746,71,"KEY, CREDITCARD",38,0
327,Vesey Pl & River Terrace,5297.02,40.7153379,-74.01658354,71,"KEY, CREDITCARD",39,false,30,7,0,0,true,true,true,false,2023-01-26 19:26:54 UTC,327,Vesey Pl & River Terrace,40.7153379,-74.01658354,71,"KEY, CREDITCARD",30,7
3472,W 15 St & 10 Ave,6115.09,40.742753828659033,-74.007473587989807,71,"KEY, CREDITCARD",39,false,37,1,0,0,true,true,true,false,2023-01-26 18:39:39 UTC,3472,W 15 St & 10 Ave,40.742753828659033,-74.007473587989807,71,"KEY, CREDITCARD",37,1
3692,5 St & Market St,4843.01,40.6999974843885,-73.974401280283928,71,"KEY, CREDITCARD",39,false,36,3,0,0,true,true,true,false,2023-01-26 19:29:44 UTC,3692,5 St & Market St,40.6999974843885,-73.974401280283928,71,"KEY, CREDITCARD",36,3
4715,6 Ave & Walker St,5430.10,40.7197920901383,-74.0052238852195,71,"KEY, CREDITCARD",39,false,39,0,0,0,true,true,true,false,2023-01-26 19:05:42 UTC,4715,6 Ave & Walker St,40.7197920901383,-74.0052238852195,71,"KEY, CREDITCARD",39,0
217,Old Fulton St,4903.08,40.70277159,-73.99383605,71,"KEY, CREDITCARD",39,false,37,1,1,0,true,true,true,false,2023-01-26 19:21:12 UTC,217,Old Fulton St,40.70277159,-73.99383605,71,"KEY, CREDITCARD",37,1
3096,Union Ave & N 12 St,5411.07,40.71924,-73.95242,71,"KEY, CREDITCARD",39,false,37,1,1,0,true,true,true,false,2023-01-26 19:32:10 UTC,3096,Union Ave & N 12 St,40.71924,-73.95242,71,"KEY, CREDITCARD",37,1
3344,Pioneer St & Van Brunt St,4169.04,40.679043,-74.011169,71,"KEY, CREDITCARD",39,false,37,1,1,0,true,true,true,false,2023-01-26 19:13:32 UTC,3344,Pioneer St & Van Brunt St,40.679043,-74.011169,71,"KEY, CREDITCARD",37,1
3686,Gansevoort St & Hudson St,6072.14,40.739448201304043,-74.005070328712463,71,"KEY, CREDITCARD",39,false,35,2,1,0,true,true,true,false,2023-01-26 19:14:40 UTC,3686,Gansevoort St & Hudson St,40.739448201304043,-74.005070328712463,71,"KEY, CREDITCARD",35,2
321,Cadman Plaza E & Red Cross Pl,4821.06,40.69991755,-73.98971773,71,"KEY, CREDITCARD",39,false,34,3,2,0,true,true,true,false,2023-01-26 19:25:26 UTC,321,Cadman Plaza E & Red Cross Pl,40.69991755,-73.98971773,71,"KEY, CREDITCARD",34,3
3658,W 18 St & 9 Ave,6190.03,40.7435337324616,-74.003675580024719,71,"KEY, CREDITCARD",39,false,36,1,2,0,true,true,true,false,2023-01-26 18:53:17 UTC,3658,W 18 St & 9 Ave,40.7435337324616,-74.003675580024719,71,"KEY, CREDITCARD",36,1
3905,4 Ave & E 12 St,5788.15,40.732647,-73.99011,71,"KEY, CREDITCARD",39,false,31,6,2,0,true,true,true,false,2023-01-26 19:32:05 UTC,3905,4 Ave & E 12 St,40.732647,-73.99011,71,"KEY, CREDITCARD",31,6
4687,W 48 St &  Rockefeller Plaza,6626.11,40.757769354483088,-73.979294300079346,71,"KEY, CREDITCARD",39,false,35,2,2,0,true,true,true,false,2023-01-26 19:32:23 UTC,4687,W 48 St &  Rockefeller Plaza,40.757769354483088,-73.979294300079346,71,"KEY, CREDITCARD",35,2
251,Mott St & Prince St,5561.04,40.72317958,-73.99480012,71,"KEY, CREDITCARD",39,false,34,1,4,0,true,true,true,false,2023-01-26 19:32:14 UTC,251,Mott St & Prince St,40.72317958,-73.99480012,71,"KEY, CREDITCARD",34,1
387,Centre St & Chambers St,5207.01,40.71273266,-74.0046073,71,"KEY, CREDITCARD",39,false,28,6,5,0,true,true,true,false,2023-01-26 19:22:08 UTC,387,Centre St & Chambers St,40.71273266,-74.0046073,71,"KEY, CREDITCARD",28,6
3107,Bedford Ave & Nassau Ave,5550.05,40.72311651,-73.95212324,71,"KEY, CREDITCARD",39,false,33,0,6,0,true,true,true,false,2023-01-26 19:32:42 UTC,3107,Bedford Ave & Nassau Ave,40.72311651,-73.95212324,71,"KEY, CREDITCARD",33,0
4474,10 Ave & W 207 St,8613.09,40.864632,-73.918598,71,"KEY, CREDITCARD",39,false,31,2,6,0,true,true,true,false,2023-01-26 17:05:40 UTC,4474,10 Ave & W 207 St,40.864632,-73.918598,71,"KEY, CREDITCARD",31,2
3367,5 Ave & E 103 St,7511.19,40.7922553,-73.95249933,71,"KEY, CREDITCARD",39,false,25,4,7,0,true,true,true,false,2023-01-26 19:29:13 UTC,3367,5 Ave & E 103 St,40.7922553,-73.95249933,71,"KEY, CREDITCARD",25,4
4037,Roosevelt Island Tramway,6599.01,40.757284,-73.9536,71,"KEY, CREDITCARD",39,false,27,2,9,0,true,true,true,false,2023-01-26 19:10:08 UTC,4037,Roosevelt Island Tramway,40.757284,-73.9536,71,"KEY, CREDITCARD",27,2
3389,Carroll St & Columbia St,4348.07,40.6830456,-74.00348559,71,"KEY, CREDITCARD",39,false,20,3,15,0,true,true,true,false,2023-01-26 19:26:01 UTC,3389,Carroll St & Columbia St,40.6830456,-74.00348559,71,"KEY, CREDITCARD",20,3
4736,W 35 St & 8 Ave,6526.01,40.752762088742045,-73.992804587051069,71,"KEY, CREDITCARD",39,false,22,1,15,0,true,true,true,false,2023-01-26 19:32:40 UTC,4736,W 35 St & 8 Ave,40.752762088742045,-73.992804587051069,71,"KEY, CREDITCARD",22,1
3881,12 Ave & W 125 St,7886.02,40.818299,-73.960405,71,"KEY, CREDITCARD",39,false,20,2,16,0,true,true,true,false,2023-01-26 19:27:18 UTC,3881,12 Ave & W 125 St,40.818299,-73.960405,71,"KEY, CREDITCARD",20,2
3462,E 44 St & 2 Ave,6422.09,40.751183874632773,-73.971387147903442,71,"KEY, CREDITCARD",39,false,13,4,21,1,true,true,true,false,2023-01-26 19:32:22 UTC,3462,E 44 St & 2 Ave,40.751183874632773,-73.971387147903442,71,"KEY, CREDITCARD",13,4
3429,Hanson Pl & Ashland Pl,4395.07,40.685068073081773,-73.977907598018632,71,"KEY, CREDITCARD",39,false,8,5,23,0,true,true,true,false,2023-01-26 19:26:01 UTC,3429,Hanson Pl & Ashland Pl,40.685068073081773,-73.977907598018632,71,"KEY, CREDITCARD",8,5
4481,4 Ave & 3 St,4028.04,40.673746,-73.985649,71,"KEY, CREDITCARD",39,false,16,0,23,0,true,true,true,false,2023-01-26 18:30:00 UTC,4481,4 Ave & 3 St,40.673746,-73.985649,71,"KEY, CREDITCARD",16,0
4721,8 Ave & W 24 St,6224.06,40.745910728342793,-73.998071104288087,71,"KEY, CREDITCARD",39,false,4,3,29,0,true,true,true,false,2023-01-26 19:32:31 UTC,4721,8 Ave & W 24 St,40.745910728342793,-73.998071104288087,71,"KEY, CREDITCARD",4,3
340,Madison St & Clinton St,5190.07,40.71269042,-73.98776323,71,"KEY, CREDITCARD",39,false,9,0,30,0,true,true,true,false,2023-01-26 19:15:25 UTC,340,Madison St & Clinton St,40.71269042,-73.98776323,71,"KEY, CREDITCARD",9,0
3623,W 120 St & Claremont Ave,7745.07,40.8109494,-73.963400000000007,71,"KEY, CREDITCARD",39,false,5,2,31,0,true,true,true,false,2023-01-26 19:24:44 UTC,3623,W 120 St & Claremont Ave,40.8109494,-73.963400000000007,71,"KEY, CREDITCARD",5,2
4045,West End Ave & W 60 St,7059.08,40.77237,-73.99005,71,"KEY, CREDITCARD",39,false,2,2,31,0,true,true,true,false,2023-01-26 19:30:35 UTC,4045,West End Ave & W 60 St,40.77237,-73.99005,71,"KEY, CREDITCARD",2,2
3231,E 67 St & Park Ave,6932.14,40.767800801481322,-73.965920805931091,71,"KEY, CREDITCARD",39,false,0,4,33,0,true,true,true,false,2023-01-26 19:22:44 UTC,3231,E 67 St & Park Ave,40.767800801481322,-73.965920805931091,71,"KEY, CREDITCARD",0,4
3914,West End Ave & W 78 St,7340.07,40.783786,-73.981687,71,"KEY, CREDITCARD",39,false,1,5,33,0,true,true,true,false,2023-01-26 18:57:38 UTC,3914,West End Ave & W 78 St,40.783786,-73.981687,71,"KEY, CREDITCARD",1,5
528,2 Ave & E 31 St,6197.02,40.74290902,-73.97706058,71,"KEY, CREDITCARD",39,false,2,1,34,0,true,true,true,false,2023-01-26 19:27:06 UTC,528,2 Ave & E 31 St,40.74290902,-73.97706058,71,"KEY, CREDITCARD",2,1
3288,E 88 St & 1 Ave,7235.13,40.778301,-73.9488134,71,"KEY, CREDITCARD",39,false,2,2,34,0,true,true,true,false,2023-01-26 19:32:19 UTC,3288,E 88 St & 1 Ave,40.778301,-73.9488134,71,"KEY, CREDITCARD",2,2
3350,W 100 St & Broadway,7580.01,40.7973721,-73.97041192,71,"KEY, CREDITCARD",39,false,0,2,34,0,true,true,true,false,2023-01-26 19:22:40 UTC,3350,W 100 St & Broadway,40.7973721,-73.97041192,71,"KEY, CREDITCARD",0,2
3541,Amsterdam Ave & W 125 St,7800.03,40.813358,-73.956461,71,"KEY, CREDITCARD",39,false,3,0,34,0,true,true,true,false,2023-01-26 19:06:54 UTC,3541,Amsterdam Ave & W 125 St,40.813358,-73.956461,71,"KEY, CREDITCARD",3,0
3147,E 85 St & 3 Ave,7212.05,40.77801203,-73.95407149,71,"KEY, CREDITCARD",39,false,0,1,35,0,true,true,true,false,2023-01-26 19:31:56 UTC,3147,E 85 St & 3 Ave,40.77801203,-73.95407149,71,"KEY, CREDITCARD",0,1
3286,E 89 St & 3 Ave,7265.10,40.7806284,-73.9521667,71,"KEY, CREDITCARD",39,false,1,1,35,0,true,true,true,false,2023-01-26 19:27:52 UTC,3286,E 89 St & 3 Ave,40.7806284,-73.9521667,71,"KEY, CREDITCARD",1,1
3328,W 100 St & Manhattan Ave,7538.14,40.795,-73.9645,71,"KEY, CREDITCARD",39,false,1,3,35,0,true,true,true,false,2023-01-26 19:25:46 UTC,3328,W 100 St & Manhattan Ave,40.795,-73.9645,71,"KEY, CREDITCARD",1,3
3349,Grand Army Plaza & Plaza St West,4010.15,40.6729679,-73.97087984,71,"KEY, CREDITCARD",39,false,0,2,36,0,true,true,true,false,2023-01-26 19:08:28 UTC,3349,Grand Army Plaza & Plaza St West,40.6729679,-73.97087984,71,"KEY, CREDITCARD",0,2
3534,Frederick Douglass Blvd & W 117 St,7688.12,40.805159,-73.954692,71,"KEY, CREDITCARD",39,false,2,0,36,0,true,true,true,false,2023-01-26 19:28:15 UTC,3534,Frederick Douglass Blvd & W 117 St,40.805159,-73.954692,71,"KEY, CREDITCARD",2,0
4726,E 26 St & 3 Ave,6089.11,40.740693177330428,-73.981606364250183,71,"KEY, CREDITCARD",39,false,3,0,36,0,true,true,true,false,2023-01-26 19:33:07 UTC,4726,E 26 St & 3 Ave,40.740693177330428,-73.981606364250183,71,"KEY, CREDITCARD",3,0
3301,Columbus Ave & W 95 St,7520.07,40.7919557,-73.968087,71,"KEY, CREDITCARD",39,false,1,1,37,0,true,true,true,false,2023-01-26 19:32:00 UTC,3301,Columbus Ave & W 95 St,40.7919557,-73.968087,71,"KEY, CREDITCARD",1,1
3312,1 Ave & E 94 St,7286.05,40.7817212,-73.94594,71,"KEY, CREDITCARD",39,false,0,0,37,0,true,true,true,false,2023-01-26 18:41:34 UTC,3312,1 Ave & E 94 St,40.7817212,-73.94594,71,"KEY, CREDITCARD",0,0
399,Lafayette Ave & St James Pl,4494.04,40.68851534,-73.9647628,71,"KEY, CREDITCARD",39,false,1,0,38,0,true,true,true,false,2023-01-26 19:21:56 UTC,399,Lafayette Ave & St James Pl,40.68851534,-73.9647628,71,"KEY, CREDITCARD",1,0
3552,W 113 St & Broadway,7713.01,40.805973,-73.964928,71,"KEY, CREDITCARD",39,false,0,0,39,0,true,true,true,false,2023-01-26 19:23:25 UTC,3552,W 113 St & Broadway,40.805973,-73.964928,71,"KEY, CREDITCARD",0,0
3818,Calyer St & Jewel St,5743.02,40.72984,-73.94839,71,"KEY, CREDITCARD",40,false,37,2,1,0,true,true,true,false,2023-01-26 19:10:05 UTC,3818,Calyer St & Jewel St,40.72984,-73.94839,71,"KEY, CREDITCARD",37,2
3129,Queens Plaza North & Crescent St,6429.01,40.75110165,-73.94073717,71,"KEY, CREDITCARD",40,false,35,1,3,0,true,true,true,false,2023-01-26 19:33:05 UTC,3129,Queens Plaza North & Crescent St,40.75110165,-73.94073717,71,"KEY, CREDITCARD",35,1
485,W 37 St & 5 Ave,6398.06,40.75038009,-73.98338988,71,"KEY, CREDITCARD",40,false,30,3,6,0,true,true,true,false,2023-01-26 19:29:33 UTC,485,W 37 St & 5 Ave,40.75038009,-73.98338988,71,"KEY, CREDITCARD",30,3
4981,Schermerhorn St & Hoyt St,4479.10,40.6886263,-73.9851911,71,"KEY, CREDITCARD",40,false,32,1,7,0,true,true,true,false,2023-01-26 19:32:29 UTC,4981,Schermerhorn St & Hoyt St,40.6886263,-73.9851911,71,"KEY, CREDITCARD",32,1
4706,Rutgers St & Henry St,5230.02,40.713321512081862,-73.990096896886826,71,"KEY, CREDITCARD",40,false,31,1,8,0,true,true,true,false,2023-01-26 19:31:59 UTC,4706,Rutgers St & Henry St,40.713321512081862,-73.990096896886826,71,"KEY, CREDITCARD",31,1
3712,W 35 St & Dyer Ave,6569.08,40.754691750226016,-73.997401893138885,71,"KEY, CREDITCARD",40,false,21,5,13,0,true,true,true,false,2023-01-26 19:24:07 UTC,3712,W 35 St & Dyer Ave,40.754691750226016,-73.997401893138885,71,"KEY, CREDITCARD",21,5
526,E 33 St & 5 Ave,6322.01,40.74765947,-73.98490707,71,"KEY, CREDITCARD",40,false,12,6,21,0,true,true,true,false,2023-01-26 19:30:11 UTC,526,E 33 St & 5 Ave,40.74765947,-73.98490707,71,"KEY, CREDITCARD",12,6
3621,27 Ave & 9 St,7098.05,40.7739825,-73.9309134,71,"KEY, CREDITCARD",40,false,0,3,37,0,true,true,true,false,2023-01-26 18:43:45 UTC,3621,27 Ave & 9 St,40.7739825,-73.9309134,71,"KEY, CREDITCARD",0,3
4123,Central Park W & W 103 St,7577.27,40.795589541053417,-73.961884081363678,71,"KEY, CREDITCARD",40,false,0,1,37,0,true,true,true,false,2023-01-26 17:42:40 UTC,4123,Central Park W & W 103 St,40.795589541053417,-73.961884081363678,71,"KEY, CREDITCARD",0,1
3302,Columbus Ave & W 103 St,7595.17,40.7969347,-73.9643412291,71,"KEY, CREDITCARD",40,false,0,1,38,0,true,true,true,false,2023-01-26 18:55:17 UTC,3302,Columbus Ave & W 103 St,40.7969347,-73.9643412291,71,"KEY, CREDITCARD",0,1
4690,Greenwich St & Rector St,5073.07,40.708065823806457,-74.0135595202446,71,"KEY, CREDITCARD",41,false,40,1,0,0,true,true,true,false,2023-01-26 19:17:45 UTC,4690,Greenwich St & Rector St,40.708065823806457,-74.0135595202446,71,"KEY, CREDITCARD",40,1
3705,Thompson St & Bleecker St,5721.07,40.728400594508287,-73.999687805771828,71,"KEY, CREDITCARD",41,false,40,0,1,0,true,true,true,false,2023-01-26 19:31:50 UTC,3705,Thompson St & Bleecker St,40.728400594508287,-73.999687805771828,71,"KEY, CREDITCARD",40,0
4754,Murray St & West St,5329.08,40.71503,-74.01246,71,"KEY, CREDITCARD",41,false,36,0,5,0,true,true,true,false,2023-01-26 19:14:28 UTC,4754,Murray St & West St,40.71503,-74.01246,71,"KEY, CREDITCARD",36,0
4976,Albee Square W & Fulton St,4556.08,40.690687586143028,-73.983478546142578,71,"KEY, CREDITCARD",41,false,34,1,5,0,true,true,true,false,2023-01-26 19:28:50 UTC,4976,Albee Square W & Fulton St,40.690687586143028,-73.983478546142578,71,"KEY, CREDITCARD",34,1
486,Broadway & W 29 St,6289.06,40.7462009,-73.98855723,71,"KEY, CREDITCARD",41,false,22,8,7,0,true,true,true,false,2023-01-26 19:32:11 UTC,486,Broadway & W 29 St,40.7462009,-73.98855723,71,"KEY, CREDITCARD",22,8
3459,E 53 St & 3 Ave,6617.02,40.757632277394428,-73.969305753707886,71,"KEY, CREDITCARD",41,false,29,5,7,0,true,true,true,false,2023-01-26 19:29:01 UTC,3459,E 53 St & 3 Ave,40.757632277394428,-73.969305753707886,71,"KEY, CREDITCARD",29,5
3588,Vernon Blvd & 10 St,6937.07,40.7671863,-73.9373554,71,"KEY, CREDITCARD",41,false,32,2,7,0,true,true,true,false,2023-01-26 18:09:56 UTC,3588,Vernon Blvd & 10 St,40.7671863,-73.9373554,71,"KEY, CREDITCARD",32,2
261,Johnson St & Gold St,4668.08,40.69474881,-73.98362464,71,"KEY, CREDITCARD",41,false,25,1,15,0,true,true,true,false,2023-01-26 19:20:46 UTC,261,Johnson St & Gold St,40.69474881,-73.98362464,71,"KEY, CREDITCARD",25,1
4705,E 10 St & 2 Ave,5746.02,40.729708056449937,-73.9865979552269,71,"KEY, CREDITCARD",41,false,19,2,19,0,true,true,true,false,2023-01-26 19:29:55 UTC,4705,E 10 St & 2 Ave,40.729708056449937,-73.9865979552269,71,"KEY, CREDITCARD",19,2
3815,E 51 St & 2 Ave,6575.03,40.755293,-73.967641,71,"KEY, CREDITCARD",41,false,19,1,20,0,true,true,true,false,2023-01-26 19:32:11 UTC,3815,E 51 St & 2 Ave,40.755293,-73.967641,71,"KEY, CREDITCARD",19,1
4658,Flatbush Ave & Ocean Ave,3704.04,40.663657,-73.963014,71,"KEY, CREDITCARD",41,false,20,0,20,0,true,true,true,false,2023-01-26 19:06:36 UTC,4658,Flatbush Ave & Ocean Ave,40.663657,-73.963014,71,"KEY, CREDITCARD",20,0
3382,Carroll St & Smith St,4225.14,40.680611,-73.99475825,71,"KEY, CREDITCARD",41,false,12,1,28,0,true,true,true,false,2023-01-26 19:31:25 UTC,3382,Carroll St & Smith St,40.680611,-73.99475825,71,"KEY, CREDITCARD",12,1
529,W 42 St & 8 Ave,6602.05,40.7575699,-73.99098507,71,"KEY, CREDITCARD",41,false,6,0,31,0,true,true,true,false,2023-01-26 19:29:53 UTC,529,W 42 St & 8 Ave,40.7575699,-73.99098507,71,"KEY, CREDITCARD",6,0
3547,Broadway & Moylan Pl,7823.03,40.8143256,-73.9590255,71,"KEY, CREDITCARD",41,false,8,0,33,0,true,true,true,false,2023-01-26 19:28:36 UTC,3547,Broadway & Moylan Pl,40.8143256,-73.9590255,71,"KEY, CREDITCARD",8,0
3166,Riverside Dr & W 72 St,7288.04,40.780577990103339,-73.985624313354492,71,"KEY, CREDITCARD",41,false,3,3,34,0,true,true,true,false,2023-01-26 19:33:14 UTC,3166,Riverside Dr & W 72 St,40.780577990103339,-73.985624313354492,71,"KEY, CREDITCARD",3,3
4279,E 54 St & 1 Ave,6608.09,40.756265,-73.964179,71,"KEY, CREDITCARD",41,false,5,1,34,0,true,true,true,false,2023-01-26 19:27:20 UTC,4279,E 54 St & 1 Ave,40.756265,-73.964179,71,"KEY, CREDITCARD",5,1
3339,Berkeley Pl & 6 Ave,4134.06,40.6765304,-73.97846879,71,"KEY, CREDITCARD",41,false,2,1,37,0,true,true,true,false,2023-01-26 19:22:11 UTC,3339,Berkeley Pl & 6 Ave,40.6765304,-73.97846879,71,"KEY, CREDITCARD",2,1
4702,Ave A & E 14 St,5779.11,40.730310710008951,-73.980471789836884,71,"KEY, CREDITCARD",41,false,2,2,37,0,true,true,true,false,2023-01-26 19:33:07 UTC,4702,Ave A & E 14 St,40.730310710008951,-73.980471789836884,71,"KEY, CREDITCARD",2,2
339,Avenue D & E 12 St,5575.08,40.72580614,-73.97422494,71,"KEY, CREDITCARD",41,false,1,2,38,0,true,true,true,false,2023-01-26 19:30:09 UTC,339,Avenue D & E 12 St,40.72580614,-73.97422494,71,"KEY, CREDITCARD",1,2
3135,E 75 St & 3 Ave,6991.12,40.77112927,-73.95772297,71,"KEY, CREDITCARD",41,false,1,0,38,0,true,true,true,false,2023-01-26 19:16:55 UTC,3135,E 75 St & 3 Ave,40.77112927,-73.95772297,71,"KEY, CREDITCARD",1,0
3336,E 97 St & Madison Ave,7393.09,40.787801,-73.953559,71,"KEY, CREDITCARD",41,false,1,1,38,0,true,true,true,false,2023-01-26 19:24:02 UTC,3336,E 97 St & Madison Ave,40.787801,-73.953559,71,"KEY, CREDITCARD",1,1
3736,E 12 St & Ave C,5616.08,40.727243,-73.976831,71,"KEY, CREDITCARD",41,false,1,0,40,0,true,true,true,false,2023-01-26 19:26:39 UTC,3736,E 12 St & Ave C,40.727243,-73.976831,71,"KEY, CREDITCARD",1,0
2290031f-e7d8-40a3-9ad6-566df493bbbc,Grove St PATH,JC115,40.71941,-74.04309,70,"KEY, CREDITCARD",42,false,26,1,0,30,true,true,true,false,2023-01-26 19:32:13 UTC,2290031f-e7d8-40a3-9ad6-566df493bbbc,Grove St PATH,40.71941,-74.04309,70,"KEY, CREDITCARD",26,1
4688,Whitehall St & Bridge St,4962.02,40.703661705241352,-74.0131813287735,71,"KEY, CREDITCARD",42,false,41,1,0,0,true,true,true,false,2023-01-26 18:10:05 UTC,4688,Whitehall St & Bridge St,40.703661705241352,-74.0131813287735,71,"KEY, CREDITCARD",41,1
330,Reade St & Broadway,5247.10,40.71450451,-74.00562789,71,"KEY, CREDITCARD",42,false,38,1,3,0,true,true,true,false,2023-01-26 19:30:49 UTC,330,Reade St & Broadway,40.71450451,-74.00562789,71,"KEY, CREDITCARD",38,1
4503,Yankee Ferry Terminal,4440.02,40.687065798759122,-74.016755851216658,71,"KEY, CREDITCARD",42,false,38,0,4,0,true,true,true,false,2023-01-26 07:51:20 UTC,4503,Yankee Ferry Terminal,40.687065798759122,-74.016755851216658,71,"KEY, CREDITCARD",38,0
3068,Humboldt St & Varet St,4956.02,40.7031724,-73.940636,71,"KEY, CREDITCARD",42,false,32,2,8,0,true,true,true,false,2023-01-26 19:22:37 UTC,3068,Humboldt St & Varet St,40.7031724,-73.940636,71,"KEY, CREDITCARD",32,2
3074,Montrose Ave & Bushwick Ave,5068.02,40.70767788,-73.94016171,71,"KEY, CREDITCARD",42,false,30,1,11,0,true,true,true,false,2023-01-26 19:27:56 UTC,3074,Montrose Ave & Bushwick Ave,40.70767788,-73.94016171,71,"KEY, CREDITCARD",30,1
3118,McGuinness Blvd & Eagle St,5977.01,40.73555,-73.95284,71,"KEY, CREDITCARD",42,false,17,1,24,0,true,true,true,false,2023-01-26 19:31:08 UTC,3118,McGuinness Blvd & Eagle St,40.73555,-73.95284,71,"KEY, CREDITCARD",17,1
401,Allen St & Rivington St,5414.06,40.72019576,-73.989978250000007,71,"KEY, CREDITCARD",42,false,10,5,27,0,true,true,true,false,2023-01-26 19:31:07 UTC,401,Allen St & Rivington St,40.72019576,-73.989978250000007,71,"KEY, CREDITCARD",10,5
342,Columbia St & Rivington St,5365.02,40.71739973,-73.98016555,71,"KEY, CREDITCARD",42,false,3,0,39,0,true,true,true,false,2023-01-26 19:26:42 UTC,342,Columbia St & Rivington St,40.71739973,-73.98016555,71,"KEY, CREDITCARD",3,0
3152,3 Ave & E 71 St,6960.10,40.76873687,-73.96119945,71,"KEY, CREDITCARD",42,false,0,1,40,0,true,true,true,false,2023-01-26 19:07:10 UTC,3152,3 Ave & E 71 St,40.76873687,-73.96119945,71,"KEY, CREDITCARD",0,1
3584,Eastern Pkwy & Franklin Ave,3919.07,40.6707767,-73.9576801,71,"KEY, CREDITCARD",42,false,0,2,40,0,true,true,true,false,2023-01-26 18:57:34 UTC,3584,Eastern Pkwy & Franklin Ave,40.6707767,-73.9576801,71,"KEY, CREDITCARD",0,2
315,South St & Gouverneur Ln,4953.04,40.70355377,-74.00670227,71,"KEY, CREDITCARD",43,false,41,0,1,0,true,true,true,false,2023-01-26 19:27:41 UTC,315,South St & Gouverneur Ln,40.70355377,-74.00670227,71,"KEY, CREDITCARD",41,0
316,Fulton St & William St,5137.11,40.709600893635368,-74.006550908088684,71,"KEY, CREDITCARD",43,false,37,4,1,0,true,true,true,false,2023-01-26 19:31:02 UTC,316,Fulton St & William St,40.709600893635368,-74.006550908088684,71,"KEY, CREDITCARD",37,4
355,Bayard St & Baxter St,5351.03,40.71602118,-73.99974372,71,"KEY, CREDITCARD",43,false,40,1,1,0,true,true,true,false,2023-01-26 19:02:24 UTC,355,Bayard St & Baxter St,40.71602118,-73.99974372,71,"KEY, CREDITCARD",40,1
2010,Grand St & Greene St,5500.02,40.72170005235607,-74.002381414175019,71,"KEY, CREDITCARD",43,false,38,4,1,0,true,true,true,false,2023-01-26 19:27:23 UTC,2010,Grand St & Greene St,40.72170005235607,-74.002381414175019,71,"KEY, CREDITCARD",38,4
3478,2 Ave & 36 St,3460.01,40.657088666684849,-74.008702039718628,71,"KEY, CREDITCARD",43,false,41,1,1,0,true,true,true,false,2023-01-26 19:31:28 UTC,3478,2 Ave & 36 St,40.657088666684849,-74.008702039718628,71,"KEY, CREDITCARD",41,1
3708,W 13 St & 5 Ave,5947.04,40.735445,-73.99431,71,"KEY, CREDITCARD",43,false,42,0,1,0,true,true,true,false,2023-01-26 19:32:48 UTC,3708,W 13 St & 5 Ave,40.735445,-73.99431,71,"KEY, CREDITCARD",42,0
376,John St & William St,5065.04,40.70862144,-74.00722156,71,"KEY, CREDITCARD",43,false,41,0,2,0,true,true,true,false,2023-01-26 19:31:39 UTC,376,John St & William St,40.70862144,-74.00722156,71,"KEY, CREDITCARD",41,0
3452,Bayard St & Leonard St,5442.05,40.719155716960437,-73.94885390996933,71,"KEY, CREDITCARD",43,false,39,1,3,0,true,true,true,false,2023-01-26 19:33:13 UTC,3452,Bayard St & Leonard St,40.719155716960437,-73.94885390996933,71,"KEY, CREDITCARD",39,1
4691,Washington St & Laight St,5509.02,40.72231,-74.0106,71,"KEY, CREDITCARD",43,false,37,0,3,0,true,true,true,false,2023-01-26 19:02:06 UTC,4691,Washington St & Laight St,40.72231,-74.0106,71,"KEY, CREDITCARD",37,0
4214,Spring St & Hudson St,5653.12,40.725839967923747,-74.0076532959938,71,"KEY, CREDITCARD",43,false,35,3,5,0,true,true,true,false,2023-01-26 19:25:09 UTC,4214,Spring St & Hudson St,40.725839967923747,-74.0076532959938,71,"KEY, CREDITCARD",35,3
532,S 5 Pl & S 5 St,5125.03,40.710451,-73.960876,71,"KEY, CREDITCARD",43,false,28,2,10,0,true,true,true,false,2023-01-26 19:32:28 UTC,532,S 5 Pl & S 5 St,40.710451,-73.960876,71,"KEY, CREDITCARD",28,2
439,E 4 St & 2 Ave,5593.04,40.7262807,-73.98978041,71,"KEY, CREDITCARD",43,false,24,1,18,0,true,true,true,false,2023-01-26 19:28:29 UTC,439,E 4 St & 2 Ave,40.7262807,-73.98978041,71,"KEY, CREDITCARD",24,1
3124,46 Ave & 5 St,6286.02,40.74731,-73.95451,71,"KEY, CREDITCARD",43,false,23,1,18,0,true,true,true,false,2023-01-26 19:20:38 UTC,3124,46 Ave & 5 St,40.74731,-73.95451,71,"KEY, CREDITCARD",23,1
4120,E 39 St & Lexington Ave,6389.09,40.7494985460252,-73.977292031131583,71,"KEY, CREDITCARD",43,false,20,2,21,0,true,true,true,false,2023-01-26 19:24:55 UTC,4120,E 39 St & Lexington Ave,40.7494985460252,-73.977292031131583,71,"KEY, CREDITCARD",20,2
391,Clark St & Henry St,4789.03,40.69760127,-73.99344559,71,"KEY, CREDITCARD",43,false,16,1,26,0,true,true,true,false,2023-01-26 19:26:40 UTC,391,Clark St & Henry St,40.69760127,-73.99344559,71,"KEY, CREDITCARD",16,1
3539,W 116 St & Amsterdam Ave,7692.11,40.8067581,-73.9607082,71,"KEY, CREDITCARD",43,false,1,2,28,11,true,true,true,false,2023-01-26 19:32:57 UTC,3539,W 116 St & Amsterdam Ave,40.8067581,-73.9607082,71,"KEY, CREDITCARD",1,2
3697,W 64 St & Thelonious Monk Circle,7123.04,40.77515953434235,-73.989186957478523,71,"KEY, CREDITCARD",43,false,5,2,34,0,true,true,true,false,2023-01-26 19:33:06 UTC,3697,W 64 St & Thelonious Monk Circle,40.77515953434235,-73.989186957478523,71,"KEY, CREDITCARD",5,2
3163,Central Park West & W 68 St,7079.06,40.7734066,-73.97782542,71,"KEY, CREDITCARD",43,false,0,8,35,0,true,true,true,false,2023-01-26 18:58:53 UTC,3163,Central Park West & W 68 St,40.7734066,-73.97782542,71,"KEY, CREDITCARD",0,8
3635,W 36 St & 9 Ave,6569.07,40.754623240291053,-73.99516761302948,71,"KEY, CREDITCARD",43,false,4,2,35,0,true,true,true,false,2023-01-26 19:30:43 UTC,3635,W 36 St & 9 Ave,40.754623240291053,-73.99516761302948,71,"KEY, CREDITCARD",4,2
3175,W 70 St & Amsterdam Ave,7207.08,40.77748046,-73.98288594,71,"KEY, CREDITCARD",43,false,2,2,36,0,true,true,true,false,2023-01-26 19:15:58 UTC,3175,W 70 St & Amsterdam Ave,40.77748046,-73.98288594,71,"KEY, CREDITCARD",2,2
3536,W 116 St & Broadway,7713.11,40.8082,-73.9641,71,"KEY, CREDITCARD",43,false,3,4,36,0,true,true,true,false,2023-01-26 19:15:09 UTC,3536,W 116 St & Broadway,40.8082,-73.9641,71,"KEY, CREDITCARD",3,4
3139,E 72 St & Park Ave,6998.08,40.771182875406581,-73.964094221591949,71,"KEY, CREDITCARD",43,false,2,3,38,0,true,true,true,false,2023-01-26 19:32:31 UTC,3139,E 72 St & Park Ave,40.771182875406581,-73.964094221591949,71,"KEY, CREDITCARD",2,3
3292,5 Ave & E 93 St,7372.10,40.7857851,-73.957481,71,"KEY, CREDITCARD",43,false,0,3,38,0,true,true,true,false,2023-01-26 19:29:35 UTC,3292,5 Ave & E 93 St,40.7857851,-73.957481,71,"KEY, CREDITCARD",0,3
513,W 56 St & 10 Ave,6955.01,40.768254,-73.988639,71,"KEY, CREDITCARD",43,false,0,2,40,0,true,true,true,false,2023-01-26 19:20:35 UTC,513,W 56 St & 10 Ave,40.768254,-73.988639,71,"KEY, CREDITCARD",0,2
3285,W 87 St & Amsterdam Ave,7458.03,40.78839,-73.9747,71,"KEY, CREDITCARD",43,false,1,1,40,0,true,true,true,false,2023-01-26 19:22:36 UTC,3285,W 87 St & Amsterdam Ave,40.78839,-73.9747,71,"KEY, CREDITCARD",1,1
511,E 14 St & Avenue B,5736.09,40.72938685,-73.97772429,71,"KEY, CREDITCARD",43,false,0,0,42,0,true,true,true,false,2023-01-26 18:55:54 UTC,511,E 14 St & Avenue B,40.72938685,-73.97772429,71,"KEY, CREDITCARD",0,0
4407,Duane St & Hudson St,5359.12,40.71703,-74.00925,71,"KEY, CREDITCARD",44,false,43,0,1,0,true,true,true,false,2023-01-26 19:16:20 UTC,4407,Duane St & Hudson St,40.71703,-74.00925,71,"KEY, CREDITCARD",43,0
4707,E 1 St & Bowery,5636.13,40.724861222548192,-73.992131352424622,71,"KEY, CREDITCARD",44,false,41,1,2,0,true,true,true,false,2023-01-26 19:11:38 UTC,4707,E 1 St & Bowery,40.724861222548192,-73.992131352424622,71,"KEY, CREDITCARD",41,1
334,W 20 St & 7 Ave,6182.02,40.74238787,-73.99726235,71,"KEY, CREDITCARD",44,false,31,4,9,0,true,true,true,false,2023-01-26 19:28:28 UTC,334,W 20 St & 7 Ave,40.74238787,-73.99726235,71,"KEY, CREDITCARD",31,4
4742,Kent Ave & Division Ave,5021.05,40.706563674670925,-73.9683187007904,71,"KEY, CREDITCARD",44,false,29,3,11,0,true,true,true,false,2023-01-26 19:32:35 UTC,4742,Kent Ave & Division Ave,40.706563674670925,-73.9683187007904,71,"KEY, CREDITCARD",29,3
4620,Congress St & Clinton St,4455.10,40.688255165980053,-73.995451927185059,71,"KEY, CREDITCARD",44,false,10,1,32,0,true,true,true,false,2023-01-26 19:17:02 UTC,4620,Congress St & Clinton St,40.688255165980053,-73.995451927185059,71,"KEY, CREDITCARD",10,1
423,W 54 St & 9 Ave,6920.03,40.76584941,-73.98690506,71,"KEY, CREDITCARD",44,false,2,4,35,0,true,true,true,false,2023-01-26 19:27:20 UTC,423,W 54 St & 9 Ave,40.76584941,-73.98690506,71,"KEY, CREDITCARD",2,4
127,Barrow St & Hudson St,5805.05,40.73172428,-74.00674436,71,"KEY, CREDITCARD",45,false,44,1,0,0,true,true,true,false,2023-01-26 19:31:21 UTC,127,Barrow St & Hudson St,40.73172428,-74.00674436,71,"KEY, CREDITCARD",44,1
195,Liberty St & Broadway,5105.01,40.70905623,-74.01043382,71,"KEY, CREDITCARD",45,false,42,1,0,40,true,true,true,false,2023-01-26 19:28:00 UTC,195,Liberty St & Broadway,40.70905623,-74.01043382,71,"KEY, CREDITCARD",42,1
242,Carlton Ave & Flushing Ave,4732.08,40.697787,-73.973736,71,"KEY, CREDITCARD",45,false,45,0,0,0,true,true,true,false,2023-01-26 19:00:42 UTC,242,Carlton Ave & Flushing Ave,40.697787,-73.973736,71,"KEY, CREDITCARD",45,0
4876,Peck Slip & South St,5096.12,40.7075188830923,-74.001080542802811,71,"KEY, CREDITCARD",45,false,43,2,0,0,true,true,true,false,2023-01-26 16:43:40 UTC,4876,Peck Slip & South St,40.7075188830923,-74.001080542802811,71,"KEY, CREDITCARD",43,2
3260,Mercer St & Bleecker St,5679.05,40.727063633483063,-73.996621370315538,71,"KEY, CREDITCARD",45,false,42,1,1,0,true,true,true,false,2023-01-26 19:33:04 UTC,3260,Mercer St & Bleecker St,40.727063633483063,-73.996621370315538,71,"KEY, CREDITCARD",42,1
4709,Greene St & Prince St,5602.06,40.725117344223868,-73.999304920434952,71,"KEY, CREDITCARD",45,false,43,0,1,0,true,true,true,false,2023-01-26 19:32:07 UTC,4709,Greene St & Prince St,40.725117344223868,-73.999304920434952,71,"KEY, CREDITCARD",43,0
5003,Main St & Plymouth St,4936.21,40.703781673548313,-73.990733921527863,71,"KEY, CREDITCARD",45,false,44,0,1,0,true,true,true,false,2023-01-26 18:56:56 UTC,5003,Main St & Plymouth St,40.703781673548313,-73.990733921527863,71,"KEY, CREDITCARD",44,0
4735,Broadway & E 19 St,6098.12,40.738660914285511,-73.989872932434068,71,"KEY, CREDITCARD",45,false,37,2,2,0,true,true,true,false,2023-01-26 19:28:09 UTC,4735,Broadway & E 19 St,40.738660914285511,-73.989872932434068,71,"KEY, CREDITCARD",37,2
4875,Church St & Worth St,5359.13,40.716885384953663,-74.006501287221909,71,"KEY, CREDITCARD",45,false,42,1,2,0,true,true,true,false,2023-01-26 19:27:59 UTC,4875,Church St & Worth St,40.716885384953663,-74.006501287221909,71,"KEY, CREDITCARD",42,1
503,E 20 St & Park Ave,6055.08,40.73827428,-73.98751968,71,"KEY, CREDITCARD",45,false,39,0,3,0,true,true,true,false,2023-01-26 19:28:50 UTC,503,E 20 St & Park Ave,40.73827428,-73.98751968,71,"KEY, CREDITCARD",39,0
3119,Vernon Blvd & 50 Ave,6170.02,40.74232744,-73.95411749,71,"KEY, CREDITCARD",45,false,40,2,3,0,true,true,true,false,2023-01-26 19:30:52 UTC,3119,Vernon Blvd & 50 Ave,40.74232744,-73.95411749,71,"KEY, CREDITCARD",40,2
3479,Picnic Point,4374.01,40.685125595154148,-74.025353193283081,71,"KEY, CREDITCARD",45,false,42,0,3,0,true,true,true,false,2023-01-26 17:43:47 UTC,3479,Picnic Point,40.685125595154148,-74.025353193283081,71,"KEY, CREDITCARD",42,0
458,11 Ave & W 27 St,6425.04,40.751396,-74.005226,71,"KEY, CREDITCARD",45,false,35,2,5,0,true,true,true,false,2023-01-26 19:31:27 UTC,458,11 Ave & W 27 St,40.751396,-74.005226,71,"KEY, CREDITCARD",35,2
3435,Grand St & Elizabeth St,5382.06,40.718822,-73.99596,71,"KEY, CREDITCARD",45,false,36,2,6,0,true,true,true,false,2023-01-26 19:33:09 UTC,3435,Grand St & Elizabeth St,40.718822,-73.99596,71,"KEY, CREDITCARD",36,2
408,Market St & Cherry St,5198.04,40.71076228,-73.99400398,71,"KEY, CREDITCARD",45,false,34,0,11,0,true,true,true,false,2023-01-26 19:20:37 UTC,408,Market St & Cherry St,40.71076228,-73.99400398,71,"KEY, CREDITCARD",34,0
4711,W 12 St & Hudson St,5997.10,40.737529933010713,-74.005589336156845,71,"KEY, CREDITCARD",45,false,32,0,13,0,true,true,true,false,2023-01-26 19:27:04 UTC,4711,W 12 St & Hudson St,40.737529933010713,-74.005589336156845,71,"KEY, CREDITCARD",32,0
4297,Greenwich St & Perry St,5922.04,40.73498,-74.00697,71,"KEY, CREDITCARD",45,false,27,1,15,0,true,true,true,false,2023-01-26 19:15:07 UTC,4297,Greenwich St & Perry St,40.73498,-74.00697,71,"KEY, CREDITCARD",27,1
3142,1 Ave & E 62 St,6753.08,40.7612274,-73.96094022,71,"KEY, CREDITCARD",45,false,11,4,27,0,true,true,true,false,2023-01-26 19:21:18 UTC,3142,1 Ave & E 62 St,40.7612274,-73.96094022,71,"KEY, CREDITCARD",11,4
546,E 30 St & Park Ave S,6206.08,40.74444921,-73.98303529,71,"KEY, CREDITCARD",45,false,15,1,28,0,true,true,true,false,2023-01-26 19:20:49 UTC,546,E 30 St & Park Ave S,40.74444921,-73.98303529,71,"KEY, CREDITCARD",15,1
307,Canal St & Rutgers St,5303.08,40.71427487,-73.98990025,71,"KEY, CREDITCARD",45,false,14,0,31,0,true,true,true,false,2023-01-26 19:28:18 UTC,307,Canal St & Rutgers St,40.71427487,-73.98990025,71,"KEY, CREDITCARD",14,0
4727,W 40 St & 7 Ave,6560.14,40.754818,-73.988154,71,"KEY, CREDITCARD",45,false,6,2,37,0,true,true,true,false,2023-01-26 19:25:45 UTC,4727,W 40 St & 7 Ave,40.754818,-73.988154,71,"KEY, CREDITCARD",6,2
3318,2 Ave & E 96 St,7338.02,40.7839636,-73.9471673,71,"KEY, CREDITCARD",45,false,1,5,38,0,true,true,true,false,2023-01-26 19:28:00 UTC,3318,2 Ave & E 96 St,40.7839636,-73.9471673,71,"KEY, CREDITCARD",1,5
3226,W 82 St & Central Park West,7304.08,40.78275,-73.97137,71,"KEY, CREDITCARD",45,false,0,3,40,0,true,true,true,false,2023-01-26 19:19:58 UTC,3226,W 82 St & Central Park West,40.78275,-73.97137,71,"KEY, CREDITCARD",0,3
3523,24 Ave & 29 St,7119.04,40.7729,-73.916142,71,"KEY, CREDITCARD",45,false,4,1,40,0,true,true,true,false,2023-01-26 18:52:53 UTC,3523,24 Ave & 29 St,40.7729,-73.916142,71,"KEY, CREDITCARD",4,1
3538,W 110 St & Amsterdam Ave,7646.04,40.802692,-73.96295,71,"KEY, CREDITCARD",45,false,0,2,42,0,true,true,true,false,2023-01-26 18:54:42 UTC,3538,W 110 St & Amsterdam Ave,40.802692,-73.96295,71,"KEY, CREDITCARD",0,2
432,E 7 St & Avenue A,5626.07,40.72621788,-73.98379855,71,"KEY, CREDITCARD",45,false,0,1,44,0,true,true,true,false,2023-01-26 19:29:57 UTC,432,E 7 St & Avenue A,40.72621788,-73.98379855,71,"KEY, CREDITCARD",0,1
3145,E 84 St & Park Ave,7243.04,40.77862688,-73.95772073,71,"KEY, CREDITCARD",45,false,0,0,44,0,true,true,true,false,2023-01-26 19:23:25 UTC,3145,E 84 St & Park Ave,40.77862688,-73.95772073,71,"KEY, CREDITCARD",0,0
4278,Albany St & Greenwich St,5145.02,40.709267,-74.013247,71,"KEY, CREDITCARD",46,false,46,0,0,0,true,true,true,false,2023-01-26 19:06:03 UTC,4278,Albany St & Greenwich St,40.709267,-74.013247,71,"KEY, CREDITCARD",46,0
0b56ffe7-056e-43ef-a0ac-9e1790f02f3d,Hoboken Terminal - River St & Hudson Pl,HB102,40.7360676564825,-74.029127061367035,311,"KEY, CREDITCARD",46,false,44,1,1,0,true,true,true,false,2023-01-26 19:32:20 UTC,0b56ffe7-056e-43ef-a0ac-9e1790f02f3d,Hoboken Terminal - River St & Hudson Pl,40.7360676564825,-74.029127061367035,311,"KEY, CREDITCARD",44,1
3144,E 81 St & Park Ave,7188.10,40.77677702,-73.9590097,71,"KEY, CREDITCARD",46,false,1,0,45,0,true,true,true,false,2023-01-26 19:08:14 UTC,3144,E 81 St & Park Ave,40.77677702,-73.9590097,71,"KEY, CREDITCARD",1,0
3154,E 77 St & 3 Ave,7092.06,40.77314236,-73.95856158,71,"KEY, CREDITCARD",46,false,0,0,46,0,true,true,true,false,2023-01-26 19:28:59 UTC,3154,E 77 St & 3 Ave,40.77314236,-73.95856158,71,"KEY, CREDITCARD",0,0
4590,Bridge St & Water St,4968.03,40.702969341552723,-73.98469090461731,71,"KEY, CREDITCARD",47,false,45,1,0,0,true,true,true,false,2023-01-26 19:24:50 UTC,4590,Bridge St & Water St,40.702969341552723,-73.98469090461731,71,"KEY, CREDITCARD",45,1
4594,Ashland Pl & Dekalb Ave,4513.09,40.690065,-73.978776,71,"KEY, CREDITCARD",47,false,46,1,0,0,true,true,true,false,2023-01-26 19:08:35 UTC,4594,Ashland Pl & Dekalb Ave,40.690065,-73.978776,71,"KEY, CREDITCARD",46,1
4733,River Ter & Warren St,5368.03,40.717598949809968,-74.01587963104248,71,"KEY, CREDITCARD",47,false,44,3,0,0,true,true,true,false,2023-01-26 17:59:30 UTC,4733,River Ter & Warren St,40.717598949809968,-74.01587963104248,71,"KEY, CREDITCARD",44,3
4689,Broadway & Morris St,5033.01,40.705945132708806,-74.013218879699693,71,"KEY, CREDITCARD",47,false,45,1,1,0,true,true,true,false,2023-01-26 19:28:05 UTC,4689,Broadway & Morris St,40.705945132708806,-74.013218879699693,71,"KEY, CREDITCARD",45,1
4728,Gramercy Park N & Gramercy Park E,6013.12,40.73795,-73.98509,71,"KEY, CREDITCARD",47,false,39,4,2,0,true,true,true,false,2023-01-26 19:31:47 UTC,4728,Gramercy Park N & Gramercy Park E,40.73795,-73.98509,71,"KEY, CREDITCARD",39,4
308,St James Pl & Oliver St,5238.05,40.71307916,-73.99851193,71,"KEY, CREDITCARD",47,false,38,4,4,0,true,true,true,false,2023-01-26 19:21:33 UTC,308,St James Pl & Oliver St,40.71307916,-73.99851193,71,"KEY, CREDITCARD",38,4
4737,Walker St & Baxter St,5351.07,40.717411,-73.999573,71,"KEY, CREDITCARD",47,false,39,1,6,0,true,true,true,false,2023-01-26 19:31:23 UTC,4737,Walker St & Baxter St,40.717411,-73.999573,71,"KEY, CREDITCARD",39,1
4741,W 17 St & 7 Ave,6107.08,40.740564236339523,-73.998525738716125,71,"KEY, CREDITCARD",47,false,40,1,6,0,true,true,true,false,2023-01-26 19:28:57 UTC,4741,W 17 St & 7 Ave,40.740564236339523,-73.998525738716125,71,"KEY, CREDITCARD",40,1
254,W 11 St & 6 Ave,5914.03,40.73532427,-73.99800419,71,"KEY, CREDITCARD",47,false,37,2,7,0,true,true,true,false,2023-01-26 19:33:01 UTC,254,W 11 St & 6 Ave,40.73532427,-73.99800419,71,"KEY, CREDITCARD",37,2
5009,Pacific St & Smith St,4446.03,40.687880939612775,-73.989392817020416,71,"KEY, CREDITCARD",47,false,34,2,10,0,true,true,true,false,2023-01-26 18:58:21 UTC,5009,Pacific St & Smith St,40.687880939612775,-73.989392817020416,71,"KEY, CREDITCARD",34,2
265,Stanton St & Chrystie St,5523.02,40.72229346,-73.99147535,71,"KEY, CREDITCARD",47,false,35,1,11,0,true,true,true,false,2023-01-26 19:32:16 UTC,265,Stanton St & Chrystie St,40.72229346,-73.99147535,71,"KEY, CREDITCARD",35,1
3440,Fulton St & Adams St,4637.06,40.692418292578473,-73.989494740962982,71,"KEY, CREDITCARD",47,false,33,1,12,0,true,true,true,false,2023-01-26 19:30:58 UTC,3440,Fulton St & Adams St,40.692418292578473,-73.989494740962982,71,"KEY, CREDITCARD",33,1
4697,E 6 St & 2 Ave,5669.12,40.727378693232232,-73.988408446311951,71,"KEY, CREDITCARD",47,false,31,0,15,0,true,true,true,false,2023-01-26 19:14:34 UTC,4697,E 6 St & 2 Ave,40.727378693232232,-73.988408446311951,71,"KEY, CREDITCARD",31,0
3123,31 St & Thomson Ave,6227.02,40.74469738,-73.93540375,71,"KEY, CREDITCARD",47,false,27,0,20,0,true,false,false,false,2023-01-25 08:48:59 UTC,3123,31 St & Thomson Ave,40.74469738,-73.93540375,71,"KEY, CREDITCARD",27,0
4593,Myrtle Ave & Fleet Pl,4628.07,40.693534,-73.981909,71,"KEY, CREDITCARD",47,false,25,1,21,0,true,true,true,false,2023-01-26 19:05:54 UTC,4593,Myrtle Ave & Fleet Pl,40.693534,-73.981909,71,"KEY, CREDITCARD",25,1
223,W 13 St & 7 Ave,6030.04,40.73781509,-73.99994661,71,"KEY, CREDITCARD",47,false,20,0,26,0,true,true,true,false,2023-01-26 19:14:56 UTC,223,W 13 St & 7 Ave,40.73781509,-73.99994661,71,"KEY, CREDITCARD",20,0
4701,Ave A & E 11 St,5703.13,40.728547450239439,-73.981759250164032,71,"KEY, CREDITCARD",47,false,3,2,38,0,true,true,true,false,2023-01-26 19:32:42 UTC,4701,Ave A & E 11 St,40.728547450239439,-73.981759250164032,71,"KEY, CREDITCARD",3,2
3143,5 Ave & E 78 St,7161.08,40.776321421822708,-73.964273929595947,71,"KEY, CREDITCARD",47,false,1,5,40,0,true,true,true,false,2023-01-26 19:28:19 UTC,3143,5 Ave & E 78 St,40.776321421822708,-73.964273929595947,71,"KEY, CREDITCARD",1,5
5053,Hudson Blvd W & W 36 St,6611.07,40.756764750865031,-73.999714404399128,71,"KEY, CREDITCARD",47,false,6,0,41,0,true,true,true,false,2023-01-26 18:59:46 UTC,5053,Hudson Blvd W & W 36 St,40.756764750865031,-73.999714404399128,71,"KEY, CREDITCARD",6,0
3283,W 89 St & Columbus Ave,7432.09,40.7882213,-73.97041561,71,"KEY, CREDITCARD",47,false,3,1,42,0,true,true,true,false,2023-01-26 19:31:49 UTC,3283,W 89 St & Columbus Ave,40.7882213,-73.97041561,71,"KEY, CREDITCARD",3,1
4830,E 17 St & 2 Ave,5896.01,40.734311662765748,-73.983725309371948,71,"KEY, CREDITCARD",47,false,2,3,42,0,true,true,true,false,2023-01-26 19:32:59 UTC,4830,E 17 St & 2 Ave,40.734311662765748,-73.983725309371948,71,"KEY, CREDITCARD",2,3
3146,E 81 St & 3 Ave,7154.07,40.77573034,-73.9567526,71,"KEY, CREDITCARD",47,false,1,1,44,0,true,true,true,false,2023-01-26 19:23:07 UTC,3146,E 81 St & 3 Ave,40.77573034,-73.9567526,71,"KEY, CREDITCARD",1,1
3151,E 81 St & York Ave,7084.12,40.7728384,-73.94989233,71,"KEY, CREDITCARD",47,false,0,2,44,0,true,true,true,false,2023-01-26 19:28:31 UTC,3151,E 81 St & York Ave,40.7728384,-73.94989233,71,"KEY, CREDITCARD",0,2
4699,E 7 St & Ave B,5584.05,40.7251285241158,-73.981316685676575,71,"KEY, CREDITCARD",47,false,0,2,45,0,true,true,true,false,2023-01-26 18:39:03 UTC,4699,E 7 St & Ave B,40.7251285241158,-73.981316685676575,71,"KEY, CREDITCARD",0,2
3287,W 87 St & West End Ave,7484.05,40.789622,-73.97757,71,"KEY, CREDITCARD",47,false,1,0,46,0,true,true,true,false,2023-01-26 19:29:43 UTC,3287,W 87 St & West End Ave,40.789622,-73.97757,71,"KEY, CREDITCARD",1,0
5010,E 85 St & East End Ave,7113.05,40.774318113273921,-73.94548773765564,71,"KEY, CREDITCARD",47,false,0,0,46,0,true,true,true,false,2023-01-26 19:29:42 UTC,5010,E 85 St & East End Ave,40.774318113273921,-73.94548773765564,71,"KEY, CREDITCARD",0,0
3689,W 104 St & Amsterdam Ave,7610.13,40.799041392882977,-73.966494798660278,71,"KEY, CREDITCARD",47,false,0,0,47,0,true,true,true,false,2023-01-26 19:24:26 UTC,3689,W 104 St & Amsterdam Ave,40.799041392882977,-73.966494798660278,71,"KEY, CREDITCARD",0,0
304,Broadway & Battery Pl,4962.01,40.70463334,-74.01361706,71,"KEY, CREDITCARD",48,false,46,2,0,0,true,true,true,false,2023-01-26 19:31:54 UTC,304,Broadway & Battery Pl,40.70463334,-74.01361706,71,"KEY, CREDITCARD",46,2
4592,Sands St & Jay St,4821.03,40.700119,-73.9862,71,"KEY, CREDITCARD",48,false,46,1,1,0,true,true,true,false,2023-01-26 19:31:35 UTC,4592,Sands St & Jay St,40.700119,-73.9862,71,"KEY, CREDITCARD",46,1
4980,2 Ave & 39 St,3460.05,40.655722167971554,-74.010008275508881,71,"KEY, CREDITCARD",48,false,45,1,1,0,true,true,true,false,2023-01-26 17:59:00 UTC,4980,2 Ave & 39 St,40.655722167971554,-74.010008275508881,71,"KEY, CREDITCARD",45,1
4648,Vesey St & Church St,5216.06,40.712219580090512,-74.010472297668457,71,"KEY, CREDITCARD",48,false,43,3,2,0,true,true,true,false,2023-01-26 19:31:05 UTC,4648,Vesey St & Church St,40.712219580090512,-74.010472297668457,71,"KEY, CREDITCARD",43,3
390,Duffield St & Willoughby St,4596.05,40.69221589,-73.9842844,71,"KEY, CREDITCARD",48,false,40,2,6,0,true,true,true,false,2023-01-26 19:32:21 UTC,390,Duffield St & Willoughby St,40.69221589,-73.9842844,71,"KEY, CREDITCARD",40,2
3409,Bergen St & Smith St,4446.01,40.6867443,-73.99063168,71,"KEY, CREDITCARD",48,false,39,0,9,0,true,true,true,false,2023-01-26 19:32:33 UTC,3409,Bergen St & Smith St,40.6867443,-73.99063168,71,"KEY, CREDITCARD",39,0
516,E 47 St & 1 Ave,6498.09,40.75206862,-73.96784384,71,"KEY, CREDITCARD",48,false,26,1,19,0,true,true,true,false,2023-01-26 19:10:31 UTC,516,E 47 St & 1 Ave,40.75206862,-73.96784384,71,"KEY, CREDITCARD",26,1
3376,E 65 St & 2 Ave,6860.12,40.764718519443392,-73.962220698595047,71,"KEY, CREDITCARD",48,false,0,7,30,10,true,true,true,false,2023-01-26 19:30:42 UTC,3376,E 65 St & 2 Ave,40.764718519443392,-73.962220698595047,71,"KEY, CREDITCARD",0,7
4647,W 168th S & Fort Washington Ave,8226.07,40.84210236102173,-73.9422395825386,71,"KEY, CREDITCARD",48,false,3,1,40,0,true,true,true,false,2023-01-26 19:05:20 UTC,4647,W 168th S & Fort Washington Ave,40.84210236102173,-73.9422395825386,71,"KEY, CREDITCARD",3,1
3360,Amsterdam Ave & W 79 St,7311.02,40.7829391,-73.9786517,71,"KEY, CREDITCARD",48,false,0,3,43,0,true,true,true,false,2023-01-26 19:01:16 UTC,3360,Amsterdam Ave & W 79 St,40.7829391,-73.9786517,71,"KEY, CREDITCARD",0,3
4124,Central Park W & W 91 St,7453.01,40.788664991278843,-73.966800570487976,71,"KEY, CREDITCARD",48,false,0,4,43,0,true,true,true,false,2023-01-26 19:16:02 UTC,4124,Central Park W & W 91 St,40.788664991278843,-73.966800570487976,71,"KEY, CREDITCARD",0,4
4704,E 5 St & Ave A,5626.06,40.724790077463368,-73.984300643205643,71,"KEY, CREDITCARD",48,false,1,1,46,0,true,true,true,false,2023-01-26 19:28:09 UTC,4704,E 5 St & Ave A,40.724790077463368,-73.984300643205643,71,"KEY, CREDITCARD",1,1
260,Broad St & Bridge St,4962.08,40.70365182,-74.01167797,71,"KEY, CREDITCARD",49,false,47,1,0,0,true,true,true,false,2023-01-26 19:12:52 UTC,260,Broad St & Bridge St,40.70365182,-74.01167797,71,"KEY, CREDITCARD",47,1
319,Fulton St & Broadway,5175.08,40.711066,-74.009447,71,"KEY, CREDITCARD",49,false,46,3,0,0,true,true,true,false,2023-01-26 19:01:36 UTC,319,Fulton St & Broadway,40.711066,-74.009447,71,"KEY, CREDITCARD",46,3
152,Warren St & W Broadway,5288.09,40.71473993,-74.00910627,71,"KEY, CREDITCARD",49,false,44,1,1,0,true,true,true,false,2023-01-26 19:13:37 UTC,152,Warren St & W Broadway,40.71473993,-74.00910627,71,"KEY, CREDITCARD",44,1
3786,Division St & Bowery,5270.08,40.714193,-73.996732,71,"KEY, CREDITCARD",49,false,39,4,4,0,true,true,true,false,2023-01-26 19:32:54 UTC,3786,Division St & Bowery,40.714193,-73.996732,71,"KEY, CREDITCARD",39,4
3813,W 20 St & 10 Ave,6306.01,40.745686,-74.005141,71,"KEY, CREDITCARD",49,false,42,2,4,0,true,true,true,false,2023-01-26 19:26:43 UTC,3813,W 20 St & 10 Ave,40.745686,-74.005141,71,"KEY, CREDITCARD",42,2
4240,E 44 St & Lexington Ave,6464.09,40.752643,-73.974996,71,"KEY, CREDITCARD",49,false,41,1,4,0,true,true,true,false,2023-01-26 19:30:36 UTC,4240,E 44 St & Lexington Ave,40.752643,-73.974996,71,"KEY, CREDITCARD",41,1
305,E 58 St & 3 Ave,6762.02,40.76095756,-73.96724467,71,"KEY, CREDITCARD",49,false,26,0,22,0,true,true,true,false,2023-01-26 19:32:25 UTC,305,E 58 St & 3 Ave,40.76095756,-73.96724467,71,"KEY, CREDITCARD",26,0
3246,Montague St & Clinton St,4677.06,40.6942715,-73.9923272,71,"KEY, CREDITCARD",49,false,18,1,30,0,true,true,true,false,2023-01-26 19:31:14 UTC,3246,Montague St & Clinton St,40.6942715,-73.9923272,71,"KEY, CREDITCARD",18,1
312,Allen St & Stanton St,5484.09,40.722055,-73.989111,71,"KEY, CREDITCARD",49,false,9,3,35,0,true,true,true,false,2023-01-26 19:20:22 UTC,312,Allen St & Stanton St,40.722055,-73.989111,71,"KEY, CREDITCARD",9,3
4044,8 Ave & W 38 St,6526.05,40.75461,-73.99177,71,"KEY, CREDITCARD",49,false,1,4,40,0,true,true,true,false,2023-01-26 19:29:24 UTC,4044,8 Ave & W 38 St,40.75461,-73.99177,71,"KEY, CREDITCARD",1,4
4725,E 22 St & 2 Ave,5971.09,40.737169193698819,-73.981225490570068,71,"KEY, CREDITCARD",49,false,8,1,40,0,true,true,true,false,2023-01-26 19:33:11 UTC,4725,E 22 St & 2 Ave,40.737169193698819,-73.981225490570068,71,"KEY, CREDITCARD",8,1
3737,Stanton St & Norfolk St,5445.07,40.720747,-73.986274,71,"KEY, CREDITCARD",49,false,1,1,45,0,true,true,true,false,2023-01-26 19:30:40 UTC,3737,Stanton St & Norfolk St,40.720747,-73.986274,71,"KEY, CREDITCARD",1,1
3740,W Broadway & W Houston St,5644.05,40.726378,-74.000472,71,"KEY, CREDITCARD",50,false,39,2,0,9,true,true,true,false,2023-01-26 19:28:47 UTC,3740,W Broadway & W Houston St,40.726378,-74.000472,71,"KEY, CREDITCARD",39,2
3115,India St & Manhattan Ave,5826.02,40.73232194,-73.9550858,71,"KEY, CREDITCARD",50,false,46,3,1,0,true,true,true,false,2023-01-26 19:00:30 UTC,3115,India St & Manhattan Ave,40.73232194,-73.9550858,71,"KEY, CREDITCARD",46,3
4333,E 5 St & Cooper Sq,5712.12,40.72769,-73.990993,71,"KEY, CREDITCARD",50,false,42,1,6,0,true,true,true,false,2023-01-26 19:25:14 UTC,4333,E 5 St & Cooper Sq,40.72769,-73.990993,71,"KEY, CREDITCARD",42,1
143,Clinton St & Joralemon St,4605.04,40.69239502,-73.99337909,71,"KEY, CREDITCARD",50,false,40,2,7,0,true,true,true,false,2023-01-26 19:26:03 UTC,143,Clinton St & Joralemon St,40.69239502,-73.99337909,71,"KEY, CREDITCARD",40,2
442,W 27 St & 7 Ave,6247.06,40.746647,-73.993915,71,"KEY, CREDITCARD",50,false,18,3,29,0,true,true,true,false,2023-01-26 19:29:43 UTC,442,W 27 St & 7 Ave,40.746647,-73.993915,71,"KEY, CREDITCARD",18,3
3734,E 58 St & 1 Ave (NW Corner),6723.10,40.759125,-73.962658,71,"KEY, CREDITCARD",50,false,8,3,36,0,true,true,true,false,2023-01-26 18:57:16 UTC,3734,E 58 St & 1 Ave (NW Corner),40.759125,-73.962658,71,"KEY, CREDITCARD",8,3
4720,E 35 St & Madison Ave,6398.08,40.74848023448579,-73.982555866241455,71,"KEY, CREDITCARD",50,false,10,3,36,0,true,true,true,false,2023-01-26 19:25:36 UTC,4720,E 35 St & Madison Ave,40.74848023448579,-73.982555866241455,71,"KEY, CREDITCARD",10,3
4712,W 56 St & 8 Ave,6884.03,40.765959181657976,-73.983135223388672,71,"KEY, CREDITCARD",50,false,3,4,42,0,true,true,true,false,2023-01-26 19:30:33 UTC,4712,W 56 St & 8 Ave,40.765959181657976,-73.983135223388672,71,"KEY, CREDITCARD",3,4
3136,5 Ave & E 63 St,6904.06,40.766368,-73.971518,71,"KEY, CREDITCARD",51,false,39,7,2,0,true,true,true,false,2023-01-26 19:29:01 UTC,3136,5 Ave & E 63 St,40.766368,-73.971518,71,"KEY, CREDITCARD",39,7
405,Washington St & Gansevoort St,6039.06,40.739323,-74.008119,71,"KEY, CREDITCARD",51,false,40,4,4,0,true,true,true,false,2023-01-26 19:31:44 UTC,405,Washington St & Gansevoort St,40.739323,-74.008119,71,"KEY, CREDITCARD",40,4
4734,W 33 St & 10 Ave,6492.04,40.753773368360392,-73.999375998973846,71,"KEY, CREDITCARD",51,false,44,1,4,0,true,true,true,false,2023-01-26 19:24:38 UTC,4734,W 33 St & 10 Ave,40.753773368360392,-73.999375998973846,71,"KEY, CREDITCARD",44,1
3132,E 59 St & Madison Ave,6801.01,40.76350532,-73.97109243,71,"KEY, CREDITCARD",51,false,44,2,5,0,true,true,true,false,2023-01-26 19:13:39 UTC,3132,E 59 St & Madison Ave,40.76350532,-73.97109243,71,"KEY, CREDITCARD",44,2
456,E 53 St & Madison Ave,6659.03,40.7597108,-73.97402311,71,"KEY, CREDITCARD",51,false,36,3,7,0,true,true,true,false,2023-01-26 19:31:49 UTC,456,E 53 St & Madison Ave,40.7597108,-73.97402311,71,"KEY, CREDITCARD",36,3
3419,Douglass St & 4 Ave,4175.14,40.6792788,-73.98154004,71,"KEY, CREDITCARD",51,false,44,0,7,0,true,true,true,false,2023-01-26 18:33:07 UTC,3419,Douglass St & 4 Ave,40.6792788,-73.98154004,71,"KEY, CREDITCARD",44,0
284,Greenwich Ave & 8 Ave,6072.06,40.7390169121,-74.0026376103,71,"KEY, CREDITCARD",51,false,38,2,10,0,true,true,true,false,2023-01-26 19:23:18 UTC,284,Greenwich Ave & 8 Ave,40.7390169121,-74.0026376103,71,"KEY, CREDITCARD",38,2
388,W 26 St & 10 Ave,6382.05,40.749717753,-74.002950346,71,"KEY, CREDITCARD",51,false,35,0,13,0,true,true,true,false,2023-01-26 19:24:56 UTC,388,W 26 St & 10 Ave,40.749717753,-74.002950346,71,"KEY, CREDITCARD",35,0
3100,Nassau Ave & Newell St,5623.03,40.724812564400175,-73.947526216506958,71,"KEY, CREDITCARD",51,false,27,2,20,0,true,true,true,false,2023-01-26 19:22:03 UTC,3100,Nassau Ave & Newell St,40.724812564400175,-73.947526216506958,71,"KEY, CREDITCARD",27,2
514,12 Ave & W 40 St,6765.01,40.76087502,-74.00277668,71,"KEY, CREDITCARD",51,false,15,7,26,0,true,true,true,false,2023-01-26 19:30:22 UTC,514,12 Ave & W 40 St,40.76087502,-74.00277668,71,"KEY, CREDITCARD",15,7
244,Willoughby Ave & Hall St,4611.03,40.69196035,-73.96536851,71,"KEY, CREDITCARD",51,false,8,0,36,6,true,true,true,false,2023-01-26 19:28:39 UTC,244,Willoughby Ave & Hall St,40.69196035,-73.96536851,71,"KEY, CREDITCARD",8,0
3134,3 Ave & E 62 St,6762.04,40.76312584,-73.96526895,71,"KEY, CREDITCARD",51,false,12,1,38,0,true,true,true,false,2023-01-26 19:26:56 UTC,3134,3 Ave & E 62 St,40.76312584,-73.96526895,71,"KEY, CREDITCARD",12,1
4724,E 20 St & FDR Dr,5886.13,40.733208626522426,-73.9756813647,71,"KEY, CREDITCARD",51,false,7,1,43,0,true,true,true,false,2023-01-26 19:15:45 UTC,4724,E 20 St & FDR Dr,40.733208626522426,-73.9756813647,71,"KEY, CREDITCARD",7,1
3108,Nassau Ave & Russell St,5581.01,40.72557,-73.94434,71,"KEY, CREDITCARD",51,false,4,2,45,0,true,true,true,false,2023-01-26 19:15:32 UTC,3108,Nassau Ave & Russell St,40.72557,-73.94434,71,"KEY, CREDITCARD",4,2
3165,Central Park West & W 72 St,7141.07,40.775793766836657,-73.9762057363987,71,"KEY, CREDITCARD",51,false,0,1,46,1,true,true,true,false,2023-01-26 19:28:24 UTC,3165,Central Park West & W 72 St,40.775793766836657,-73.9762057363987,71,"KEY, CREDITCARD",0,1
420,Clermont Ave & Lafayette Ave,4461.01,40.68764484,-73.96968902,71,"KEY, CREDITCARD",51,false,2,2,47,0,true,true,true,false,2023-01-26 19:30:43 UTC,420,Clermont Ave & Lafayette Ave,40.68764484,-73.96968902,71,"KEY, CREDITCARD",2,2
232,Cadman Plaza E & Tillary St,4677.01,40.69597683,-73.99014892,71,"KEY, CREDITCARD",52,false,19,0,33,0,true,true,true,false,2023-01-26 19:28:14 UTC,232,Cadman Plaza E & Tillary St,40.69597683,-73.99014892,71,"KEY, CREDITCARD",19,0
505,6 Ave & W 33 St,6364.07,40.74901271,-73.98848395,71,"KEY, CREDITCARD",52,false,10,1,37,0,true,true,true,false,2023-01-26 19:31:47 UTC,505,6 Ave & W 33 St,40.74901271,-73.98848395,71,"KEY, CREDITCARD",10,1
2017,E 43 St & 2 Ave,6422.08,40.75022392,-73.97121414,71,"KEY, CREDITCARD",52,false,5,0,45,0,true,true,true,false,2023-01-26 19:24:02 UTC,2017,E 43 St & 2 Ave,40.75022392,-73.97121414,71,"KEY, CREDITCARD",5,0
3106,Driggs Ave & N Henry St,5542.04,40.72325,-73.94308,71,"KEY, CREDITCARD",52,false,4,2,46,0,true,true,true,false,2023-01-26 19:25:43 UTC,3106,Driggs Ave & N Henry St,40.72325,-73.94308,71,"KEY, CREDITCARD",4,2
4683,Broadway & W 61 St,7014.12,40.770030102550443,-73.9819684624672,71,"KEY, CREDITCARD",52,false,1,4,46,0,true,true,true,false,2023-01-26 19:32:08 UTC,4683,Broadway & W 61 St,40.770030102550443,-73.9819684624672,71,"KEY, CREDITCARD",1,4
4710,Water St &  Fletcher St,5024.10,40.706410755236135,-74.00559738278389,71,"KEY, CREDITCARD",53,false,47,2,3,0,true,true,true,false,2023-01-26 19:24:23 UTC,4710,Water St &  Fletcher St,40.706410755236135,-74.00559738278389,71,"KEY, CREDITCARD",47,2
119,Park Ave & St Edwards St,4700.06,40.69608941,-73.97803415,71,"KEY, CREDITCARD",53,false,43,3,7,0,true,true,true,false,2023-01-26 19:29:08 UTC,119,Park Ave & St Edwards St,40.69608941,-73.97803415,71,"KEY, CREDITCARD",43,3
4598,Nassau St & Duffield St,4781.05,40.698477,-73.98384,71,"KEY, CREDITCARD",53,false,45,1,7,0,true,true,true,false,2023-01-26 19:31:23 UTC,4598,Nassau St & Duffield St,40.698477,-73.98384,71,"KEY, CREDITCARD",45,1
3381,3 St & Hoyt St,4110.10,40.6777287,-73.99364123,71,"KEY, CREDITCARD",53,false,45,0,8,0,true,true,true,false,2023-01-26 17:50:16 UTC,3381,3 St & Hoyt St,40.6777287,-73.99364123,71,"KEY, CREDITCARD",45,0
3739,Perry St & Greenwich Ave,5955.12,40.735918,-74.000939,71,"KEY, CREDITCARD",53,false,25,0,27,0,true,true,true,false,2023-01-26 19:27:27 UTC,3739,Perry St & Greenwich Ave,40.735918,-74.000939,71,"KEY, CREDITCARD",25,0
4121,1 Ave & E 39 St,6303.01,40.74714,-73.97113,71,"KEY, CREDITCARD",53,false,1,7,44,0,true,true,true,false,2023-01-26 19:31:18 UTC,4121,1 Ave & E 39 St,40.74714,-73.97113,71,"KEY, CREDITCARD",1,7
4122,Central Park W & W 97 St,7538.18,40.792495194951108,-73.964170664630714,71,"KEY, CREDITCARD",53,false,0,3,48,0,true,true,true,false,2023-01-26 18:21:57 UTC,4122,Central Park W & W 97 St,40.792495194951108,-73.964170664630714,71,"KEY, CREDITCARD",0,3
259,South St & Whitehall St,4846.01,40.70122128,-74.01234218,71,"KEY, CREDITCARD",54,false,50,3,0,0,true,true,true,false,2023-01-26 19:30:26 UTC,259,South St & Whitehall St,40.70122128,-74.01234218,71,"KEY, CREDITCARD",50,3
3016,Kent Ave & N 7 St,5489.03,40.720367752984551,-73.961650729179382,71,"KEY, CREDITCARD",54,false,50,4,0,0,true,true,true,false,2023-01-26 19:11:18 UTC,3016,Kent Ave & N 7 St,40.720367752984551,-73.961650729179382,71,"KEY, CREDITCARD",50,4
4625,Bridge St & York St,4853.06,40.701334480669921,-73.984712362289429,71,"KEY, CREDITCARD",54,false,53,0,0,0,true,true,true,false,2023-01-26 18:24:11 UTC,4625,Bridge St & York St,40.701334480669921,-73.984712362289429,71,"KEY, CREDITCARD",53,0
320,Leonard St & Church St,5359.11,40.717571,-74.005549,71,"KEY, CREDITCARD",54,false,49,3,1,0,true,true,true,false,2023-01-26 19:28:22 UTC,320,Leonard St & Church St,40.717571,-74.005549,71,"KEY, CREDITCARD",49,3
3105,N 15 St & Wythe Ave,5520.09,40.724055,-73.955736,71,"KEY, CREDITCARD",54,false,51,2,1,0,true,true,true,false,2023-01-26 18:34:10 UTC,3105,N 15 St & Wythe Ave,40.724055,-73.955736,71,"KEY, CREDITCARD",51,2
4425,India St Pier,5794.05,40.731734785883454,-73.9612390102593,71,"KEY, CREDITCARD",54,false,52,0,2,0,true,true,true,false,2023-01-26 19:29:54 UTC,4425,India St Pier,40.731734785883454,-73.9612390102593,71,"KEY, CREDITCARD",52,0
4640,Broadway & E 21 St,6098.10,40.739888408589962,-73.989585936069489,71,"KEY, CREDITCARD",54,false,41,5,6,0,true,true,true,false,2023-01-26 19:32:50 UTC,4640,Broadway & E 21 St,40.739888408589962,-73.989585936069489,71,"KEY, CREDITCARD",41,5
4336,E 13 St & 2 Ave,5820.08,40.731539374640732,-73.9853024482727,71,"KEY, CREDITCARD",54,false,26,2,23,0,true,true,true,false,2023-01-26 19:31:35 UTC,4336,E 13 St & 2 Ave,40.731539374640732,-73.9853024482727,71,"KEY, CREDITCARD",26,2
4977,W 47 St & 9 Ave,6786.02,40.761530451581137,-73.990070074796677,71,"KEY, CREDITCARD",54,false,9,8,35,0,true,true,true,false,2023-01-26 19:31:43 UTC,4977,W 47 St & 9 Ave,40.761530451581137,-73.990070074796677,71,"KEY, CREDITCARD",9,8
540,Lexington Ave & E 29 St,6164.09,40.743115553764859,-73.982153534889221,71,"KEY, CREDITCARD",54,false,6,0,47,0,true,true,true,false,2023-01-26 19:32:29 UTC,540,Lexington Ave & E 29 St,40.743115553764859,-73.982153534889221,71,"KEY, CREDITCARD",6,0
2003,1 Ave & E 18 St,5854.09,40.733812191966322,-73.980544209480286,71,"KEY, CREDITCARD",54,false,1,3,49,0,true,true,true,false,2023-01-26 19:30:16 UTC,2003,1 Ave & E 18 St,40.733812191966322,-73.980544209480286,71,"KEY, CREDITCARD",1,3
504,1 Ave & E 16 St,5779.08,40.73221853,-73.98165557,71,"KEY, CREDITCARD",54,false,1,1,51,0,true,true,true,false,2023-01-26 19:26:37 UTC,504,1 Ave & E 16 St,40.73221853,-73.98165557,71,"KEY, CREDITCARD",1,1
4216,10 Ave & W 14 St,6157.04,40.741981599940232,-74.008315801620483,71,"KEY, CREDITCARD",55,false,53,2,0,0,true,true,true,false,2023-01-26 19:20:06 UTC,4216,10 Ave & W 14 St,40.741981599940232,-74.008315801620483,71,"KEY, CREDITCARD",53,2
4218,Spruce St & Gold St,5137.13,40.7103231,-74.0043228,71,"KEY, CREDITCARD",55,false,53,0,1,0,true,true,true,false,2023-01-26 19:29:37 UTC,4218,Spruce St & Gold St,40.7103231,-74.0043228,71,"KEY, CREDITCARD",53,0
146,Hudson St & Reade St,5359.10,40.71625008,-74.0091059,71,"KEY, CREDITCARD",55,false,47,3,3,0,true,true,true,false,2023-01-26 19:33:03 UTC,146,Hudson St & Reade St,40.71625008,-74.0091059,71,"KEY, CREDITCARD",47,3
3798,W 40 St & 5 Ave,6474.02,40.752269,-73.982079,71,"KEY, CREDITCARD",55,false,43,1,8,0,true,true,true,false,2023-01-26 19:33:07 UTC,3798,W 40 St & 5 Ave,40.752269,-73.982079,71,"KEY, CREDITCARD",43,1
313,Washington Ave & Park Ave,4724.03,40.69610226,-73.96751037,71,"KEY, CREDITCARD",55,false,43,1,11,0,true,true,true,false,2023-01-26 19:31:07 UTC,313,Washington Ave & Park Ave,40.69610226,-73.96751037,71,"KEY, CREDITCARD",43,1
3785,W 42 St & 6 Ave,6517.08,40.75492,-73.98455,71,"KEY, CREDITCARD",55,false,36,2,16,0,true,true,true,false,2023-01-26 19:31:14 UTC,3785,W 42 St & 6 Ave,40.75492,-73.98455,71,"KEY, CREDITCARD",36,2
465,Broadway & W 41 St,6560.01,40.75513557,-73.98658032,71,"KEY, CREDITCARD",55,false,32,0,19,0,true,true,true,false,2023-01-26 19:30:47 UTC,465,Broadway & W 41 St,40.75513557,-73.98658032,71,"KEY, CREDITCARD",32,0
472,E 32 St & Park Ave,6280.12,40.7457121,-73.98194829,71,"KEY, CREDITCARD",55,false,22,0,31,0,true,true,true,false,2023-01-26 19:31:47 UTC,472,E 32 St & Park Ave,40.7457121,-73.98194829,71,"KEY, CREDITCARD",22,0
4235,W 50 St & 10 Ave,6890.06,40.764734200065192,-73.991943597793579,71,"KEY, CREDITCARD",55,false,16,2,32,0,true,true,true,false,2023-01-26 19:26:00 UTC,4235,W 50 St & 10 Ave,40.764734200065192,-73.991943597793579,71,"KEY, CREDITCARD",16,2
478,11 Ave & W 41 St,6726.01,40.76030096,-73.99884222,71,"KEY, CREDITCARD",55,false,4,2,45,1,true,true,true,false,2023-01-26 19:28:42 UTC,478,11 Ave & W 41 St,40.76030096,-73.99884222,71,"KEY, CREDITCARD",4,2
3725,2 Ave & E 72 St,6925.09,40.7687620293096,-73.958407938480377,71,"KEY, CREDITCARD",55,false,4,2,45,0,true,true,true,false,2023-01-26 19:29:46 UTC,3725,2 Ave & E 72 St,40.7687620293096,-73.958407938480377,71,"KEY, CREDITCARD",4,2
302,Avenue D & E 3 St,5436.09,40.72082834,-73.97793172,71,"KEY, CREDITCARD",55,false,3,1,49,0,true,true,true,false,2023-01-26 19:27:12 UTC,302,Avenue D & E 3 St,40.72082834,-73.97793172,71,"KEY, CREDITCARD",3,1
72,W 52 St & 11 Ave,6926.01,40.76727216,-73.99392888,71,"KEY, CREDITCARD",55,false,3,1,51,0,true,true,true,false,2023-01-26 19:02:21 UTC,72,W 52 St & 11 Ave,40.76727216,-73.99392888,71,"KEY, CREDITCARD",3,1
3167,Amsterdam Ave & W 73 St,7260.09,40.779668090073123,-73.980930447578416,71,"KEY, CREDITCARD",55,false,3,0,51,0,true,true,true,false,2023-01-26 19:24:12 UTC,3167,Amsterdam Ave & W 73 St,40.779668090073123,-73.980930447578416,71,"KEY, CREDITCARD",3,0
393,E 5 St & Avenue C,5545.04,40.72299208,-73.97995466,71,"KEY, CREDITCARD",55,false,0,1,53,0,true,true,true,false,2023-01-26 19:30:44 UTC,393,E 5 St & Avenue C,40.72299208,-73.97995466,71,"KEY, CREDITCARD",0,1
128,MacDougal St & Prince St,5687.04,40.72710258,-74.00297088,71,"KEY, CREDITCARD",56,false,52,2,1,0,true,true,true,false,2023-01-26 19:16:50 UTC,128,MacDougal St & Prince St,40.72710258,-74.00297088,71,"KEY, CREDITCARD",52,2
3735,W 30 St & 10 Ave,6459.07,40.752694,-74.002353,71,"KEY, CREDITCARD",56,false,51,2,1,0,true,true,true,false,2023-01-26 19:31:51 UTC,3735,W 30 St & 10 Ave,40.752694,-74.002353,71,"KEY, CREDITCARD",51,2
474,5 Ave & E 29 St,6248.06,40.7451677,-73.98683077,71,"KEY, CREDITCARD",56,false,34,0,20,0,true,true,true,false,2023-01-26 19:32:51 UTC,474,5 Ave & E 29 St,40.7451677,-73.98683077,71,"KEY, CREDITCARD",34,0
3464,W 37 St & Broadway,6441.06,40.752270938374089,-73.987705707550049,71,"KEY, CREDITCARD",56,false,20,2,34,0,true,true,true,false,2023-01-26 19:32:40 UTC,3464,W 37 St & Broadway,40.752270938374089,-73.987705707550049,71,"KEY, CREDITCARD",20,2
245,Myrtle Ave & St Edwards St,4659.02,40.69327018,-73.97703874,71,"KEY, CREDITCARD",56,false,17,1,37,0,true,true,true,false,2023-01-26 19:24:36 UTC,245,Myrtle Ave & St Edwards St,40.69327018,-73.97703874,71,"KEY, CREDITCARD",17,1
379,W 31 St & 7 Ave,6331.01,40.749156,-73.9916,71,"KEY, CREDITCARD",56,false,13,4,38,0,true,true,true,false,2023-01-26 19:33:03 UTC,379,W 31 St & 7 Ave,40.749156,-73.9916,71,"KEY, CREDITCARD",13,4
4233,2 Ave & E 29 St,6122.09,40.741723510974722,-73.978092670440674,71,"KEY, CREDITCARD",56,false,10,1,44,0,true,true,true,false,2023-01-26 19:28:13 UTC,4233,2 Ave & E 29 St,40.741723510974722,-73.978092670440674,71,"KEY, CREDITCARD",10,1
461,E 20 St & 2 Ave,5971.08,40.73587678,-73.98205027,71,"KEY, CREDITCARD",56,false,6,1,48,0,true,true,true,false,2023-01-26 19:31:36 UTC,461,E 20 St & 2 Ave,40.73587678,-73.98205027,71,"KEY, CREDITCARD",6,1
2002,Wythe Ave & Metropolitan Ave,5348.02,40.716887,-73.963198,71,"KEY, CREDITCARD",57,false,49,7,0,0,true,true,true,false,2023-01-26 19:32:29 UTC,2002,Wythe Ave & Metropolitan Ave,40.716887,-73.963198,71,"KEY, CREDITCARD",49,7
336,Sullivan St & Washington Sq,5721.01,40.73047747,-73.99906065,71,"KEY, CREDITCARD",57,false,54,1,1,1,true,true,true,false,2023-01-26 19:30:04 UTC,336,Sullivan St & Washington Sq,40.73047747,-73.99906065,71,"KEY, CREDITCARD",54,1
360,William St & Pine St,5065.12,40.70717936,-74.00887308,71,"KEY, CREDITCARD",57,false,53,1,2,0,true,true,true,false,2023-01-26 19:30:24 UTC,360,William St & Pine St,40.70717936,-74.00887308,71,"KEY, CREDITCARD",53,1
4282,Washington St & Barrow St,5847.08,40.731911323231742,-74.008769094944,71,"KEY, CREDITCARD",57,false,53,2,2,0,true,true,true,false,2023-01-26 19:32:18 UTC,4282,Washington St & Barrow St,40.731911323231742,-74.008769094944,71,"KEY, CREDITCARD",53,2
4682,W 34 St & Hudson Blvd E,6535.04,40.755167190721387,-74.000599086284637,71,"KEY, CREDITCARD",57,false,39,7,6,0,true,true,true,false,2023-01-26 19:32:30 UTC,4682,W 34 St & Hudson Blvd E,40.755167190721387,-74.000599086284637,71,"KEY, CREDITCARD",39,7
367,E 53 St & Lexington Ave,6617.09,40.75828065,-73.97069431,71,"KEY, CREDITCARD",57,false,44,2,9,0,true,true,true,false,2023-01-26 19:33:03 UTC,367,E 53 St & Lexington Ave,40.75828065,-73.97069431,71,"KEY, CREDITCARD",44,2
362,Broadway & W 37 St,6441.02,40.75172632,-73.98753523,71,"KEY, CREDITCARD",57,false,21,0,36,0,true,true,true,false,2023-01-26 19:31:12 UTC,362,Broadway & W 37 St,40.75172632,-73.98753523,71,"KEY, CREDITCARD",21,0
383,Greenwich Ave & Charles St,5914.08,40.735238,-74.000271,71,"KEY, CREDITCARD",57,false,17,1,38,0,true,true,true,false,2023-01-26 19:13:38 UTC,383,Greenwich Ave & Charles St,40.735238,-74.000271,71,"KEY, CREDITCARD",17,1
4651,8 Ave & W 49 St,6747.07,40.76171227910671,-73.986551016569138,71,"KEY, CREDITCARD",57,false,5,3,47,0,true,true,true,false,2023-01-26 19:27:14 UTC,4651,8 Ave & W 49 St,40.76171227910671,-73.986551016569138,71,"KEY, CREDITCARD",5,3
3140,1 Ave & E 78 St,7020.09,40.77140426,-73.9535166,71,"KEY, CREDITCARD",57,false,1,1,53,0,true,true,true,false,2023-01-26 19:31:24 UTC,3140,1 Ave & E 78 St,40.77140426,-73.9535166,71,"KEY, CREDITCARD",1,1
3898,E 63 St & 3 Ave,6830.02,40.763954,-73.9646,71,"KEY, CREDITCARD",57,false,0,2,54,0,true,true,true,false,2023-01-26 19:15:22 UTC,3898,E 63 St & 3 Ave,40.763954,-73.9646,71,"KEY, CREDITCARD",0,2
144,Nassau St & Navy St,4812.02,40.69839895,-73.98068914,71,"KEY, CREDITCARD",58,false,57,0,1,0,true,true,true,false,2023-01-26 19:26:17 UTC,144,Nassau St & Navy St,40.69839895,-73.98068914,71,"KEY, CREDITCARD",57,0
453,W 22 St & 8 Ave,6224.03,40.74475148,-73.99915362,71,"KEY, CREDITCARD",58,false,26,3,28,0,true,true,true,false,2023-01-26 19:28:50 UTC,453,W 22 St & 8 Ave,40.74475148,-73.99915362,71,"KEY, CREDITCARD",26,3
3359,E 68 St & Madison Ave,6932.15,40.7691572,-73.96703464,71,"KEY, CREDITCARD",58,false,12,0,42,0,true,true,true,false,2023-01-26 19:23:21 UTC,3359,E 68 St & Madison Ave,40.7691572,-73.96703464,71,"KEY, CREDITCARD",12,0
3331,Riverside Dr & W 104 St,7623.13,40.8013434,-73.9711457439,71,"KEY, CREDITCARD",58,false,0,1,55,0,true,true,true,false,2023-01-26 16:53:16 UTC,3331,Riverside Dr & W 104 St,40.8013434,-73.9711457439,71,"KEY, CREDITCARD",0,1
4602,Adams St & Prospect St,4821.10,40.700763083261513,-73.988698124885559,71,"KEY, CREDITCARD",59,false,57,2,0,0,true,true,true,false,2023-01-26 19:01:38 UTC,4602,Adams St & Prospect St,40.700763083261513,-73.988698124885559,71,"KEY, CREDITCARD",57,2
4426,E 9 St & 5 Ave,5872.10,40.732758870450873,-73.995816707611084,71,"KEY, CREDITCARD",59,false,54,1,2,0,true,true,true,false,2023-01-26 19:29:29 UTC,4426,E 9 St & 5 Ave,40.732758870450873,-73.995816707611084,71,"KEY, CREDITCARD",54,1
2012,E 27 St & 1 Ave,6004.06,40.739445,-73.976806,71,"KEY, CREDITCARD",59,false,51,4,4,0,true,true,true,false,2023-01-26 19:32:26 UTC,2012,E 27 St & 1 Ave,40.739445,-73.976806,71,"KEY, CREDITCARD",51,4
4693,7 Ave S & Bleecker St,5805.07,40.732138962873812,-74.003638029098511,71,"KEY, CREDITCARD",59,false,52,1,5,0,true,true,true,false,2023-01-26 19:30:56 UTC,4693,7 Ave S & Bleecker St,40.732138962873812,-74.003638029098511,71,"KEY, CREDITCARD",52,1
3443,W 52 St & 6 Ave,6740.01,40.76132983124814,-73.979820013046265,71,"KEY, CREDITCARD",59,false,49,0,6,0,true,true,true,false,2023-01-26 19:23:14 UTC,3443,W 52 St & 6 Ave,40.76132983124814,-73.979820013046265,71,"KEY, CREDITCARD",49,0
83,Atlantic Ave & Fort Greene Pl,4354.07,40.68382604,-73.97632328,71,"KEY, CREDITCARD",59,false,42,0,17,0,true,true,true,false,2023-01-26 19:25:11 UTC,83,Atlantic Ave & Fort Greene Pl,40.68382604,-73.97632328,71,"KEY, CREDITCARD",42,0
311,Norfolk St & Broome St,5374.01,40.7172274,-73.98802084,71,"KEY, CREDITCARD",59,false,31,4,24,0,true,true,true,false,2023-01-26 19:31:06 UTC,311,Norfolk St & Broome St,40.7172274,-73.98802084,71,"KEY, CREDITCARD",31,4
4982,Schermerhorn St & Court St,4565.07,40.6910363748993,-73.992010653018951,71,"KEY, CREDITCARD",59,false,18,0,41,0,true,true,true,false,2023-01-26 19:25:19 UTC,4982,Schermerhorn St & Court St,40.6910363748993,-73.992010653018951,71,"KEY, CREDITCARD",18,0
428,E 3 St & 1 Ave,5553.03,40.72467721,-73.98783413,71,"KEY, CREDITCARD",59,false,9,0,49,0,true,true,true,false,2023-01-26 18:56:50 UTC,428,E 3 St & 1 Ave,40.72467721,-73.98783413,71,"KEY, CREDITCARD",9,0
3323,W 106 St & Central Park West,7606.01,40.7981856,-73.9605909006,71,"KEY, CREDITCARD",59,false,2,1,54,0,true,true,true,false,2023-01-26 19:32:16 UTC,3323,W 106 St & Central Park West,40.7981856,-73.9605909006,71,"KEY, CREDITCARD",2,1
4236,W 54 St & 11 Ave,6955.05,40.768333,-73.992573,71,"KEY, CREDITCARD",59,false,2,2,54,0,true,true,true,false,2023-01-26 19:18:29 UTC,4236,W 54 St & 11 Ave,40.768333,-73.992573,71,"KEY, CREDITCARD",2,2
3161,W 76 St & Columbus Ave,7281.09,40.7801839724239,-73.977285325527191,71,"KEY, CREDITCARD",59,false,1,1,57,0,true,true,true,false,2023-01-26 19:20:58 UTC,3161,W 76 St & Columbus Ave,40.7801839724239,-73.977285325527191,71,"KEY, CREDITCARD",1,1
3437,Riverside Dr & W 91 St,7524.16,40.793134809866629,-73.977003693580627,71,"KEY, CREDITCARD",59,false,0,0,59,0,true,true,true,false,2023-01-26 19:26:32 UTC,3437,Riverside Dr & W 91 St,40.793134809866629,-73.977003693580627,71,"KEY, CREDITCARD",0,0
212,W 16 St & The High Line,6233.05,40.74334935,-74.00681753,71,"KEY, CREDITCARD",60,false,52,3,1,0,true,true,true,false,2023-01-26 19:32:02 UTC,212,W 16 St & The High Line,40.74334935,-74.00681753,71,"KEY, CREDITCARD",52,3
250,Lafayette St & Jersey St,5561.06,40.72456089,-73.99565293,71,"KEY, CREDITCARD",60,false,57,1,2,0,true,true,true,false,2023-01-26 19:26:46 UTC,250,Lafayette St & Jersey St,40.72456089,-73.99565293,71,"KEY, CREDITCARD",57,1
380,W 4 St & 7 Ave S,5880.02,40.73401143,-74.00293877,71,"KEY, CREDITCARD",60,false,52,1,6,0,true,true,true,false,2023-01-26 19:23:18 UTC,380,W 4 St & 7 Ave S,40.73401143,-74.00293877,71,"KEY, CREDITCARD",52,1
3812,University Pl & E 14 St,5905.14,40.734814,-73.992085,71,"KEY, CREDITCARD",61,false,55,3,0,0,true,true,true,false,2023-01-26 19:31:13 UTC,3812,University Pl & E 14 St,40.734814,-73.992085,71,"KEY, CREDITCARD",55,3
4058,Madison Av & E 51 St,6659.09,40.75863,-73.975130000000007,71,"KEY, CREDITCARD",61,false,54,1,3,0,true,true,true,false,2023-01-26 19:31:39 UTC,4058,Madison Av & E 51 St,40.75863,-73.975130000000007,71,"KEY, CREDITCARD",54,1
509,9 Ave & W 22 St,6266.06,40.7454973,-74.00197139,71,"KEY, CREDITCARD",61,false,26,3,30,0,true,true,true,false,2023-01-26 19:32:20 UTC,509,9 Ave & W 22 St,40.7454973,-74.00197139,71,"KEY, CREDITCARD",26,3
3714,Division Ave & Hooper St,5045.05,40.706842031013252,-73.9544353965357,71,"KEY, CREDITCARD",61,false,15,1,45,0,true,true,true,false,2023-01-26 19:31:07 UTC,3714,Division Ave & Hooper St,40.706842031013252,-73.9544353965357,71,"KEY, CREDITCARD",15,1
349,Rivington St & Ridge St,5406.02,40.71850211,-73.98329859,71,"KEY, CREDITCARD",61,false,3,2,56,0,true,true,true,false,2023-01-26 19:28:49 UTC,349,Rivington St & Ridge St,40.71850211,-73.98329859,71,"KEY, CREDITCARD",3,2
326,E 11 St & 1 Ave,5746.14,40.72953837,-73.98426726,71,"KEY, CREDITCARD",61,false,0,0,61,0,true,true,true,false,2023-01-26 18:53:35 UTC,326,E 11 St & 1 Ave,40.72953837,-73.98426726,71,"KEY, CREDITCARD",0,0
3141,1 Ave & E 68 St,6822.09,40.76500525,-73.95818491,71,"KEY, CREDITCARD",62,false,31,4,0,56,true,true,true,false,2023-01-26 19:28:41 UTC,3141,1 Ave & E 68 St,40.76500525,-73.95818491,71,"KEY, CREDITCARD",31,4
3233,E 48 St & 5 Ave,6626.01,40.757245679117261,-73.978059142827988,71,"KEY, CREDITCARD",62,false,39,2,4,16,true,true,true,false,2023-01-26 19:33:13 UTC,3233,E 48 St & 5 Ave,40.757245679117261,-73.978059142827988,71,"KEY, CREDITCARD",39,2
239,Willoughby St & Fleet St,4628.05,40.69196566,-73.9813018,71,"KEY, CREDITCARD",62,false,52,2,7,0,true,true,true,false,2023-01-26 19:30:20 UTC,239,Willoughby St & Fleet St,40.69196566,-73.9813018,71,"KEY, CREDITCARD",52,2
4676,E 41 St & Madison Ave (SE corner),6432.10,40.752049,-73.979635,71,"KEY, CREDITCARD",62,false,40,0,16,0,true,true,true,false,2023-01-26 19:32:47 UTC,4676,E 41 St & Madison Ave (SE corner),40.752049,-73.979635,71,"KEY, CREDITCARD",40,0
153,E 40 St & 5 Ave,6474.11,40.752062307,-73.9816324043,71,"KEY, CREDITCARD",63,false,54,3,2,0,true,true,true,false,2023-01-26 19:26:23 UTC,153,E 40 St & 5 Ave,40.752062307,-73.9816324043,71,"KEY, CREDITCARD",54,3
368,Carmine St & 6 Ave,5763.03,40.73038599,-74.00214988,71,"KEY, CREDITCARD",63,false,59,1,2,0,true,true,true,false,2023-01-26 19:23:09 UTC,368,Carmine St & 6 Ave,40.73038599,-74.00214988,71,"KEY, CREDITCARD",59,1
4300,Bleecker St & Crosby St,5679.08,40.726156049804082,-73.995101898908615,71,"KEY, CREDITCARD",63,false,59,0,2,0,true,true,true,false,2023-01-26 19:26:39 UTC,4300,Bleecker St & Crosby St,40.726156049804082,-73.995101898908615,71,"KEY, CREDITCARD",59,0
4339,Forsyth St & Grand St,5382.07,40.717798177378349,-73.99316132068634,71,"KEY, CREDITCARD",63,false,53,1,8,0,true,true,true,false,2023-01-26 19:32:06 UTC,4339,Forsyth St & Grand St,40.717798177378349,-73.99316132068634,71,"KEY, CREDITCARD",53,1
354,Emerson Pl & Myrtle Ave,4683.02,40.69363137,-73.96223558,71,"KEY, CREDITCARD",63,false,13,1,47,0,true,true,true,false,2023-01-26 19:23:36 UTC,354,Emerson Pl & Myrtle Ave,40.69363137,-73.96223558,71,"KEY, CREDITCARD",13,1
3177,W 84 St & Broadway,7409.08,40.7867947,-73.977112,71,"KEY, CREDITCARD",63,false,0,1,61,0,true,true,true,false,2023-01-26 19:19:07 UTC,3177,W 84 St & Broadway,40.7867947,-73.977112,71,"KEY, CREDITCARD",0,1
4504,Plaza St East & Flatbush Ave,4010.01,40.673134,-73.969106,71,"KEY, CREDITCARD",63,false,0,0,62,0,true,true,true,false,2023-01-26 19:32:35 UTC,4504,Plaza St East & Flatbush Ave,40.673134,-73.969106,71,"KEY, CREDITCARD",0,0
294,Washington Square E,5755.09,40.73049393,-73.9957214,71,"KEY, CREDITCARD",64,false,59,3,1,0,true,true,true,false,2023-01-26 19:31:09 UTC,294,Washington Square E,40.73049393,-73.9957214,71,"KEY, CREDITCARD",59,3
473,Rivington St & Chrystie St,5453.01,40.72110063,-73.9919254,71,"KEY, CREDITCARD",64,false,49,1,11,0,true,true,true,false,2023-01-26 19:20:26 UTC,473,Rivington St & Chrystie St,40.72110063,-73.9919254,71,"KEY, CREDITCARD",49,1
4478,1 Ave & E 6 St,5626.15,40.72633085971696,-73.986168801784515,71,"KEY, CREDITCARD",64,false,11,2,51,0,true,true,true,false,2023-01-26 19:32:13 UTC,4478,1 Ave & E 6 St,40.72633085971696,-73.986168801784515,71,"KEY, CREDITCARD",11,2
3783,Cliff St & Fulton St,5065.14,40.70838,-74.00495,71,"KEY, CREDITCARD",65,false,65,0,0,0,true,true,true,false,2023-01-26 19:07:01 UTC,3783,Cliff St & Fulton St,40.70838,-74.00495,71,"KEY, CREDITCARD",65,0
496,E 16 St & 5 Ave,6022.04,40.73726186,-73.99238967,71,"KEY, CREDITCARD",65,false,53,6,3,0,true,true,true,false,2023-01-26 19:32:59 UTC,496,E 16 St & 5 Ave,40.73726186,-73.99238967,71,"KEY, CREDITCARD",53,6
2021,W 45 St & 8 Ave,6676.02,40.75929124,-73.98859651,71,"KEY, CREDITCARD",65,false,3,1,58,1,true,true,true,false,2023-01-26 19:29:07 UTC,2021,W 45 St & 8 Ave,40.75929124,-73.98859651,71,"KEY, CREDITCARD",3,1
476,E 31 St & 3 Ave,6239.08,40.74394314,-73.97966069,71,"KEY, CREDITCARD",65,false,2,1,61,0,true,true,true,false,2023-01-26 19:33:02 UTC,476,E 31 St & 3 Ave,40.74394314,-73.97966069,71,"KEY, CREDITCARD",2,1
4749,N Moore St & Hudson St,5470.02,40.719961181171378,-74.008443206548691,71,"KEY, CREDITCARD",66,false,63,2,0,0,true,true,true,false,2023-01-26 19:31:40 UTC,4749,N Moore St & Hudson St,40.719961181171378,-74.008443206548691,71,"KEY, CREDITCARD",63,2
3467,W Broadway & Spring St,5569.06,40.724946723594158,-74.00165855884552,71,"KEY, CREDITCARD",66,false,65,0,1,0,true,true,true,false,2023-01-26 19:30:29 UTC,3467,W Broadway & Spring St,40.724946723594158,-74.00165855884552,71,"KEY, CREDITCARD",65,0
3457,E 58 St & Madison Ave,6839.04,40.763025942805193,-73.972095251083374,71,"KEY, CREDITCARD",66,false,58,3,2,0,true,true,true,false,2023-01-26 19:23:32 UTC,3457,E 58 St & Madison Ave,40.763025942805193,-73.972095251083374,71,"KEY, CREDITCARD",58,3
497,E 17 St & Broadway,5980.07,40.73704984,-73.99009296,71,"KEY, CREDITCARD",66,false,54,2,9,0,true,false,false,false,2023-01-24 00:49:09 UTC,497,E 17 St & Broadway,40.73704984,-73.99009296,71,"KEY, CREDITCARD",54,2
531,Forsyth St & Broome St,5453.05,40.71893904,-73.99266288,71,"KEY, CREDITCARD",66,false,27,2,37,0,true,true,true,false,2023-01-26 19:24:57 UTC,531,Forsyth St & Broome St,40.71893904,-73.99266288,71,"KEY, CREDITCARD",27,2
494,W 26 St & 8 Ave,6297.02,40.74734825,-73.99723551,71,"KEY, CREDITCARD",66,false,8,2,54,0,true,true,true,false,2023-01-26 19:30:50 UTC,494,W 26 St & 8 Ave,40.74734825,-73.99723551,71,"KEY, CREDITCARD",8,2
4713,W 30 St & 8 Ave,6373.07,40.749652684728467,-73.9952078461647,71,"KEY, CREDITCARD",66,false,4,1,61,0,true,true,true,false,2023-01-26 19:07:32 UTC,4713,W 30 St & 8 Ave,40.749652684728467,-73.9952078461647,71,"KEY, CREDITCARD",4,1
3718,E 11 St & Avenue B,5659.11,40.727464206923919,-73.979504182934761,71,"KEY, CREDITCARD",66,false,0,0,66,0,true,true,true,false,2023-01-26 19:29:39 UTC,3718,E 11 St & Avenue B,40.727464206923919,-73.979504182934761,71,"KEY, CREDITCARD",0,0
303,Mercer St & Spring St,5532.01,40.72362738,-73.99949601,71,"KEY, CREDITCARD",67,false,65,0,2,0,true,true,true,false,2023-01-26 19:31:00 UTC,303,Mercer St & Spring St,40.72362738,-73.99949601,71,"KEY, CREDITCARD",65,0
4232,6 Ave & W 45 St,6593.15,40.756951,-73.982631,71,"KEY, CREDITCARD",67,false,48,2,11,0,true,true,true,false,2023-01-26 19:32:57 UTC,4232,6 Ave & W 45 St,40.756951,-73.982631,71,"KEY, CREDITCARD",48,2
450,W 49 St & 8 Ave,6747.06,40.76227205,-73.98788205,71,"KEY, CREDITCARD",67,false,6,6,55,0,true,true,true,false,2023-01-26 19:32:52 UTC,450,W 49 St & 8 Ave,40.76227205,-73.98788205,71,"KEY, CREDITCARD",6,6
3799,6 Ave & W 34 St,6364.10,40.74964,-73.98805,71,"KEY, CREDITCARD",67,false,7,2,55,0,true,true,true,false,2023-01-26 19:25:59 UTC,3799,6 Ave & W 34 St,40.74964,-73.98805,71,"KEY, CREDITCARD",7,2
3164,Columbus Ave & W 72 St,7175.05,40.7770575,-73.97898475,71,"KEY, CREDITCARD",67,false,4,2,58,0,true,true,true,false,2023-01-26 19:32:01 UTC,3164,Columbus Ave & W 72 St,40.7770575,-73.97898475,71,"KEY, CREDITCARD",4,2
317,E 6 St & Avenue B,5584.04,40.72453734,-73.98185424,71,"KEY, CREDITCARD",67,false,2,2,63,0,true,true,true,false,2023-01-26 19:31:33 UTC,317,E 6 St & Avenue B,40.72453734,-73.98185424,71,"KEY, CREDITCARD",2,2
415,Pearl St & Hanover Square,4993.02,40.7047177,-74.00926027,71,"KEY, CREDITCARD",68,false,67,0,1,0,true,true,true,false,2023-01-26 19:31:01 UTC,415,Pearl St & Hanover Square,40.7047177,-74.00926027,71,"KEY, CREDITCARD",67,0
484,W 44 St & 5 Ave,6551.02,40.75500254,-73.98014437,71,"KEY, CREDITCARD",68,false,61,1,2,0,true,true,true,false,2023-01-26 19:32:22 UTC,484,W 44 St & 5 Ave,40.75500254,-73.98014437,71,"KEY, CREDITCARD",61,1
3731,W 47 St & 6 Ave,6667.04,40.758397,-73.98255,71,"KEY, CREDITCARD",68,false,55,2,8,0,true,false,false,false,2023-01-26 19:24:40 UTC,3731,W 47 St & 6 Ave,40.758397,-73.98255,71,"KEY, CREDITCARD",55,2
4280,W 10 St & Washington St,5847.06,40.73342399437081,-74.008514955639839,71,"KEY, CREDITCARD",68,false,53,2,13,0,true,true,true,false,2023-01-26 19:26:31 UTC,4280,W 10 St & Washington St,40.73342399437081,-74.008514955639839,71,"KEY, CREDITCARD",53,2
489,10 Ave & W 28 St,6459.04,40.75066386,-74.00176802,71,"KEY, CREDITCARD",68,false,31,2,34,0,true,true,true,false,2023-01-26 19:28:30 UTC,489,10 Ave & W 28 St,40.75066386,-74.00176802,71,"KEY, CREDITCARD",31,2
4641,Broadway & W 38 St,6560.15,40.7529728216068,-73.987348973751068,71,"KEY, CREDITCARD",68,false,27,1,37,0,true,true,true,false,2023-01-26 19:27:22 UTC,4641,Broadway & W 38 St,40.7529728216068,-73.987348973751068,71,"KEY, CREDITCARD",27,1
3656,E 2 St & Avenue A,5553.10,40.723077490686727,-73.985836207866669,71,"KEY, CREDITCARD",68,false,1,1,65,0,true,true,true,false,2023-01-26 19:29:33 UTC,3656,E 2 St & Avenue A,40.723077490686727,-73.985836207866669,71,"KEY, CREDITCARD",1,1
427,Bus Slip & State St,4889.06,40.701907,-74.013942,71,"KEY, CREDITCARD",69,false,64,3,2,0,true,true,true,false,2023-01-26 19:30:20 UTC,427,Bus Slip & State St,40.701907,-74.013942,71,"KEY, CREDITCARD",64,3
168,W 18 St & 6 Ave,6064.08,40.73971301,-73.99456405,71,"KEY, CREDITCARD",69,false,60,4,3,0,true,true,true,false,2023-01-26 19:32:57 UTC,168,W 18 St & 6 Ave,40.73971301,-73.99456405,71,"KEY, CREDITCARD",60,4
4111,E 27 St & Park Ave S,6131.13,40.742751796489948,-73.9847157150507,71,"KEY, CREDITCARD",69,false,47,2,17,0,true,true,true,false,2023-01-26 19:30:14 UTC,4111,E 27 St & Park Ave S,40.742751796489948,-73.9847157150507,71,"KEY, CREDITCARD",47,2
438,St Marks Pl & 1 Ave,5626.13,40.72779126,-73.98564945,71,"KEY, CREDITCARD",69,false,19,1,49,0,true,true,true,false,2023-01-26 19:32:14 UTC,438,St Marks Pl & 1 Ave,40.72779126,-73.98564945,71,"KEY, CREDITCARD",19,1
350,Clinton St & Grand St,5303.06,40.71559509,-73.9870295,71,"KEY, CREDITCARD",69,false,5,2,61,0,true,true,true,false,2023-01-26 19:31:53 UTC,350,Clinton St & Grand St,40.71559509,-73.9870295,71,"KEY, CREDITCARD",5,2
483,E 12 St & 3 Ave,5788.12,40.73223272,-73.98889957,71,"KEY, CREDITCARD",70,false,65,1,3,0,true,true,true,false,2023-01-26 19:32:33 UTC,483,E 12 St & 3 Ave,40.73223272,-73.98889957,71,"KEY, CREDITCARD",65,1
4642,Broadway & W 48 St,6708.04,40.760177395377831,-73.984867930412292,71,"KEY, CREDITCARD",71,false,47,3,18,0,true,true,true,false,2023-01-26 19:31:31 UTC,4642,Broadway & W 48 St,40.760177395377831,-73.984867930412292,71,"KEY, CREDITCARD",47,3
477,W 41 St & 8 Ave,6602.03,40.75640548,-73.9900262,71,"KEY, CREDITCARD",71,false,16,5,46,0,true,true,true,false,2023-01-26 19:28:12 UTC,477,W 41 St & 8 Ave,40.75640548,-73.9900262,71,"KEY, CREDITCARD",16,5
3746,6 Ave & Broome St,5610.09,40.72431,-74.00473,71,"KEY, CREDITCARD",72,false,69,0,1,0,true,true,true,false,2023-01-26 19:31:30 UTC,3746,6 Ave & Broome St,40.72431,-74.00473,71,"KEY, CREDITCARD",69,0
377,6 Ave & Canal St,5500.07,40.72243797,-74.00566443,71,"KEY, CREDITCARD",73,false,72,1,0,0,true,true,true,false,2023-01-26 16:46:00 UTC,377,6 Ave & Canal St,40.72243797,-74.00566443,71,"KEY, CREDITCARD",72,1
363,West Thames St,5114.06,40.70834698,-74.01713445,71,"KEY, CREDITCARD",73,false,62,1,8,0,true,true,true,false,2023-01-26 19:30:59 UTC,363,West Thames St,40.70834698,-74.01713445,71,"KEY, CREDITCARD",62,1
3641,Broadway & W 25 St,6173.08,40.742868773121117,-73.98918628692627,71,"KEY, CREDITCARD",73,false,55,5,9,0,true,true,true,false,2023-01-26 19:31:30 UTC,3641,Broadway & W 25 St,40.742868773121117,-73.98918628692627,71,"KEY, CREDITCARD",55,5
2006,Central Park S & 6 Ave,6876.04,40.76590936,-73.97634151,71,"KEY, CREDITCARD",73,false,33,0,36,0,true,true,true,false,2023-01-26 19:32:36 UTC,2006,Central Park S & 6 Ave,40.76590936,-73.97634151,71,"KEY, CREDITCARD",33,0
236,St Marks Pl & 2 Ave,5669.10,40.7284186,-73.98713956,71,"KEY, CREDITCARD",73,false,22,1,49,0,true,true,true,false,2023-01-26 19:25:44 UTC,236,St Marks Pl & 2 Ave,40.7284186,-73.98713956,71,"KEY, CREDITCARD",22,1
3296,E 93 St & 2 Ave,7286.02,40.782454175279874,-73.9489196240902,71,"KEY, CREDITCARD",73,false,4,3,65,0,true,true,true,false,2023-01-26 19:28:54 UTC,3296,E 93 St & 2 Ave,40.782454175279874,-73.9489196240902,71,"KEY, CREDITCARD",4,3
3305,E 91 St & 2 Ave,7286.01,40.781152764279163,-73.949630409479141,71,"KEY, CREDITCARD",73,false,1,1,69,0,true,true,true,false,2023-01-26 19:32:11 UTC,3305,E 91 St & 2 Ave,40.781152764279163,-73.949630409479141,71,"KEY, CREDITCARD",1,1
435,W 21 St & 6 Ave,6140.05,40.74173969,-73.99415556,71,"KEY, CREDITCARD",74,false,70,1,1,0,true,true,true,false,2023-01-26 19:30:29 UTC,435,W 21 St & 6 Ave,40.74173969,-73.99415556,71,"KEY, CREDITCARD",70,1
324,DeKalb Ave & Hudson Ave,4513.06,40.689888,-73.981013,71,"KEY, CREDITCARD",74,false,67,5,2,0,true,true,true,false,2023-01-26 19:27:42 UTC,324,DeKalb Ave & Hudson Ave,40.689888,-73.981013,71,"KEY, CREDITCARD",67,5
116,W 17 St & 8 Ave,6148.02,40.74177603,-74.00149746,71,"KEY, CREDITCARD",74,false,66,0,7,0,true,true,true,false,2023-01-26 19:32:24 UTC,116,W 17 St & 8 Ave,40.74177603,-74.00149746,71,"KEY, CREDITCARD",66,0
358,Christopher St & Greenwich St,5847.01,40.73291553,-74.00711384,71,"KEY, CREDITCARD",74,false,46,1,26,0,true,true,true,false,2023-01-26 19:29:52 UTC,358,Christopher St & Greenwich St,40.73291553,-74.00711384,71,"KEY, CREDITCARD",46,1
3709,W 15 St & 6 Ave,5989.02,40.738046142482766,-73.996429592370987,71,"KEY, CREDITCARD",75,false,68,3,3,0,true,true,true,false,2023-01-26 19:33:10 UTC,3709,W 15 St & 6 Ave,40.738046142482766,-73.996429592370987,71,"KEY, CREDITCARD",68,3
522,E 51 St & Lexington Ave,6659.01,40.75714758,-73.97207836,71,"KEY, CREDITCARD",75,false,68,2,4,0,true,true,true,false,2023-01-26 19:06:37 UTC,522,E 51 St & Lexington Ave,40.75714758,-73.97207836,71,"KEY, CREDITCARD",68,2
4040,Madison Ave & E 26 St,6131.12,40.742684734875695,-73.986713290214539,71,"KEY, CREDITCARD",75,false,63,1,10,0,true,true,true,false,2023-01-26 19:31:41 UTC,4040,Madison Ave & E 26 St,40.742684734875695,-73.986713290214539,71,"KEY, CREDITCARD",63,1
4337,E 1 St & 1 Ave,5593.01,40.723355979607959,-73.988649845123291,71,"KEY, CREDITCARD",75,false,14,1,59,0,true,true,true,false,2023-01-26 19:21:31 UTC,4337,E 1 St & 1 Ave,40.723355979607959,-73.988649845123291,71,"KEY, CREDITCARD",14,1
397,Fulton St & Clermont Ave,4386.05,40.68415748,-73.96922273,71,"KEY, CREDITCARD",75,false,9,3,63,0,true,true,true,false,2023-01-26 19:09:34 UTC,397,Fulton St & Clermont Ave,40.68415748,-73.96922273,71,"KEY, CREDITCARD",9,3
3169,Riverside Dr & W 82 St,7388.10,40.78720869,-73.98128127,71,"KEY, CREDITCARD",75,false,0,2,69,1,true,true,true,false,2023-01-26 19:29:37 UTC,3169,Riverside Dr & W 82 St,40.78720869,-73.98128127,71,"KEY, CREDITCARD",0,2
369,Washington Pl & 6 Ave,5838.09,40.73224119,-74.00026394,71,"KEY, CREDITCARD",76,false,70,5,1,0,true,true,true,false,2023-01-26 19:33:09 UTC,369,Washington Pl & 6 Ave,40.73224119,-74.00026394,71,"KEY, CREDITCARD",70,5
3410,Dean St & Hoyt St,4446.05,40.6864442,-73.98759104,71,"KEY, CREDITCARD",77,false,62,1,13,0,true,true,true,false,2023-01-26 19:29:30 UTC,3410,Dean St & Hoyt St,40.6864442,-73.98759104,71,"KEY, CREDITCARD",62,1
3809,W 55 St & 6 Ave,6809.09,40.763189,-73.978434,71,"KEY, CREDITCARD",77,false,55,3,15,0,true,true,true,false,2023-01-26 19:31:43 UTC,3809,W 55 St & 6 Ave,40.763189,-73.978434,71,"KEY, CREDITCARD",55,3
462,W 22 St & 10 Ave,6306.06,40.74691959,-74.00451887,71,"KEY, CREDITCARD",77,false,57,2,16,0,true,true,true,false,2023-01-26 19:31:45 UTC,462,W 22 St & 10 Ave,40.74691959,-74.00451887,71,"KEY, CREDITCARD",57,2
164,E 47 St & 2 Ave,6498.10,40.75323098,-73.97032517,71,"KEY, CREDITCARD",77,false,49,5,21,0,true,true,true,false,2023-01-26 19:30:24 UTC,164,E 47 St & 2 Ave,40.75323098,-73.97032517,71,"KEY, CREDITCARD",49,5
247,Perry St & Bleecker St,5922.07,40.73535398,-74.00483091,71,"KEY, CREDITCARD",77,false,23,0,54,0,true,true,true,false,2023-01-26 19:31:13 UTC,247,Perry St & Bleecker St,40.73535398,-74.00483091,71,"KEY, CREDITCARD",23,0
228,E 48 St & 3 Ave,6541.03,40.7546011026,-73.971878855,71,"KEY, CREDITCARD",78,false,67,2,9,0,true,true,true,false,2023-01-26 19:21:13 UTC,228,E 48 St & 3 Ave,40.7546011026,-73.971878855,71,"KEY, CREDITCARD",67,2
500,Broadway & W 51 St,6779.04,40.76228826,-73.98336183,71,"KEY, CREDITCARD",78,false,58,5,14,0,true,true,true,false,2023-01-26 19:25:27 UTC,500,Broadway & W 51 St,40.76228826,-73.98336183,71,"KEY, CREDITCARD",58,5
297,E 15 St & 3 Ave,5863.07,40.734232,-73.986923,71,"KEY, CREDITCARD",78,false,23,1,53,0,true,true,true,false,2023-01-26 19:29:38 UTC,297,E 15 St & 3 Ave,40.734232,-73.986923,71,"KEY, CREDITCARD",23,1
267,Broadway & W 36 St,6441.01,40.75097711,-73.98765428,71,"KEY, CREDITCARD",78,false,2,2,71,0,true,true,true,false,2023-01-26 19:26:29 UTC,267,Broadway & W 36 St,40.75097711,-73.98765428,71,"KEY, CREDITCARD",2,2
257,Lispenard St & Broadway,5391.06,40.71939226,-74.00247214,71,"KEY, CREDITCARD",79,false,78,1,0,0,true,true,true,false,2023-01-26 19:14:02 UTC,257,Lispenard St & Broadway,40.71939226,-74.00247214,71,"KEY, CREDITCARD",78,1
464,E 56 St & 3 Ave,6691.11,40.75934501,-73.96759673,71,"KEY, CREDITCARD",79,false,75,3,0,0,true,false,false,false,2023-01-26 19:25:57 UTC,464,E 56 St & 3 Ave,40.75934501,-73.96759673,71,"KEY, CREDITCARD",75,3
3244,University Pl & E 8 St,5755.14,40.73143724085228,-73.994903415441513,71,"KEY, CREDITCARD",79,false,77,1,1,0,true,true,true,false,2023-01-26 19:32:26 UTC,3244,University Pl & E 8 St,40.73143724085228,-73.994903415441513,71,"KEY, CREDITCARD",77,1
3463,E 16 St & Irving Pl,5938.11,40.735367055605394,-73.987973928451538,71,"KEY, CREDITCARD",79,false,73,3,1,0,true,true,true,false,2023-01-26 19:29:44 UTC,3463,E 16 St & Irving Pl,40.735367055605394,-73.987973928451538,71,"KEY, CREDITCARD",73,3
3373,3 St & 3 Ave,4028.03,40.6750705,-73.98775226,71,"KEY, CREDITCARD",79,false,76,0,3,0,true,true,true,false,2023-01-26 19:21:04 UTC,3373,3 St & 3 Ave,40.6750705,-73.98775226,71,"KEY, CREDITCARD",76,0
3122,48 Ave & 5 St,6212.04,40.744363287066882,-73.9558732509613,71,"KEY, CREDITCARD",79,false,73,1,5,0,true,true,true,false,2023-01-26 17:22:48 UTC,3122,48 Ave & 5 St,40.744363287066882,-73.9558732509613,71,"KEY, CREDITCARD",73,1
482,W 15 St & 7 Ave,6030.06,40.73935542,-73.99931783,71,"KEY, CREDITCARD",79,false,64,1,13,0,true,true,true,false,2023-01-26 19:27:32 UTC,482,W 15 St & 7 Ave,40.73935542,-73.99931783,71,"KEY, CREDITCARD",64,1
468,Broadway & W 56 St,6847.02,40.7652654,-73.98192338,71,"KEY, CREDITCARD",79,false,46,4,23,0,true,true,true,false,2023-01-26 19:32:21 UTC,468,Broadway & W 56 St,40.7652654,-73.98192338,71,"KEY, CREDITCARD",46,4
361,Allen St & Hester St,5342.10,40.71605866,-73.99190759,71,"KEY, CREDITCARD",79,false,37,1,41,0,true,true,true,false,2023-01-26 19:01:24 UTC,361,Allen St & Hester St,40.71605866,-73.99190759,71,"KEY, CREDITCARD",37,1
537,Lexington Ave & E 24 St,6089.07,40.74025878,-73.98409214,71,"KEY, CREDITCARD",79,false,30,3,44,0,true,true,true,false,2023-01-26 19:31:44 UTC,537,Lexington Ave & E 24 St,40.74025878,-73.98409214,71,"KEY, CREDITCARD",30,3
507,E 25 St & 2 Ave,6046.02,40.73912601,-73.97973776,71,"KEY, CREDITCARD",79,false,22,2,54,0,true,true,true,false,2023-01-26 19:32:52 UTC,507,E 25 St & 2 Ave,40.73912601,-73.97973776,71,"KEY, CREDITCARD",22,2
515,W 43 St & 10 Ave,6756.01,40.76009437,-73.99461843,71,"KEY, CREDITCARD",79,false,4,9,63,0,true,true,true,false,2023-01-26 19:30:43 UTC,515,W 43 St & 10 Ave,40.76009437,-73.99461843,71,"KEY, CREDITCARD",4,9
446,W 24 St & 7 Ave,6257.03,40.74487634,-73.99529885,71,"KEY, CREDITCARD",79,false,11,2,65,0,true,true,true,false,2023-01-26 19:29:00 UTC,446,W 24 St & 7 Ave,40.74487634,-73.99529885,71,"KEY, CREDITCARD",11,2
3178,Riverside Dr & W 78 St,7340.06,40.78414472,-73.98362492,71,"KEY, CREDITCARD",79,false,1,3,69,0,true,true,true,false,2023-01-26 18:41:25 UTC,3178,Riverside Dr & W 78 St,40.78414472,-73.98362492,71,"KEY, CREDITCARD",1,3
457,Broadway & W 58 St,6948.10,40.76695317,-73.98169333,71,"KEY, CREDITCARD",79,false,0,4,74,0,true,true,true,false,2023-01-26 19:32:32 UTC,457,Broadway & W 58 St,40.76695317,-73.98169333,71,"KEY, CREDITCARD",0,4
410,Suffolk St & Stanton St,5445.02,40.72066442,-73.98517977,71,"KEY, CREDITCARD",79,false,3,0,76,0,true,true,true,false,2023-01-26 19:29:58 UTC,410,Suffolk St & Stanton St,40.72066442,-73.98517977,71,"KEY, CREDITCARD",3,0
3372,E 74 St & 1 Ave,6953.08,40.7689738,-73.95482273,71,"KEY, CREDITCARD",79,false,1,1,76,0,true,true,true,false,2023-01-26 19:10:05 UTC,3372,E 74 St & 1 Ave,40.7689738,-73.95482273,71,"KEY, CREDITCARD",1,1
4238,W 44 St & 11 Ave,6756.05,40.762009,-73.996975,71,"KEY, CREDITCARD",79,false,0,1,76,0,true,true,true,false,2023-01-26 19:26:04 UTC,4238,W 44 St & 11 Ave,40.762009,-73.996975,71,"KEY, CREDITCARD",0,1
3173,Riverside Blvd & W 67 St,7183.03,40.777507027547976,-73.988885879516587,71,"KEY, CREDITCARD",79,false,0,1,77,0,true,true,true,false,2023-01-26 19:08:35 UTC,3173,Riverside Blvd & W 67 St,40.777507027547976,-73.988885879516587,71,"KEY, CREDITCARD",0,1
347,Greenwich St & W Houston St,5730.08,40.728846,-74.008591,71,"KEY, CREDITCARD",80,false,75,3,0,0,true,true,true,false,2023-01-26 19:16:26 UTC,347,Greenwich St & W Houston St,40.728846,-74.008591,71,"KEY, CREDITCARD",75,3
525,W 34 St & 11 Ave,6578.01,40.75594159,-74.0021163,71,"KEY, CREDITCARD",80,false,75,2,1,0,true,true,true,false,2023-01-26 19:30:24 UTC,525,W 34 St & 11 Ave,40.75594159,-74.0021163,71,"KEY, CREDITCARD",75,2
510,W 51 St & 6 Ave,6740.10,40.7606597,-73.98042047,71,"KEY, CREDITCARD",80,false,71,2,4,0,true,true,true,false,2023-01-26 19:32:35 UTC,510,W 51 St & 6 Ave,40.7606597,-73.98042047,71,"KEY, CREDITCARD",71,2
4406,E 11 St & 3 Ave,5788.16,40.73127,-73.98849,71,"KEY, CREDITCARD",80,false,68,3,8,0,true,true,true,false,2023-01-26 19:26:00 UTC,4406,E 11 St & 3 Ave,40.73127,-73.98849,71,"KEY, CREDITCARD",68,3
3707,Lexington Ave & E 26 St,6089.08,40.741459,-73.983293,71,"KEY, CREDITCARD",80,false,15,0,65,0,true,true,true,false,2023-01-26 19:27:01 UTC,3707,Lexington Ave & E 26 St,40.741459,-73.983293,71,"KEY, CREDITCARD",15,0
426,West St & Chambers St,5329.03,40.71754834,-74.01322069,71,"KEY, CREDITCARD",81,false,75,2,3,0,true,true,true,false,2023-01-26 19:28:49 UTC,426,West St & Chambers St,40.71754834,-74.01322069,71,"KEY, CREDITCARD",75,2
3724,7 Ave & Central Park South,6912.01,40.7667405590595,-73.9790689945221,71,"KEY, CREDITCARD",81,false,2,2,77,0,true,true,true,false,2023-01-26 19:32:48 UTC,3724,7 Ave & Central Park South,40.7667405590595,-73.9790689945221,71,"KEY, CREDITCARD",2,2
4338,Grand St & Samuel Dickstein Plaza,5335.07,40.715118719964963,-73.98417055606842,71,"KEY, CREDITCARD",81,false,2,1,77,0,true,true,true,false,2023-01-26 19:33:04 UTC,4338,Grand St & Samuel Dickstein Plaza,40.715118719964963,-73.98417055606842,71,"KEY, CREDITCARD",2,1
386,Centre St & Worth St,5279.03,40.71494807,-74.00234482,71,"KEY, CREDITCARD",82,false,75,4,2,0,true,true,true,false,2023-01-26 19:26:03 UTC,386,Centre St & Worth St,40.71494807,-74.00234482,71,"KEY, CREDITCARD",75,4
3687,E 33 St & 1 Ave,6197.08,40.74322681432173,-73.974497839808464,71,"KEY, CREDITCARD",83,false,24,3,52,0,true,true,true,false,2023-01-26 19:30:51 UTC,3687,E 33 St & 1 Ave,40.74322681432173,-73.974497839808464,71,"KEY, CREDITCARD",24,3
403,E 2 St & 2 Ave,5593.02,40.72502876,-73.99069656,71,"KEY, CREDITCARD",84,false,81,1,2,0,true,false,false,false,2023-01-26 19:22:12 UTC,403,E 2 St & 2 Ave,40.72502876,-73.99069656,71,"KEY, CREDITCARD",81,1
434,9 Ave & W 18 St,6190.08,40.74317449,-74.00366443,71,"KEY, CREDITCARD",84,false,79,0,4,0,true,true,true,false,2023-01-26 19:16:39 UTC,434,9 Ave & W 18 St,40.74317449,-74.00366443,71,"KEY, CREDITCARD",79,0
470,W 20 St & 8 Ave,6224.05,40.74345335,-74.00004031,71,"KEY, CREDITCARD",84,false,45,5,34,0,true,true,true,false,2023-01-26 19:21:29 UTC,470,W 20 St & 8 Ave,40.74345335,-74.00004031,71,"KEY, CREDITCARD",45,5
150,E 2 St & Avenue C,5476.03,40.7208736,-73.98085795,71,"KEY, CREDITCARD",84,false,1,0,82,0,true,true,true,false,2023-01-26 19:32:02 UTC,150,E 2 St & Avenue C,40.7208736,-73.98085795,71,"KEY, CREDITCARD",1,0
469,Broadway & W 53 St,6779.05,40.76344058,-73.98268129,71,"KEY, CREDITCARD",85,false,43,6,35,0,true,true,true,false,2023-01-26 19:26:12 UTC,469,Broadway & W 53 St,40.76344058,-73.98268129,71,"KEY, CREDITCARD",43,6
301,E 2 St & Avenue B,5515.02,40.72217444,-73.98368779,71,"KEY, CREDITCARD",85,false,0,0,85,0,true,true,true,false,2023-01-26 19:15:05 UTC,301,E 2 St & Avenue B,40.72217444,-73.98368779,71,"KEY, CREDITCARD",0,0
248,Laight St & Hudson St,5539.06,40.72185379,-74.00771779,71,"KEY, CREDITCARD",87,false,86,1,0,0,true,true,true,false,2023-01-26 19:31:51 UTC,248,Laight St & Hudson St,40.72185379,-74.00771779,71,"KEY, CREDITCARD",86,1
3263,Cooper Square & Astor Pl,5712.03,40.729514962249489,-73.990752696990967,71,"KEY, CREDITCARD",87,false,82,2,3,0,true,true,true,false,2023-01-26 19:32:49 UTC,3263,Cooper Square & Astor Pl,40.729514962249489,-73.990752696990967,71,"KEY, CREDITCARD",82,2
455,1 Ave & E 44 St,6379.03,40.75001986,-73.96905301,71,"KEY, CREDITCARD",87,false,39,1,45,0,true,true,true,false,2023-01-26 19:33:02 UTC,455,1 Ave & E 44 St,40.75001986,-73.96905301,71,"KEY, CREDITCARD",39,1
4675,E 40 St & Park Ave,6432.11,40.750756,-73.978326,71,"KEY, CREDITCARD",87,false,15,3,67,0,true,true,true,false,2023-01-26 19:28:57 UTC,4675,E 40 St & Park Ave,40.750756,-73.978326,71,"KEY, CREDITCARD",15,3
3711,E 13 St & Avenue A,5779.09,40.729667293929779,-73.980679661035538,71,"KEY, CREDITCARD",90,false,1,1,87,0,true,true,true,false,2023-01-26 19:29:24 UTC,3711,E 13 St & Avenue A,40.729667293929779,-73.980679661035538,71,"KEY, CREDITCARD",1,1
293,Lafayette St & E 8 St,5788.13,40.730206605299543,-73.991026282310486,71,"KEY, CREDITCARD",91,false,86,5,0,0,true,false,false,false,2023-01-26 19:33:14 UTC,293,Lafayette St & E 8 St,40.730206605299543,-73.991026282310486,71,"KEY, CREDITCARD",86,5
4248,Old Slip & South St,4993.13,40.70336686695866,-74.007867872715,71,"KEY, CREDITCARD",93,false,92,0,1,0,true,true,true,false,2023-01-26 19:03:04 UTC,4248,Old Slip & South St,40.70336686695866,-74.007867872715,71,"KEY, CREDITCARD",92,0
281,Grand Army Plaza & Central Park S,6839.10,40.7643971,-73.97371465,71,"KEY, CREDITCARD",96,false,53,2,38,0,true,true,true,false,2023-01-26 19:27:51 UTC,281,Grand Army Plaza & Central Park S,40.7643971,-73.97371465,71,"KEY, CREDITCARD",53,2
490,8 Ave & W 33 St,6450.12,40.751551,-73.993934,71,"KEY, CREDITCARD",96,false,2,3,88,0,true,true,true,false,2023-01-26 19:31:29 UTC,490,8 Ave & W 33 St,40.751551,-73.993934,71,"KEY, CREDITCARD",2,3
445,E 10 St & Avenue A,5659.05,40.72740794,-73.98142006,71,"KEY, CREDITCARD",107,false,7,1,99,0,true,true,true,false,2023-01-26 19:32:45 UTC,445,E 10 St & Avenue A,40.72740794,-73.98142006,71,"KEY, CREDITCARD",7,1
359,E 47 St & Park Ave,6584.12,40.75510267,-73.97498696,71,"KEY, CREDITCARD",111,false,101,0,9,0,true,true,true,false,2023-01-26 19:33:08 UTC,359,E 47 St & Park Ave,40.75510267,-73.97498696,71,"KEY, CREDITCARD",101,0
285,Broadway & E 14 St,5905.12,40.73454567,-73.99074142,71,"KEY, CREDITCARD",114,false,88,18,4,0,true,false,false,false,2023-01-26 19:33:14 UTC,285,Broadway & E 14 St,40.73454567,-73.99074142,71,"KEY, CREDITCARD",88,18
422,W 59 St & 10 Ave,7023.04,40.770513,-73.988038,71,"KEY, CREDITCARD",117,false,0,3,111,0,true,true,true,false,2023-01-26 19:30:03 UTC,422,W 59 St & 10 Ave,40.770513,-73.988038,71,"KEY, CREDITCARD",0,3
501,FDR Drive & E 35 St,6230.04,40.744219,-73.97121214,71,"KEY, CREDITCARD",123,false,3,1,118,0,true,true,true,false,2023-01-26 19:30:45 UTC,501,FDR Drive & E 35 St,40.744219,-73.97121214,71,"KEY, CREDITCARD",3,1
